Store,Dept,Avg_Demand,Std_Demand,Max_Demand,Safety_Stock,Reorder_Point,EOQ,Inventory_Health
1,1,22513.322937062938,9854.349032299468,57592.12,16259.67590329412,38772.99884035706,1060.9741499457689,Healthy
1,2,46102.09041958042,3440.6732222835767,65615.36,5677.110816767901,51779.20123634832,1518.2570668299295,Healthy
1,3,13150.478041958042,8708.978852534268,51159.17,14369.815106681543,27520.293148639583,810.8784755423602,High Risk
1,4,36964.154475524476,2930.698313474753,47893.23,4835.652217233342,41799.80669275782,1359.4880373788596,Healthy
1,5,24257.94111888112,11330.286495362407,85676.09,18694.97271734797,42952.91383622909,1101.3160563362617,Healthy
1,6,4801.7801398601405,3317.432691331577,28497.52,5473.763940697102,10275.544080557243,489.98878251752564,High Risk
1,7,24566.487412587412,18808.958464688912,166697.72,31034.781466736706,55601.26887932412,1108.2979611229873,High Risk
1,8,35718.25762237762,2490.7691879567255,42663.75,4109.769160128597,39828.02678250622,1336.3805150924945,Healthy
1,9,28062.05223776224,8422.254592935671,50675.72,13896.720078343857,41958.7723161061,1184.5263238476855,Healthy
1,10,31033.386363636364,3509.190494846424,43718.05,5790.164316496599,36823.55068013296,1245.660193705257,Healthy
1,11,24919.270629370632,6135.18312309653,44553.45,10123.052153109275,35042.32278247991,1116.2273654899038,Healthy
1,12,10566.545314685314,1743.067882318456,15560.17,2876.062005825452,13442.607320510766,726.8612424213205,Healthy
1,13,38692.88048951049,2509.8480519953155,44863.15,4141.249285792271,42834.12977530276,1390.914815679064,Healthy
1,14,15268.550909090907,5667.1358754168305,47983.72,9350.77419443777,24619.325103528678,873.7434093911927,Healthy
1,16,24151.06132867133,15457.022600034059,59543.22,25504.087290056195,49655.14861872753,1098.8871945898572,High Risk
1,17,9196.557902097902,2025.0291960503025,19842.0,3341.298173482999,12537.856075580901,678.1061090308028,Healthy
1,18,7765.304424778761,11435.692634746933,53845.12,18868.892847332438,26634.1972721112,623.1093172461298,High Risk
1,19,1259.0185314685314,394.02726605797733,2600.99,650.1449889956625,1909.1635204641939,250.90023231042764,Healthy
1,20,4091.5715384615382,921.3118931033465,7272.2,1520.1646236205218,5611.73616208206,452.3036335506016,Healthy
1,21,7808.450559440559,1067.2450177573348,13551.98,1760.9542792996024,9569.404838740162,624.8380013827808,Healthy
1,22,8052.076153846153,2567.297147859385,20555.07,4236.040293967985,12288.116447814138,634.5106836707382,Healthy
1,23,21623.184685314685,5973.220675311968,62381.0,9855.814114264747,31478.998799579433,1039.7880718039298,Healthy
1,24,6187.38972027972,2988.1750683678847,17223.95,4930.488862807009,11117.87858308673,556.2099298052724,Healthy
1,25,10152.336783216782,1975.402197301874,17880.04,3259.4136255480917,13411.750408764874,712.4723427339752,Healthy
1,26,6767.9972727272725,1905.108020641594,14479.39,3143.42823405863,9911.425506785903,581.7214656829879,Healthy
1,27,1374.6496503496503,687.9051992287405,5131.93,1135.0435787274216,2509.693229077072,262.16880538592403,Healthy
1,28,593.113986013986,212.43688079693726,1151.63,350.52085331494646,943.6348393289325,172.2083020667102,Healthy
1,29,4651.04020979021,1582.8792007806667,14065.97,2611.7506812880997,7262.79089107831,482.2364673990453,Healthy
1,30,3415.295034965035,787.2616368368487,5735.0,1298.9817007808,4714.276735745835,413.2369196335823,Healthy
1,31,2408.533286713287,1599.208761764364,10581.34,2638.6944569112006,5047.227743624488,347.02545199979835,High Risk
1,32,8202.668391608393,5041.978717179085,43995.62,8319.26488334549,16521.93327495388,640.4165984579254,High Risk
1,33,5946.431188811189,2494.81681387646,14881.25,4116.447742896159,10062.878931707348,545.2720050035206,Healthy
1,34,11530.831678321678,2451.83322204421,17933.0,4045.524816372946,15576.356494694624,759.3033543427053,Healthy
1,35,2535.7309090909093,589.2246263139397,4279.0,972.2206334180004,3507.95154250891,356.0709837301342,Healthy
1,36,1476.2035664335663,1139.133694623828,5850.0,1879.570596129316,3355.7741625628823,271.68028695817867,High Risk
1,37,2800.4951048951048,369.59582002328716,3816.82,609.8331030384238,3410.3282079335286,374.19881780245544,Healthy
1,38,79978.22258741259,12540.94898771012,127811.89,20692.565829721698,100670.78841713429,1999.7277638145222,Healthy
1,40,58510.40916083916,4264.078123276134,68569.53,7035.72890340562,65546.13806424478,1710.4152881806097,Healthy
1,41,1064.7696503496504,720.9332673219948,4164.38,1189.5398910812912,2254.309541430942,230.73465824943275,High Risk
1,42,7940.326223776223,850.7052975750534,10220.35,1403.663740998838,9343.98996477506,630.0923037054263,Healthy
1,44,4872.724405594406,1159.5126729956405,9623.65,1913.1959104428067,6785.920316037213,493.59519880132575,Healthy
1,45,23.995070422535214,17.828062139162157,80.29,29.416302529617557,53.411372952152774,34.63745835258067,High Risk
1,46,19662.98986013986,4418.225030993301,54830.17,7290.071301138945,26953.061161278805,991.5389518354752,Healthy
1,47,-116.45454545454545,291.39495816678374,224.0,480.80168097519316,364.3471355206477,,High Risk
1,48,917.72792,890.885695152805,6445.0,1469.9613970021283,2387.6893170021285,214.2111014863609,High Risk
1,49,11437.931258741259,2007.9715733681942,17190.6,3313.15309605752,14751.084354798779,756.2384299525269,Healthy
1,51,32.71272727272727,35.684518025392265,185.8,58.879454741897234,91.59218201462451,40.44300141725838,High Risk
1,52,2355.439370629371,678.9606435203748,4205.67,1120.2850618086184,3475.724432437989,343.17920760364916,Healthy
1,54,90.92105263157895,99.55917104813932,616.0,164.27263222942986,255.19368486100882,67.42442162583932,High Risk
1,55,12817.843356643358,6148.786845772161,48876.91,10145.498295524065,22963.341652167423,800.5574107034223,Healthy
1,56,4000.4806293706292,4020.302474965057,16347.63,6633.499083692344,10633.979713062974,447.24046269152734,High Risk
1,58,3372.4744755244756,1542.1833273480336,7790.0,2544.6024901242554,5917.076965648731,410.63819083984845,Healthy
1,59,857.7751048951048,1880.95821672257,18016.74,3103.58105759224,3961.356162487345,207.09600489810333,High Risk
1,60,1020.9958041958041,238.65685481139744,2226.4,393.78381043880574,1414.77961463461,225.94200629761215,Healthy
1,67,7436.017342657343,3552.203603961903,21228.22,5861.13594653714,13297.153289194483,609.7547598279715,Healthy
1,71,2732.4733566433565,1018.142750942668,7561.4,1679.9355390554022,4412.408895698759,369.626389523486,Healthy
1,72,47390.644895104895,23056.474450945407,203670.47,38043.18284405992,85433.82773916482,1539.3285044964396,Healthy
1,74,11652.827412587412,2119.986324900325,20182.75,3497.9774360855363,15150.80484867295,763.3094854836868,Healthy
1,77,677.0,660.0022727233596,1431.0,1089.0037499935434,1766.0037499935434,183.98369492974098,High Risk
1,78,11.5,1.0,12.0,1.65,13.15,23.979157616563597,Healthy
1,79,33974.792937062935,5728.899399484748,48373.55,9452.684009149834,43427.47694621277,1303.3570680566193,Healthy
1,80,17139.314615384617,2414.333401405141,22615.85,3983.6501123184826,21122.9647277031,925.7244356552499,Healthy
1,81,29780.696573426576,1849.372056538973,36081.52,3051.4638932893054,32832.16046671588,1220.2601479485138,Healthy
1,82,20727.86090909091,5896.743538089706,63787.12,9729.626837848014,30457.487746938925,1018.0339117409328,Healthy
1,83,5704.0489510489515,1172.912137590897,9660.09,1935.3050270249798,7639.353978073931,534.0434884468189,Healthy
1,85,3685.8755244755243,1123.845618127981,9020.76,1854.3452699111685,5540.220794386692,429.29450989242366,Healthy
1,87,46006.2772027972,9269.715751096617,68503.09,15295.030989309418,61301.30819210662,1516.6785619042225,Healthy
1,90,82427.54783216784,8355.642883716539,116538.94,13786.810758132287,96214.35859030012,2030.117580734769,Healthy
1,91,64238.94342657343,6063.2766620920875,76603.53,10004.406492451944,74243.34991902538,1792.1906068631963,Healthy
1,92,135458.96951048952,16599.48470749365,194839.6,27389.149767364524,162848.11927785404,2602.4889001731544,Healthy
1,93,71699.18237762238,9300.200075905004,97979.96,15345.330125243256,87044.51250286563,1893.3988272102417,Healthy
1,94,63180.568181818184,6605.065019858839,86052.03,10898.357282767083,74078.92546458526,1777.36558115963,Healthy
1,95,120772.06216783218,10234.444723918881,148798.05,16886.833794466154,137658.89596229832,2457.3569354881292,Healthy
1,96,33251.831639344266,6028.142269548692,52101.28,9946.434744755341,43198.26638409961,1289.4152092973052,Healthy
1,97,35207.34881118881,3388.4967227386464,43995.15,5591.019592518766,40798.36840370757,1326.788393286375,Healthy
1,98,11827.770769230769,2081.131442340607,20732.04,3433.8668798620015,15261.63764909277,769.0179051631623,Healthy
1,99,306.0910810810811,538.3122460048618,2400.0,888.2152059080219,1194.306286989103,123.71157607133641,High Risk
2,1,30777.98076923077,14320.969925903304,82766.07,23629.60037774045,54407.58114697122,1240.5236952438831,Healthy
2,2,65912.92251748251,4862.228411892653,93511.03,8022.676879622876,73935.59939710538,1815.3914525176451,Healthy
2,3,17476.563356643357,12766.064825949774,68674.69,21064.006962817126,38540.57031946049,934.7877661973159,High Risk
2,4,45607.66657342658,3547.802847818671,62586.93,5853.874698900807,51461.541272327384,1510.093814526544,Healthy
2,5,30555.315314685315,18040.0567097679,150343.42,29766.093571117035,60321.408885802346,1236.0282220622091,Healthy
2,6,6808.382517482517,4663.2007550654425,42885.88,7694.28124585798,14502.663763340497,583.4544762653945,High Risk
2,7,40477.83706293706,33691.274223641594,264837.42,55590.60246900863,96068.43953194568,1422.6355306777816,High Risk
2,8,58707.36944055944,3867.068133465881,74917.03,6380.662420218703,65088.031860778145,1713.29170663608,Healthy
2,9,34375.864475524475,9224.62444951995,72676.62,15220.630341707916,49596.49481723239,1311.0275450104868,Healthy
2,10,38845.85447552448,3890.050666584058,48926.81,6418.583599863696,45264.43807538818,1393.6616245617959,Healthy
2,11,23382.686153846156,5950.488064802908,39879.14,9818.305306924798,33200.99146077095,1081.2651421794321,Healthy
2,12,7735.9462937062945,1141.143678569435,10480.81,1882.8870696395677,9618.833363345862,621.930313367434,Healthy
2,13,46117.95923076923,2979.123436120245,53319.96,4915.553669598404,51033.512900367634,1518.5183441560598,Healthy
2,14,21314.132937062936,8828.08815588158,76486.63,14566.345457204607,35880.47839426754,1032.3306867729675,Healthy
2,16,27005.17965034965,18032.090697713524,69765.65,29752.94965122731,56758.12930157696,1162.006446848503,High Risk
2,17,13790.854195804195,3138.5289480927327,32817.23,5178.572764353009,18969.426960157205,830.3870843108109,Healthy
2,18,11687.563008849558,16496.08765736547,71401.56,27218.544634653026,38906.10764350258,764.4463031779785,High Risk
2,19,4053.43993006993,834.1911175145278,6748.27,1376.4153438989708,5429.855273968901,450.19106666336296,Healthy
2,20,5748.619440559441,1154.5091465437622,9080.75,1904.9400917972075,7653.559532356649,536.1258919581967,Healthy
2,21,9910.939860139859,1805.556932745264,19078.6,2979.1689390296856,12890.108799169544,703.9509876454418,Healthy
2,22,12923.013846153846,4297.541068285758,34762.15,7090.9427626715005,20013.95660882535,803.8349907211631,Healthy
2,23,29170.616573426574,9560.538509884653,88454.23,15774.888541309676,44945.505114736254,1207.6964969193746,Healthy
2,24,8309.564545454545,4570.259145558089,26097.66,7540.927590170846,15850.49213562539,644.5760058152391,Healthy
2,25,15299.508391608393,3258.6155505952524,30205.63,5376.715658482166,20676.22405009056,874.6287324233178,Healthy
2,26,9347.725104895104,2825.107609452628,19679.04,4661.427555596836,14009.15266049194,683.6565330959364,Healthy
2,27,1837.9546153846154,991.7490653384427,7060.44,1636.3859578084305,3474.340573193046,303.1463850505738,Healthy
2,28,798.9132167832167,341.1826460354874,1763.78,562.9513659585541,1361.8645827417708,199.86410592990637,Healthy
2,29,7111.482657342657,2376.7340180565543,22289.92,3921.6111297933144,11033.093787135971,596.3003713457948,Healthy
2,30,4981.155384615385,1075.93803382671,7558.68,1775.2977558140713,6756.453140429456,499.05687975497267,Healthy
2,31,3884.756993006993,2005.8597299012429,11830.25,3309.6685543370504,7194.4255473440435,440.72423310994554,Healthy
2,32,11755.096713286714,6340.951748269338,55952.94,10462.570384644407,22217.66709793112,766.6517042727653,Healthy
2,33,7488.096993006994,3593.3173666471407,23854.41,5928.973654967782,13417.070647974775,611.8863045128153,Healthy
2,34,17595.203496503498,3418.696956208889,27931.0,5640.849977744666,23236.053474248165,937.9553160066715,Healthy
2,35,3875.588601398602,932.5956667557226,6928.95,1538.7828501469423,5414.371451545544,440.2038505850785,Healthy
2,36,2631.7505594405598,2237.2714723871645,10937.0,3691.4979294388213,6323.248488879381,362.7499524080299,High Risk
2,37,4500.250769230769,578.475010945884,6304.14,954.4837680607086,5454.734537291478,474.3548655400706,Healthy
2,38,85114.996013986,13547.874373690152,172794.2,22353.99271658875,107468.98873057475,2062.94687297063,Healthy
2,39,2.34,3.1199999999999997,7.02,5.147999999999999,7.487999999999999,10.816653826391969,High Risk
2,40,78174.5602097902,5350.924677392587,96799.15,8829.025717697768,87003.58592748796,1977.0503307932022,Healthy
2,41,2592.2207692307693,1686.239405737954,10499.0,2782.295019467624,5374.515788698393,360.0153308701429,High Risk
2,42,8768.857692307693,873.2103734388736,10965.25,1440.7971161741414,10209.654808481833,662.1501979274677,Healthy
2,44,7245.5411888111885,1691.7340536330812,12999.51,2791.361188494584,10036.902377305772,601.8945584075,Healthy
2,45,29.139848484848486,40.82070132787734,191.17,67.3541571909976,96.49400567584608,38.17057013253043,High Risk
2,46,29675.324545454547,7006.625345567603,77799.17,11560.931820186544,41236.25636564109,1218.0994324244336,Healthy
2,47,18.068181818181817,608.116849193251,1098.0,1003.3928011688641,1021.460982987046,30.056764478384743,High Risk
2,48,1358.3479136690646,1056.7158722085608,5844.0,1743.5811891441251,3101.9291028131897,260.6096615312894,High Risk
2,49,15568.465664335663,3022.0939259978177,25132.0,4986.454977896399,20554.920642232064,882.2829949720119,Healthy
2,51,16.226666666666667,15.781308468238526,49.88,26.039158972593565,42.26582563926023,28.483913588784343,High Risk
2,52,4148.373566433566,969.1692244663385,8584.46,1599.1292203694584,5747.502786803025,455.43240807136056,Healthy
2,54,104.50286764705882,114.78050374459869,526.0,189.38783117858782,293.8906988256466,72.2851532636747,High Risk
2,55,13060.297692307693,8443.774849624195,70935.76,13932.228501879921,26992.526194187616,808.0933637986298,High Risk
2,56,5545.122307692308,5557.8482012251425,23768.08,9170.449532021485,14715.571839713793,526.5511517266061,High Risk
2,58,21610.019090909092,6534.45325142416,44860.0,10781.847864849864,32391.866955758956,1039.4714784665593,Healthy
2,59,1391.5205594405595,3014.500909380059,27370.56,4973.926500477097,6365.447059917657,263.7726823839572,High Risk
2,60,221.54594594594593,114.16308333717865,510.4,188.36908750634475,409.9150334522907,105.24874012213779,Healthy
2,67,12125.255594405595,5687.36825176731,35002.08,9384.157615416061,21509.413209821658,778.6287817184,Healthy
2,71,4634.6093706293705,1415.4967900636818,10342.82,2335.5697036050747,6970.179074234446,481.3839097139294,Healthy
2,72,72929.49664335664,34440.91618242843,285353.53,56827.51170100691,129757.00834436355,1909.5745160029321,Healthy
2,74,16986.406013986016,2848.982612613146,29723.73,4700.821310811691,21687.227324797706,921.5857533074721,Healthy
2,77,817.5,867.6200205158938,1431.0,1431.5730338512246,2249.073033851225,202.1756661915573,High Risk
2,78,11.764,5.401183409422627,25.76,8.911952625547334,20.675952625547332,24.252834885843757,Healthy
2,79,32759.096993006995,4291.736128038877,48139.99,7081.364611264146,39840.46160427114,1279.826101331876,Healthy
2,80,26041.273566433567,1709.544367284232,34782.14,2820.7482060189827,28862.02177245255,1141.0800490419936,Healthy
2,81,31000.484265734267,2018.7396797316949,35995.54,3330.9204715572964,34331.40473729157,1244.9996840508488,Healthy
2,82,24647.232587412585,11399.707182790027,106512.77,18809.516851603545,43456.74943901613,1110.1178448122655,Healthy
2,83,5710.719650349651,944.7849066526251,9339.38,1558.8950959768313,7269.614746326482,534.3556704269943,Healthy
2,85,3672.0427972027974,1140.119104223793,9854.73,1881.1965219692586,5553.239319172056,428.48820270824245,Healthy
2,87,24932.985804195807,5064.383090489064,47167.02,8356.232099306955,33289.217903502766,1116.5345002326576,Healthy
2,90,97611.53713286713,8699.454115028855,148555.65,14354.09928979761,111965.63642266474,2209.2027649456163,Healthy
2,91,80610.38034965035,5397.3487775475005,94029.23,8905.625482953375,89516.00583260373,2007.6152563383548,Healthy
2,92,164840.230979021,19705.5869269229,257375.39,32514.218429422785,197354.4494084438,2870.8903756415098,Healthy
2,93,70581.97706293706,8548.692128465942,97658.89,14105.342011968803,84687.31907490587,1878.5895914613316,Healthy
2,94,70018.67251748251,7259.141739568028,96765.32,11977.583870287246,81996.25638776975,1871.0781987597754,Healthy
2,95,143588.75188811187,10222.130919216685,168543.95,16866.51601670753,160455.2679048194,2679.447255387871,Healthy
2,96,34319.06384615385,4886.9875866621605,51034.12,8063.529517992564,42382.593364146414,1309.9439653312245,Healthy
2,97,40697.20405594406,2955.3815884469673,49034.16,4876.379620937496,45573.58367688155,1426.4852620329461,Healthy
2,98,14035.40083916084,2394.749377423095,24029.0,3951.336472748107,17986.737311908946,837.7171610740955,Healthy
2,99,475.8969047619047,1084.7821349468943,5240.0,1789.8905226623756,2265.7874274242804,154.2557786214028,High Risk
3,1,7328.621048951049,3116.9862634866367,18969.05,5143.02733475295,12471.648383704,605.3354875170895,Healthy
3,2,16841.775664335662,2040.0873134823823,22222.09,3366.1440672459307,20207.919731581595,917.6539561385779,Healthy
3,3,5509.300769230769,3163.541825657981,18159.86,5219.844012335669,10729.144781566438,524.8476335676273,Healthy
3,4,8434.186503496503,917.9740191199519,10436.56,1514.6571315479205,9948.843635044424,649.3915037747454,Healthy
3,5,11695.366573426572,5816.895631502521,44129.09,9597.87779197916,21293.24436540573,764.7014637564967,Healthy
3,6,2012.4118181818183,1313.3923594633368,13067.28,2167.0973931145054,4179.509211296324,317.2074887342525,High Risk
3,7,10044.341608391609,6605.889487518113,53832.37,10899.717654404885,20944.059262796494,708.6727597555732,High Risk
3,8,8310.254195804197,703.714435649452,10187.95,1161.1288188215956,9471.383014625791,644.6027534770619,Healthy
3,9,9062.007692307692,3025.119703490899,20842.16,4991.447510759984,14053.455203067675,673.127316794813,Healthy
3,10,10871.944125874126,2083.552220428172,15546.28,3437.8611637064837,14309.80528958061,737.2904490726204,Healthy
3,11,8774.928041958041,4041.1262463569137,27991.76,6667.858306488907,15442.786348446949,662.379349087743,Healthy
3,12,2383.603006993007,473.2981196238644,3530.22,780.9418973793762,3164.5449043723834,345.2247823515142,Healthy
3,13,11363.06167832168,1037.15131978665,14438.47,1711.2996776479724,13074.361355969651,753.7593010478106,Healthy
3,14,4626.649020979022,1617.3614703132891,14193.66,2668.646426016927,7295.295446995949,480.97032242015837,Healthy
3,16,7871.568321678322,4463.638870327185,21172.22,7365.0041360398545,15236.572457718175,627.3582836656548,Healthy
3,17,2634.1996503496503,540.0678591248845,4495.01,891.1119675560594,3525.3116179057097,362.9186995974202,Healthy
3,18,2960.677739130435,4612.901394157604,24075.8,7611.287300360046,10571.965039490482,384.7517211872115,High Risk
3,19,731.3131468531468,528.4168364650637,5368.79,871.8877801673551,1603.200927020502,191.22148765935626,High Risk
3,20,1682.1992307692308,500.50862933292984,3546.44,825.8392383993342,2508.038469168565,290.0171745577519,Healthy
3,21,1244.5296503496502,219.29086871547904,2157.38,361.8299333805404,1606.3595837301905,249.45236522727643,Healthy
3,22,3101.76986013986,1136.0410799251254,9137.14,1874.4677818764567,4976.237642016316,393.8127638954748,Healthy
3,23,10913.330069930069,3137.5519276904756,22433.49,5176.960680689284,16090.290750619353,738.6924282111625,Healthy
3,24,2763.627342657343,1341.8225455537213,7670.69,2214.00720016364,4977.6345428209825,371.7275442213923,Healthy
3,25,4260.447972027972,954.49461420843,7576.03,1574.9161134439094,5835.3640854718815,461.54349589328916,Healthy
3,26,2850.050839160839,991.8473987204821,7115.88,1636.5482078887956,4486.5990470496345,377.4950886541995,Healthy
3,27,500.19363636363636,221.18040703393646,1818.1,364.94767160599514,865.1413079696315,158.1444966420957,Healthy
3,28,166.87006993006992,77.40834975612711,413.5,127.72377709760973,294.59384702767966,91.34278021006091,Healthy
3,29,1517.404055944056,578.1668887584908,4868.91,953.9753664515098,2471.3794223955656,275.4454624734319,Healthy
3,30,1243.926993006993,367.34442665873195,2425.7,606.1183039869077,1850.0452969939006,249.39195987511235,Healthy
3,31,878.4754545454546,429.8111094385521,2770.17,709.1883305736109,1587.6637851190653,209.57999123788684,Healthy
3,32,4296.111048951049,3092.5925663458984,24450.5,5102.777734470732,9398.888783421782,463.47119915648744,High Risk
3,33,3228.155104895105,1081.307215907884,7021.26,1784.1569062480085,5012.3120111431135,401.7558403368335,Healthy
3,34,4579.71916083916,1206.7764264221878,8090.53,1991.1811035966098,6570.90026443577,478.52477265232363,Healthy
3,35,1439.3255244755244,442.94459450472533,2608.0,730.8585809327967,2170.184105408321,268.265309393101,Healthy
3,36,622.6893706293706,489.11971433341455,2165.0,807.0475286501339,1429.7368992795045,176.4496203777966,High Risk
3,38,108598.36412587413,18546.61826385018,155897.94,30601.920135352797,139200.28426122692,2330.218488960575,Healthy
3,40,18203.10825174825,1999.4309081981787,23387.09,3299.060998526995,21502.169250275245,954.020656268727,Healthy
3,41,646.832027972028,443.944317517093,3531.63,732.5081239032035,1379.3401518752314,179.8377085001958,High Risk
3,42,4422.944405594406,1094.0229361222,7392.43,1805.13784460163,6228.082250196036,470.2629267545128,Healthy
3,44,2133.657762237762,618.4046039374334,4005.84,1020.3675964967651,3154.0253587345273,326.6234653418032,Healthy
3,45,9.922500000000001,7.541658998824162,21.96,12.443737348059866,22.36623734805987,22.27386360737625,High Risk
3,46,6179.259510489511,2048.8798196346447,19113.94,3380.6517023971637,9559.911212886675,555.8443806718527,Healthy
3,47,38.875,57.38700076796885,100.0,94.6885512671486,133.5635512671486,44.087980221371,High Risk
3,49,17.581481481481482,10.044945862793039,44.55,16.574160673608514,34.15564215508999,29.649183362684276,Healthy
3,51,5.411803278688525,6.674093573461672,27.68,11.012254396211759,16.424057674900283,16.44962503932616,High Risk
3,52,961.3902097902097,277.1650571346152,2484.22,457.32234427211506,1418.7125540623247,219.2476008751532,Healthy
3,54,58.3112389380531,50.67028935630156,207.0,83.60597743789756,141.91721637595066,53.995943800462044,High Risk
3,55,7153.737902097902,2847.0090066245325,23061.62,4697.564860930478,11851.30276302838,598.0693062721871,Healthy
3,56,1606.8088811188811,1827.3441150567505,7312.63,3015.117789843638,4621.926670962519,283.44389930980003,High Risk
3,59,244.87845528455284,486.07298384230825,3423.0,802.0204233398085,1046.8988786243613,110.65226054730036,High Risk
3,60,138.12587412587413,44.31132928811569,299.2,73.11369332539088,211.23956745126503,83.10411365446181,Healthy
3,67,2021.4826573426574,931.3317578539105,5299.59,1536.6974004589522,3558.1800578016096,317.92158288976367,Healthy
3,71,1101.6100000000001,500.9200686314598,2946.66,826.5181132419086,1928.1281132419087,234.6923518140291,Healthy
3,72,22796.856573426576,11253.139860858306,93974.21,18567.680770416202,41364.53734384278,1067.634220447869,Healthy
3,74,3374.9607692307695,783.9525818272615,7611.41,1293.5217600149815,4668.482529245751,410.7895306133525,Healthy
3,77,424.0,734.4570794811634,1272.0,1211.8541811439195,1635.8541811439195,145.60219778561037,High Risk
3,78,6.0,,6.0,,,17.320508075688775,Healthy
3,79,7230.372447552448,715.4695057971778,9301.77,1180.5246845653433,8410.89713211779,601.2641868410444,Healthy
3,80,24.420476190476194,43.75968903867924,200.0,72.20348691382074,96.62396310429693,34.943151110393714,High Risk
3,81,1429.3000699300699,322.98409590090495,2132.98,532.9237582364931,1962.223828166563,267.32939138168757,Healthy
3,82,6746.578391608391,1820.9079497569996,18601.3,3004.498117099049,9751.07650870744,580.800240685573,Healthy
3,83,19.33,,19.33,,,31.088583113419624,Healthy
3,85,874.1281818181818,289.06553543608857,1706.77,476.9581334695461,1351.086315287728,209.06077846145385,Healthy
3,87,939.4354545454545,431.5120883406662,2100.14,711.9949457620992,1651.4304003075536,216.72972275918391,Healthy
3,90,1540.0491608391608,273.64022444277765,2029.24,451.5063703305831,1991.555531169744,277.4931675590555,Healthy
3,91,318.68559440559443,144.41319867024743,867.02,238.28177780590823,556.9673722115026,126.23105687698143,Healthy
3,92,7568.28020979021,1450.7504043951785,10777.24,2393.7381672520446,9962.018377042255,615.1536478714164,Healthy
3,94,656.2944444444445,1309.2973083914158,5976.5,2160.340558845836,2816.63500329028,181.1483431395999,High Risk
3,95,15745.528251748252,3090.0102963241366,24553.65,5098.516988934825,20844.045240683077,887.2859812864242,Healthy
3,96,3934.54,844.2661298746514,7843.1,1393.0391142931746,5327.579114293175,443.53917527091113,Healthy
3,97,343.43735714285714,159.75799975066022,678.65,263.60069958858935,607.0380567314464,131.04147380559658,Healthy
3,98,30.570833333333333,31.030981787792115,153.21,51.20111994985699,81.77195328319033,39.09656847687105,High Risk
4,1,36979.94006993007,15156.69065704757,91965.85,25008.539584128488,61988.47965405855,1359.7782920375305,Healthy
4,2,93639.31538461539,8190.2905809371805,123735.98,13513.979458546348,107153.29484316174,2163.785056152937,Healthy
4,3,19012.49167832168,15732.32774602074,103193.89,25958.340780934217,44970.83245925589,974.9997866236095,High Risk
4,4,56603.40013986014,4239.019016592782,72179.92,6994.381377378089,63597.781517238225,1682.3109127010403,Healthy
4,5,45668.406783216786,21509.49967223269,174922.53,35490.67445918394,81159.08124240072,1511.0990500827002,Healthy
4,6,8241.777692307693,5773.248484194046,45600.79,9525.859998920176,17767.63769122787,641.9414962559943,High Risk
4,7,50728.1513986014,39443.93050085412,318422.01,65082.485326409296,115810.6367250107,1592.6103007107765,High Risk
4,8,62949.72377622378,3563.8414216285246,76078.03,5880.338345687065,68830.06212191084,1774.1156075101726,Healthy
4,9,34437.17097902098,8417.522248618689,62726.39,13888.911710220835,48326.08268924181,1312.1960786982443,Healthy
4,10,37269.66741258741,5083.018084739719,52560.25,8386.979839820535,45656.64725240794,1365.0946379754669,Healthy
4,11,27145.836643356644,7417.829478338837,52148.41,12239.418639259082,39385.255282615726,1165.0286829807376,Healthy
4,12,8141.9109790209795,1358.2458738290654,10870.44,2241.105691817958,10383.016670838937,638.0403975854891,Healthy
4,13,69596.44734265735,4795.4234678125995,83784.6,7912.448721890789,77508.89606454814,1865.4281994043265,Healthy
4,14,28567.509440559443,10337.604600001745,98900.14,17057.04759000288,45624.557030562326,1195.1466320196748,Healthy
4,16,21270.153006993005,14530.09487315425,51812.8,23974.656540704513,45244.809547697514,1031.265072786648,High Risk
4,17,15815.878041958042,2592.0973842524227,29807.88,4276.960684016497,20092.83872597454,889.265934407645,Healthy
4,18,13146.54379032258,17703.18282234796,77080.53,29210.251656874134,42356.79544719671,810.7571704993604,High Risk
4,19,3038.317762237762,775.1325819709716,5495.99,1278.968760252103,4317.286522489865,389.7638876446715,Healthy
4,20,8888.302867132868,1292.7072049666585,13418.6,2132.9668881949865,11021.269755327856,666.6446904886017,Healthy
4,21,8865.273146853147,1374.8017676108573,17297.96,2268.4229165579145,11133.696063411062,665.780487354997,Healthy
4,22,17289.916293706294,4323.4105922173,35640.23,7133.627477158545,24423.54377086484,929.7826706738057,Healthy
4,23,46234.012867132864,12111.765130707088,122666.23,19984.412465666694,66218.42533279955,1520.427783012611,Healthy
4,24,10875.301188811189,4523.058638360771,29559.49,7463.046753295271,18338.34794210646,737.4042713739591,Healthy
4,25,15640.748531468531,2631.464143190197,26641.68,4341.9158362638245,19982.664367732355,884.328800036178,Healthy
4,26,18429.75993006993,4402.7683409700985,36572.85,7264.567762600662,25694.32769267059,959.9416630730726,Healthy
4,27,2579.9061538461538,1074.1250464604645,8474.58,1772.3063266597665,4352.21248050592,359.15916762948945,Healthy
4,28,916.2322377622378,285.95509689957356,1794.16,471.8259098842964,1388.058147646534,214.03647326591766,Healthy
4,29,9472.12118881119,3081.566810471694,30150.35,5084.585237278296,14556.706426089486,688.1904238221857,Healthy
4,30,7683.686783216783,1166.524119020167,10541.1,1924.7647963832756,9608.451579600058,619.826055567882,Healthy
4,31,3813.243986013986,2623.321003450101,15449.35,4328.479655692667,8141.723641706652,436.648828351456,High Risk
4,32,13685.43034965035,7858.602605951979,63767.24,12966.694299820765,26652.124649471116,827.2070584095119,Healthy
4,33,12304.056223776224,4516.38183872167,35605.45,7452.030033890755,19756.08625766698,784.3486541002102,Healthy
4,34,25142.675384615384,4685.734994182677,43274.28,7731.462740401416,32874.1381250168,1121.2197684801893,Healthy
4,35,4376.574755244755,836.8027211279176,8053.0,1380.724489861064,5757.299245105819,467.7913399820883,Healthy
4,36,3005.231468531468,2472.560790705976,12281.0,4079.7253046648602,7084.956773196329,387.63587737279096,High Risk
4,37,3640.7527272727275,678.6804779431197,5428.37,1119.8227886061475,4760.575515878875,426.65868837237616,Healthy
4,38,80093.94608391607,7603.662909704937,104781.09,12546.043801013146,92639.98988492922,2001.1739814908158,Healthy
4,39,1.56,,1.56,,,8.831760866327848,Healthy
4,40,78729.26307692307,5392.893292631406,93453.04,8898.27393284182,87627.5370097649,1984.0522054235755,Healthy
4,41,975.4176223776224,875.3760665331762,4283.39,1444.3705097797406,2419.788132157363,220.841303018437,High Risk
4,42,9511.818531468532,1203.1919125773277,13068.86,1985.2666557525906,11497.085187221122,689.6310075492738,Healthy
4,44,5441.563566433566,1270.0353305795436,11616.12,2095.558295456247,7537.121861889813,521.6111370759622,Healthy
4,45,13.696938775510203,12.747587713642405,65.84,21.03351972750997,34.730458503020174,26.16958040885467,High Risk
4,46,39128.89615384616,8136.799155942836,92796.26,13425.718607305678,52554.61476115184,1398.729712164687,Healthy
4,47,23.536153846153848,404.0636752530155,898.0,666.7050641674756,690.2412180136295,34.30463077060723,High Risk
4,48,2324.6155319148934,1600.2948192529243,10360.06,2640.486451767325,4965.101983682218,340.9263506913842,High Risk
4,49,6911.676643356644,1442.6287088501024,10334.42,2380.337369602669,9292.014012959313,587.8637870866279,Healthy
4,51,8.2,7.595192259221979,38.64,12.532067227716265,20.732067227716264,20.248456731316587,High Risk
4,52,3721.521328671329,1128.9730740393986,9284.42,1862.8055721650076,5584.326900836337,431.36535145230016,Healthy
4,54,131.887,127.51198971246454,632.0,210.39478302556648,342.2817830255665,81.20560325494787,High Risk
4,55,18662.6272027972,9192.310651525844,73370.28,15167.312575017642,33829.93977781484,965.9872463650129,Healthy
4,56,6040.540839160839,7086.6854980677135,28182.81,11693.031071811727,17733.571910972565,549.5698699510755,High Risk
4,58,6078.142307692307,2707.4101678902184,14545.0,4467.22677701886,10545.369084711168,551.2777116704568,Healthy
4,59,1586.4469930069931,4281.808530242379,39721.57,7064.984074899925,8651.431067906919,281.6422369786706,High Risk
4,60,410.7951048951049,104.98953021488593,976.8,173.23272485456178,584.0278297496667,143.31697472649654,Healthy
4,67,12471.426713286713,4863.438138163944,29066.07,8024.672927970508,20496.09964125722,789.6653314311928,Healthy
4,71,7686.018741258741,1784.8486181312078,14945.6,2945.000219916493,10631.018961175234,619.9201053869257,Healthy
4,72,101244.45083916084,47323.71482716467,385051.04,78084.1294648217,179328.58030398254,2249.9383418125135,Healthy
4,74,20627.30776223776,3272.7232983064814,32084.35,5399.993442205694,26027.301204443454,1015.5616121692902,Healthy
4,77,344.57142857142856,279.43148065483314,954.0,461.06194308047463,805.6333716519032,131.25765283811617,High Risk
4,78,5.375,8.4335638967165,24.0,13.915380429582223,19.29038042958222,16.393596310755,High Risk
4,79,52436.656923076924,4019.4919636112645,63475.28,6632.161739958586,59068.81866303551,1619.2074747091078,Healthy
4,80,19379.101398601397,2663.216304370381,28394.99,4394.3069022111285,23773.408300812524,984.3551543676042,Healthy
4,81,31055.285314685312,2177.909526991812,36465.28,3593.55071953649,34648.8360342218,1246.0996211115166,Healthy
4,82,29371.32097902098,11104.214649714066,114217.35,18321.954172028207,47693.27515104919,1211.8440695696163,Healthy
4,83,9161.217342657343,1484.1181850816567,15039.82,2448.7950053847335,11610.012348042077,676.8019408459664,Healthy
4,85,2730.06,730.1981179413373,5516.62,1204.8268946032065,3934.886894603206,369.4631240056306,Healthy
4,87,14223.462307692309,2402.605116358427,20520.41,3964.2984419914046,18187.760749683715,843.3108059218828,Healthy
4,90,89248.96552447553,8967.14025820735,125242.78,14795.781426042126,104044.74695051766,2112.450774864062,Healthy
4,91,66535.4072027972,5469.15947383688,78880.23,9024.113131830853,75559.52033462805,1823.9436285532126,Healthy
4,92,159365.1079020979,19283.266108537144,239759.31,31817.389079086286,191182.49698118417,2822.809840408116,Healthy
4,93,67815.16300699301,8601.7457032204,94271.18,14192.880410313659,82008.04341730668,1841.401137815889,Healthy
4,94,68159.10657342657,7845.27793052118,89337.77,12944.708585359946,81103.81515878651,1846.0648224456606,Healthy
4,95,147236.4737062937,15175.031831335084,178542.28,25038.802521702888,172275.2762279966,2713.2680820948535,Healthy
4,96,38346.57307692308,6821.216792178466,62400.69,11255.007707094468,49601.58078401755,1384.6763715201303,Healthy
4,97,39339.23895104895,3107.08242351057,45428.65,5126.685998792441,44465.92494984139,1402.484205812118,Healthy
4,98,15009.249370629372,3254.1086606960757,29801.87,5369.2792901485245,20378.528660777898,866.2923689675839,Healthy
4,99,623.182380952381,1584.0810564654605,8570.0,2613.73374316801,3236.916124120391,176.51945798585223,High Risk
5,1,9774.553076923077,2705.1111255709334,21113.02,4463.43335719204,14237.986434115117,699.0905905861943,Healthy
5,2,12317.953286713288,936.3370499156566,16430.32,1544.9561323608334,13862.909419074122,784.7914782511749,Healthy
5,3,4101.085174825175,2450.6528426867826,17995.36,4043.577190433191,8144.662365258366,452.82917169862054,Healthy
5,4,9860.806783216784,682.5218021370423,11922.26,1126.1609735261197,10986.967756742903,702.1683125582065,Healthy
5,5,6699.202237762238,3652.641753163609,31448.02,6026.858892719954,12726.061130482192,578.7573860333118,Healthy
5,6,1191.0576223776222,1328.74884802248,12932.39,2192.435599237092,3383.4932216147145,244.034590004944,High Risk
5,7,6124.484335664336,3914.641291929526,29195.62,6459.158131683717,12583.642467348054,553.3752946990106,High Risk
5,8,13735.70944055944,959.1688639054125,16195.04,1582.6286254439306,15318.33806600337,828.7252089975133,Healthy
5,9,7919.805944055944,2904.1495836609038,20628.22,4791.846813040491,12711.652757096435,629.2775994764132,Healthy
5,10,9783.395384615385,1159.5748857728715,13349.65,1913.298561525238,11696.693946140624,699.4067266124692,Healthy
5,11,7389.049440559441,1711.0476522672486,13877.96,2823.2286262409602,10212.278066800402,607.8260211836706,Healthy
5,12,2515.3472727272724,410.97621227583716,3588.67,678.1107502551313,3193.4580229824037,354.6369462370829,Healthy
5,13,11242.656083916085,713.0387975676139,13675.62,1176.5140159865628,12419.170099902647,749.7551628337109,Healthy
5,14,3697.422377622378,1638.9250344408194,14518.91,2704.226306827352,6401.64868444973,429.9664159921318,Healthy
5,16,7717.567622377622,4447.774309411135,21462.44,7338.827610528372,15056.395232905994,621.1910987118869,Healthy
5,17,2396.7813286713285,600.1767756877823,5060.55,990.2916798848407,3387.073008556169,346.1777959857715,Healthy
5,18,2185.893,3181.5499493601765,13916.63,5249.5574164442905,7435.450416444291,330.5974137829877,High Risk
5,19,46.327368421052626,44.3918729903795,205.56,73.24659043412616,119.57395885517879,48.12866527395738,High Risk
5,20,1220.832797202797,359.00619263834983,3308.06,592.3602178532772,1813.1930150560743,247.06606375651808,Healthy
5,21,1316.4146153846154,237.66296933988176,2196.47,392.14389941080486,1708.5585147954203,256.55551206167985,Healthy
5,22,2430.053986013986,1000.2588977100299,7965.75,1650.4271812215493,4080.4811672355354,348.5723731174048,Healthy
5,23,6141.862727272727,1637.8205088213263,14843.37,2702.4038395551884,8844.266566827915,554.1598473036786,Healthy
5,24,1480.2327972027972,658.3363322944293,4103.03,1086.2549482858083,2566.4877454886055,272.0508038218962,Healthy
5,25,2685.5781818181817,633.2204010971892,5872.86,1044.8136618103622,3730.391843628544,366.4408671135209,Healthy
5,26,1782.2095104895104,568.1413609557326,3992.25,937.4332455769587,2719.6427560664692,298.5137777799804,Healthy
5,27,377.28916083916084,186.3743799623036,1381.0,307.51772693780094,684.8068877769617,137.34794516831346,Healthy
5,28,203.28237762237762,73.43913645544308,417.5,121.17457515148106,324.4569527738587,100.81725487791701,Healthy
5,29,1343.724895104895,428.0606772374633,3965.09,706.3001174418145,2050.0250125467096,259.20309557419404,Healthy
5,30,857.1524475524476,245.74393967343482,1605.64,405.47750046116744,1262.629948013615,207.0208259514544,Healthy
5,31,655.4497902097903,311.5653235678766,2025.67,514.0827838869964,1169.5325740967867,181.03173619697048,Healthy
5,32,2450.897622377622,1237.7162579394144,10288.12,2042.2318256000337,4493.129447977656,350.06411001255344,Healthy
5,33,1598.760909090909,570.475344077088,3668.72,941.2843177271952,2540.0452268181043,282.7331700641887,Healthy
5,34,3602.7625874125874,885.7678718846022,6222.5,1461.5169886095935,5064.279576022181,424.4268245182312,Healthy
5,35,1162.082027972028,375.76447480025917,2152.0,620.0113834204276,1782.0934113924557,241.04792344801768,Healthy
5,36,587.0637062937063,443.6747146986486,2391.5,732.0632792527701,1319.1269855464766,171.32771321267705,High Risk
5,38,55199.79188811189,8034.328396102458,75177.91,13256.641853569055,68456.43374168094,1661.3216408647647,Healthy
5,40,19328.994965034963,1604.7661849105045,23968.31,2647.8642051023326,21976.859170137293,983.0817607156325,Healthy
5,41,524.7532167832168,418.6989051234208,2030.0,690.8531934536443,1215.606410236861,161.98043350713948,High Risk
5,42,2932.116153846154,386.74408701821625,3914.49,638.1277435800567,3570.2438974262104,382.8913784512622,Healthy
5,44,1317.444125874126,347.425760431967,2698.72,573.2525047127455,1890.6966305868714,256.65581289677874,Healthy
5,45,18.588260869565215,16.51629845268016,95.76,27.251892446922263,45.84015331648747,30.486276313749123,High Risk
5,46,4895.629510489511,1188.1826201846725,13473.76,1960.5013233047096,6856.13083379422,494.7539545314171,Healthy
5,47,38.72727272727273,96.43686111554119,224.0,159.12082084064295,197.84809356791567,44.00413203738526,High Risk
5,49,39.14160714285714,28.827070092144343,145.25,47.564665652038165,86.70627279489531,44.238900948631816,High Risk
5,51,6.68,3.000133330370502,11.0,4.950219995111328,11.630219995111329,18.275666882497067,Healthy
5,52,530.8146853146853,259.0774011018639,1817.91,427.4777118180755,958.2923971327608,162.9132722209405,Healthy
5,54,45.917755102040815,48.74786651489314,270.88,80.43397974957368,126.3517348516145,47.91542293564819,High Risk
5,55,3445.1,1622.700480997518,14054.15,2677.4557936459046,6122.5557936459045,415.03614300443763,Healthy
5,56,1220.3167132867134,1459.6458109436412,6183.99,2408.415588057008,3628.7323013437212,247.01383698962223,High Risk
5,58,871.1764705882352,605.8122946844406,3370.0,999.590286229327,1870.7667568175623,208.70750712279556,High Risk
5,59,78.25601941747573,123.73279389466646,794.36,204.15910992619965,282.4151293436754,62.55238581280322,High Risk
5,60,236.53146853146853,71.12063191822712,450.0,117.34904266507473,353.88051119654324,108.7500502371076,Healthy
5,67,3036.8645454545454,1456.1796631117259,9243.82,2402.6964441343475,5439.560989588893,389.67066514266537,Healthy
5,71,456.66125874125873,237.1957373018728,1814.12,391.3729665480901,848.0342252893488,151.10613136819742,Healthy
5,72,11656.51909090909,10400.779806477805,93517.72,17161.28668068838,28817.805771597472,763.4303861816443,High Risk
5,74,3523.767972027972,808.1616213118212,9139.71,1333.466675164505,4857.2346471924775,419.7480179838835,Healthy
5,77,465.075,691.4443659832655,954.0,1140.8832038723879,1605.958203872388,152.49180305839394,High Risk
5,78,6.0,,6.0,,,17.320508075688775,Healthy
5,79,5009.172447552448,446.14941645182665,6437.1,736.1465371455139,5745.318984697962,500.45841223584443,Healthy
5,80,6.079999999999999,8.798818102449896,16.24,14.518049869042327,20.598049869042327,17.435595774162692,High Risk
5,81,2615.837132867133,357.77121236631064,3492.93,590.3225004044125,3206.1596332715453,361.6515680089838,Healthy
5,82,3887.787482517482,1443.9690292450769,16632.66,2382.5488982543766,6270.336380771859,440.8961035503422,Healthy
5,85,935.0770629370629,297.30849804237744,2195.21,490.55902176992277,1425.6360847069857,216.22639327069473,Healthy
5,87,10089.581818181818,1865.5556369865922,15979.18,3078.1668010278768,13167.748619209695,710.266915257279,Healthy
5,90,3059.52,464.8148775709181,3851.45,766.9445479920148,3826.4645479920146,391.12146450942834,Healthy
5,91,1457.2216783216784,382.4987947196072,2020.59,631.1230112873518,2088.34468960903,269.9279235575377,Healthy
5,92,7759.205594405594,1123.7892542684888,10811.72,1854.2522695430064,9613.4578639486,622.864575746831,Healthy
5,94,411.4314864864865,949.5019577315869,5216.25,1566.6782302571182,1978.1097167436046,143.42794122598403,High Risk
5,95,19340.693986013986,2260.0309249414618,23449.42,3729.051026153412,23069.745012167397,983.379224562274,Healthy
5,96,5985.671118881119,1556.9605097876356,9698.51,2568.9848411495987,8554.655960030717,547.068145612643,Healthy
5,97,667.07031496063,90.6234323471375,902.41,149.52866337277686,816.5989783334069,182.62944929017198,Healthy
5,98,29.97608695652174,40.502372852949826,139.26,66.8289152073672,96.80500216388894,38.71439458168095,High Risk
6,1,23867.553776223776,9950.089558298616,62544.57,16417.647771192715,40285.201547416495,1092.4182755754266,Healthy
6,2,50269.43727272727,5277.199941683114,79930.02,8707.379903777137,58976.81717650441,1585.3932835849796,Healthy
6,3,16806.63881118881,11062.0534841591,60019.12,18252.388248862513,35059.027060051325,916.696209526057,High Risk
6,4,34187.3665034965,3068.375076222734,44707.66,5062.818875767511,39250.18537926401,1307.4281338470673,Healthy
6,5,34465.30762237762,15995.062009681364,129437.88,26391.852315974247,60857.15993835187,1312.7320294404647,Healthy
6,6,7225.566643356644,4803.128740315377,37614.42,7925.162421520372,15150.729064877016,601.0643328029306,High Risk
6,7,34526.87041958042,25936.82491090185,207052.33,42795.76110298805,77322.63152256847,1313.9039238007551,High Risk
6,8,47577.71979020979,3560.684131632941,65341.41,5875.128817194352,53452.84860740414,1542.36376692092,Healthy
6,9,48271.060139860136,14363.272066464091,96185.84,23699.39890966575,71970.45904952589,1553.561394664854,Healthy
6,10,47436.477902097904,5619.469475078639,65483.1,9272.124633879754,56708.602535977654,1540.072691500273,Healthy
6,11,21882.11909090909,5289.590977326238,37506.79,8727.825112588293,30609.944203497384,1045.9951981464612,Healthy
6,12,6683.218671328671,1085.1615805636143,9575.68,1790.5166079299634,8473.735279258635,578.0665476970913,Healthy
6,13,37746.9313986014,2674.629424597352,46073.32,4413.138550585631,42160.06994918703,1373.807326348957,Healthy
6,14,25583.7413986014,9616.825721437228,83081.31,15867.762440371425,41451.50383897283,1131.0115251093023,Healthy
6,16,28204.007552447554,17009.159406919276,70483.95,28065.113021416804,56269.12057386436,1187.5185799061746,Healthy
6,17,16296.992447552448,2837.3441325715726,30644.63,4681.617818743094,20978.61026629554,902.6902139591535,Healthy
6,18,11500.897168141593,17027.363833706215,74307.13,28095.150325615254,39596.04749375685,758.3171225859796,High Risk
6,19,2585.304755244755,959.005239566112,5367.23,1582.3586452840848,4167.66340052884,359.5347518143938,Healthy
6,20,9299.858601398602,2031.3493839683852,14727.21,3351.7264835478354,12651.585084946437,681.9039009053475,Healthy
6,21,9398.605454545455,2236.1117602123963,18828.96,3689.584404350454,13088.189858895908,685.51460431363,Healthy
6,22,18833.15090909091,4706.837492420596,44555.37,7766.281862493984,26599.432771584892,970.3904087812004,Healthy
6,23,30538.913776223777,8736.434966364357,79584.17,14415.117694501188,44954.03147072496,1235.6964387790347,Healthy
6,24,6789.380909090909,3082.3244035974776,16640.64,5085.835265935838,11875.216175026748,582.6397218303481,Healthy
6,25,13777.691398601399,3629.2649858196696,25226.0,5988.287226602454,19765.978625203854,829.9907047251011,Healthy
6,26,9098.63937062937,2514.605102456228,18695.86,4149.098419052776,13247.737789682145,674.4864479968952,Healthy
6,27,1798.5638461538463,929.2721693747959,6800.58,1533.299079468413,3331.8629256222594,299.8802966313264,Healthy
6,28,578.5354545454546,239.17996585671958,1190.89,394.6469436635873,973.1823982090419,170.078725087157,Healthy
6,29,6858.093916083916,1955.6350499078849,19256.09,3226.7978323480097,10084.891748431926,585.5806484201778,Healthy
6,30,5020.268181818182,852.1411700564186,7116.3,1406.0329305930904,6426.301112411273,501.012384169203,Healthy
6,31,3248.543776223776,1495.6594781815716,8394.99,2467.838138999593,5716.381915223369,403.02256613146216,Healthy
6,32,11369.82965034965,6381.328705202832,62331.88,10529.192363584672,21899.022013934322,753.9837415471785,Healthy
6,33,7213.951468531469,2776.3750888779773,18143.97,4581.018896648662,11794.970365180132,600.5810298590636,Healthy
6,34,18101.45132867133,3793.374786774194,29424.35,6259.06839817742,24360.51972684875,951.3530188282194,Healthy
6,35,3551.4537062937065,829.387481743477,5776.26,1368.489344876737,4919.943051170443,421.3937414279967,Healthy
6,36,3456.0053846153846,2876.235838609639,13825.0,4745.789133705904,8201.794518321289,415.69251765069,High Risk
6,37,3911.7690909090907,407.17378713968606,5178.29,671.8367487804819,4583.605839689572,442.25383496975417,Healthy
6,38,78545.19916083917,11371.953809452343,119812.38,18763.723785596365,97308.92294643553,1981.7315554943254,Healthy
6,40,65833.7272027972,4198.756205178784,78697.27,6927.947738544993,72761.6749413422,1814.3005153887434,Healthy
6,41,2641.5423776223774,1812.3770798788987,12585.75,2990.422181800183,5631.96455942256,363.42415836198734,High Risk
6,42,9399.415034965035,916.9947417384021,12975.5,1513.0413238683634,10912.456358833399,685.544128228265,Healthy
6,44,7780.472237762238,1677.419000650358,15607.65,2767.7413510730903,10548.21358883533,623.7175738169576,Healthy
6,45,39.0079104477612,40.805927471137544,170.72,67.32978032737694,106.33769077513813,44.163282513736,High Risk
6,46,27602.171958041956,6118.690704709888,59400.05,10095.839662771315,37698.01162081327,1174.780233874446,Healthy
6,47,-42.02333333333334,230.42372817460085,389.0,380.1991514880914,338.1758181547581,,High Risk
6,48,1779.8714184397163,1328.2096486735074,6658.0,2191.5459203112873,3971.4173387510036,298.3179024496951,High Risk
6,49,12496.313146853146,2261.210400025546,18978.76,3730.9971600421504,16227.310306895297,790.4528179105046,Healthy
6,51,31.228749999999998,28.5583059909272,78.21,47.121204885029876,78.34995488502987,39.51502878652627,High Risk
6,52,4208.43958041958,953.8839086633473,8795.32,1573.9084492945228,5782.348029714103,458.7177552929241,Healthy
6,54,156.99078014184397,157.76693825781172,754.5,260.3154481253893,417.3062282672333,88.59762416166812,High Risk
6,55,16407.804475524477,9067.822246925378,73637.63,14961.906707426873,31369.711182951352,905.7539532214164,Healthy
6,56,6530.876153846154,6481.74920496111,24639.98,10694.88618818583,17225.762342031983,571.4401173284106,High Risk
6,58,2993.474895104895,1405.3996292829115,7307.0,2318.909388316804,5312.384283421699,386.87691163371943,Healthy
6,59,1016.7490909090909,2052.7043601602727,16898.84,3386.96219426445,4403.711285173541,225.47162691889758,High Risk
6,60,295.8558241758242,134.6146568465867,809.6,222.11418379686808,517.9700079726922,121.62561904792595,Healthy
6,67,11701.160699300699,4267.730620665638,25774.0,7041.755524098302,18742.916223399,764.890864741523,Healthy
6,71,5752.100909090909,1571.6923428158796,12805.48,2593.2923656462012,8345.393274737111,536.2882111836373,Healthy
6,72,80187.18111888113,36099.67962242632,342578.65,59564.47137700343,139751.65249588457,2002.3383969609274,Healthy
6,74,21902.677482517483,3090.477947378993,35098.76,5099.2886131753385,27001.96609569282,1046.486442399458,Healthy
6,77,625.185,914.7345453463535,1272.0,1509.3119998214831,2134.496999821483,176.8028563117689,High Risk
6,78,7.555555555555555,13.611677992730279,36.0,22.459268688004958,30.01482424356051,19.436506316151,High Risk
6,79,24457.038601398603,2930.148113018073,34395.14,4834.744386479821,29291.782987878425,1105.8263562015197,Healthy
6,80,13724.418181818182,1293.8055379572254,17978.28,2134.7791376294217,15859.197319447605,828.3845176552427,Healthy
6,81,15454.445734265735,1569.0562485525534,20428.4,2588.942810111713,18043.38854437745,879.046236959858,Healthy
6,82,20111.96874125874,7655.412227792413,76877.4,12631.430175857482,32743.398917116225,1002.7953116478642,Healthy
6,83,4031.0139160839162,720.7246037120035,6712.54,1189.1955961248057,5220.209512208722,448.9439784696926,Healthy
6,85,2682.87965034965,944.8960219236083,7004.47,1559.0784361739536,4241.958086523604,366.2567166858275,Healthy
6,87,40390.25741258741,6737.259860472671,57071.9,11116.478769779906,51506.73618236731,1421.0956585076779,Healthy
6,90,53715.36608391608,5419.8482479263885,82352.83,8942.74960907854,62658.11569299462,1638.8313836987027,Healthy
6,91,45270.40517482518,3007.2422982676235,52404.36,4961.949792141579,50232.354966966755,1504.500002905038,Healthy
6,92,99024.7965034965,12209.432165741946,155606.08,20145.563073474208,119170.35957697072,2225.1381586712373,Healthy
6,93,41359.65118881119,5117.752796443876,60994.99,8444.292114132395,49803.94330294359,1438.048177023482,Healthy
6,94,41701.693496503496,4856.846095533061,56025.86,8013.79605762955,49715.48955413305,1443.9822280156964,Healthy
6,95,89208.78629370629,10834.528965940566,119607.69,17876.972793801935,107085.75908750822,2111.9752163994053,Healthy
6,96,30450.542237762238,5083.777919330228,50336.79,8388.233566894874,38838.77580465711,1233.907254167878,Healthy
6,97,20637.667062937064,2113.6792631513003,28324.66,3487.5707841996455,24125.23784713671,1015.8165942466451,Healthy
6,98,9728.100629370629,1892.6322995683342,18224.63,3122.843294287751,12850.94392365838,697.4274381385718,Healthy
6,99,388.63675,667.9588366496826,3340.0,1102.1320804719762,1490.7688304719763,139.3981258841022,High Risk
7,1,9542.80125874126,3007.674434628543,24797.06,4962.662817137096,14505.464075878355,690.753257637677,Healthy
7,2,22603.69076923077,3914.810375780289,39099.8,6459.437120037477,29063.127889268246,1063.1013773208736,Healthy
7,3,8633.536923076923,3679.8513373464903,24180.98,6071.7547066217085,14705.291629698631,657.0211915561371,Healthy
7,4,14950.518601398602,2701.2065852356723,22442.33,4456.990865638859,19407.50946703746,864.5958189061118,Healthy
7,5,13860.35048951049,7942.63233506288,64375.51,13105.343352853752,26965.693842364242,832.4767411018307,Healthy
7,6,6329.928811188811,3646.1771922955395,27957.25,6016.19236728764,12346.121178476451,562.5801636739786,Healthy
7,7,10925.757062937064,6396.56786066084,52420.28,10554.336970090386,21480.09403302745,739.1128825469443,Healthy
7,8,13970.61937062937,1273.3597868632037,20838.88,2101.043648324286,16071.663018953657,835.7816512292361,Healthy
7,9,29722.736083916083,15607.40210720907,69705.84,25752.213476894965,55474.949560811045,1219.0721078737731,Healthy
7,10,21136.56027972028,3403.267625731487,34775.89,5615.391582456953,26751.951862177233,1028.0214073578497,Healthy
7,11,15362.294125874127,3779.1244109837708,29762.38,6235.555278123222,21597.84940399735,876.4215345903513,Healthy
7,12,5674.272517482517,1764.7676116767323,9200.98,2911.866559266608,8586.139076749125,532.6477502760392,Healthy
7,13,14916.528391608392,2074.389914303212,20915.88,3422.7433586003,18339.271750208693,863.6124244013744,Healthy
7,14,10108.054475524475,3136.6980844924656,27010.25,5175.5518394125675,15283.606314937042,710.9168191681948,Healthy
7,16,13788.44888111888,12115.506822166462,48845.76,19990.58625657466,33779.03513769354,830.3146656876199,High Risk
7,17,5568.405384615385,1440.4961752611248,12421.2,2376.818689180856,7945.22407379624,527.6554455615608,Healthy
7,18,4255.952842105264,6781.653987400321,27133.07,11189.729079210529,15445.681921315792,461.2999480872106,High Risk
7,19,468.26461538461535,840.1675944305529,3090.17,1386.2765308104122,1854.5411461950275,153.01382541859007,High Risk
7,20,3127.7785314685316,812.8292933354253,5724.52,1341.1683340034517,4468.946865471983,395.46039823657003,Healthy
7,21,1885.2651748251747,561.5521174072644,3888.83,926.5609937219862,2811.8261685471607,307.0232218273705,Healthy
7,22,6814.387692307692,2250.061168285191,18329.47,3712.600927670565,10526.988619978258,583.711730750192,Healthy
7,23,14138.214265734267,4233.956783607792,37454.4,6986.0286929528565,21124.242958687122,840.779824500275,Healthy
7,24,2555.7652447552446,1183.6320462700855,8200.22,1952.992876345641,4508.758121100886,357.474841405325,Healthy
7,25,5219.990279720279,1605.5517636520221,12075.42,2649.1604100258364,7869.150689746116,510.88111531550464,Healthy
7,26,1948.9158041958044,571.6783595847254,4982.68,943.2692933147969,2892.1850975106013,312.1630827144527,Healthy
7,27,644.6328671328671,174.87866648341472,1077.24,288.5497996976343,933.1826668305014,179.53173356441295,Healthy
7,28,190.66951048951051,78.1839220740777,415.93,129.0034714222282,319.6729819117387,97.63951825196357,Healthy
7,29,1363.6124475524475,406.7614453616514,4037.38,671.1563848467248,2034.7688323991724,261.1141941328016,Healthy
7,30,1103.170979020979,290.97664152733586,1944.75,480.1114585201041,1583.2824375410833,234.85857223241598,Healthy
7,31,1799.5592307692307,1073.8271948673719,6695.72,1771.8148715311636,3571.374102300394,299.96326698191154,Healthy
7,32,5376.747902097902,3130.2033775270065,28632.32,5164.83557291956,10541.583475017462,518.4953183056672,Healthy
7,33,2279.562097902098,1042.0336149580828,7322.08,1719.3554646808366,3998.9175625829344,337.60643491365045,Healthy
7,34,4684.3937762237765,1314.7912015145234,9150.14,2169.4054824989635,6853.79925872274,483.9624869875648,Healthy
7,35,403.049020979021,238.26907899108545,1314.01,393.14398033529096,796.1930013143119,141.9593288549613,Healthy
7,36,1880.9101398601401,1280.6447213750955,7943.62,2113.0637902689073,3993.9739301290474,306.6683990779079,High Risk
7,38,31451.814685314686,4484.6513964751775,44914.44,7399.674804184043,38851.48948949873,1254.0297979975333,Healthy
7,40,31603.352097902094,6191.725394970477,47038.13,10216.346901701287,41819.69899960338,1257.047176877266,Healthy
7,41,1606.0044055944056,937.9779892539168,5855.28,1547.6636822689627,3153.6680878633683,283.37293498095454,Healthy
7,42,6485.042307692308,1085.4780772516467,9526.35,1791.038827465217,8276.081135157525,569.4313965567892,Healthy
7,44,3562.4972027972026,825.9900426363347,7886.82,1362.8835703499522,4925.380773147155,422.048409711327,Healthy
7,45,22.821058823529413,21.49020230928777,107.46,35.45883381032482,58.27989263385423,33.779475146551206,High Risk
7,46,14670.128741258743,3468.7483327323735,25053.21,5723.434749008416,20393.56349026716,856.44990341697,Healthy
7,47,-9.90625,200.89202894009176,459.0,331.4718477511514,321.5655977511514,,High Risk
7,48,1385.855421686747,1150.699375168393,5105.0,1898.6539690278485,3284.5093907145956,263.2352010737495,High Risk
7,49,31.35671052631579,25.09120124070895,148.5,41.40048204716977,72.75719257348555,39.59590289810032,High Risk
7,51,35.368205128205126,48.00773374494194,209.72,79.21276067915419,114.58096580735932,42.0524702771461,High Risk
7,52,1303.6146153846155,473.70311832958,3248.34,781.6101452438069,2085.2247606284222,255.305171841917,Healthy
7,54,65.396,65.77648623889453,324.0,108.53120229417597,173.92720229417597,57.18216505170122,High Risk
7,55,6616.540489510489,4421.763879454642,32922.6,7295.910401100159,13912.45089061065,575.1756466293792,High Risk
7,56,6417.87902097902,11336.458804700907,53126.23,18705.157027756497,25123.036048735517,566.4750224404877,High Risk
7,58,972.6285,732.2092459711267,5725.0,1208.145255852359,2180.773755852359,220.52533868016167,High Risk
7,59,81.48948717948718,86.86802955262333,508.96,143.33224876182848,224.82173594131567,63.831609402978074,High Risk
7,60,99.73398601398603,60.258962890574956,484.0,99.42728876944867,199.1612747834347,70.61656534198829,Healthy
7,67,3989.6420979020977,1479.8190607376057,12428.22,2441.701450217049,6431.343548119146,446.63419584163603,Healthy
7,71,2394.07979020979,691.9572346861203,5542.24,1141.7294372320985,3535.8092274418887,345.98264336594906,Healthy
7,72,45089.824895104895,23509.877914300578,222921.09,38791.298558595954,83881.12345370086,1501.4963352453594,Healthy
7,74,9714.135314685316,1684.7902964960751,14516.4,2779.9039892185237,12494.039303903839,696.9266573566158,Healthy
7,77,293.25,259.9709919715403,677.0,428.95213675304143,722.2021367530415,121.08881038312335,High Risk
7,78,12.0,,12.0,,,24.49489742783178,Healthy
7,79,5856.907272727272,1029.2082471165154,8510.23,1698.1936077422504,7555.100880469523,541.15188592147,Healthy
7,80,450.67029629629627,244.61670365568708,1132.8,403.61756103188367,854.2878573281799,150.11167447875204,Healthy
7,81,6426.511888111888,1277.537532703493,9939.35,2107.9369289607635,8534.44881707265,566.8558850409814,Healthy
7,82,9500.961958041958,2904.0883685962217,33330.44,4791.745808183766,14292.707766225725,689.2373306068803,Healthy
7,83,574.0990714285714,254.40071702224765,1167.77,419.76118308670857,993.86025451528,169.42536283398826,Healthy
7,85,2056.1846853146853,853.234015099175,7281.92,1407.8361249136387,3464.020810228324,320.63879095601374,Healthy
7,87,11113.217202797203,2972.762632992898,18339.79,4905.058344438282,16018.275547235484,745.4266296154573,Healthy
7,90,13858.405874125874,4673.264012798784,28336.78,7710.885621117994,21569.291495243866,832.4183405633814,Healthy
7,91,10263.880000000001,3567.86094886333,20666.13,5886.970565624494,16150.850565624496,716.3755998078103,Healthy
7,92,26530.89055944056,5589.1529221544715,44365.3,9222.102321554878,35752.992880995436,1151.7571480012737,Healthy
7,93,1328.1782517482518,615.3683047234313,3173.74,1015.3577027936616,2343.5359545419133,257.6992677277384,Healthy
7,94,699.3325217391305,735.1389938833305,3547.88,1212.9793399074952,1912.3118616466256,186.99365253119294,High Risk
7,95,34208.097272727275,8129.49522536251,53964.2,13413.66712184814,47621.76439457542,1307.8244773808003,Healthy
7,96,1123.3832167832168,783.1968698510668,4853.02,1292.27483525426,2415.658052037477,237.00033932288122,High Risk
7,97,4374.927902097902,1614.4502152147131,9347.22,2663.8428551042766,7038.770757202179,467.7033195358946,Healthy
7,98,260.88659574468085,136.4580844112412,637.07,225.15583927854797,486.0424350232288,114.2117760444782,Healthy
7,99,15.0,,15.0,,,27.386127875258307,Healthy
8,1,14789.827342657343,7499.892980871196,48385.22,12374.823418437474,27164.650761094817,859.9368390369534,Healthy
8,2,35729.82174825175,2705.7404849721534,49718.81,4464.471800204053,40194.293548455804,1336.5968305411275,Healthy
8,3,10683.305104895104,8098.106814982849,49937.4,13361.8762447217,24045.181349616803,730.8660993949269,High Risk
8,4,21089.3093006993,1940.4866912222737,28787.37,3201.8030405167515,24291.112341216052,1026.8716886909313,Healthy
8,5,19838.84923076923,9673.966281691732,76379.72,15962.044364791356,35800.893595560585,995.9630824174466,Healthy
8,6,3395.4254545454546,2418.447118956658,19473.12,3990.4377462784855,7385.86320082394,412.03309664063727,High Risk
8,7,20268.743776223775,14919.010982114365,119510.23,24616.3681204887,44885.11189671248,1006.6961750256077,High Risk
8,8,26438.524335664337,1790.9706904709924,32225.28,2955.101639277137,29393.625974941475,1149.7505019712828,Healthy
8,9,11792.66167832168,3475.9360312565173,26966.54,5735.294451573253,17527.956129894934,767.8756956149114,Healthy
8,10,20666.433776223774,2569.8229866796905,28980.76,4240.207928021489,24906.641704245263,1016.5243178651402,Healthy
8,11,18628.06146853147,4580.2078814462,34166.06,7557.34300438623,26185.404472917697,965.0922616136622,Healthy
8,12,7132.540769230769,1243.9721998490525,9955.54,2052.554129750936,9185.094898981704,597.1825838565107,Healthy
8,13,25257.586433566434,1442.3495056513468,28710.5,2379.876684324722,27637.463117891155,1123.7790359667338,Healthy
8,14,10771.757342657344,4684.711918984108,41082.45,7729.774666323778,18501.53200898112,733.8854591370967,Healthy
8,16,16500.473776223775,12186.886071508385,48042.03,20108.362017988835,36608.83579421261,908.3081463970191,High Risk
8,17,7494.439020979021,1524.761432093704,14411.0,2515.856362954611,10010.295383933631,612.1453675794263,Healthy
8,18,6304.3180172413795,9425.381023275324,43444.45,15551.878688404284,21856.196705645663,561.4409148450699,High Risk
8,19,1065.8739160839161,861.5192531891216,6753.58,1421.5067677620507,2487.380683845967,230.85427395696144,High Risk
8,20,3771.235734265734,797.0945080680452,5595.43,1315.2059383122746,5086.441672578008,434.23701674694513,Healthy
8,21,4685.762377622378,959.9779454031768,8880.83,1583.9636099152417,6269.72598753762,484.0331795250393,Healthy
8,22,7138.1132867132865,2109.3443538287584,17164.73,3480.418183817451,10618.531470530737,597.4158219662953,Healthy
8,23,14693.072587412587,4845.000313852185,44445.22,7994.250517856105,22687.323105268693,857.1193787160744,Healthy
8,24,4429.390909090909,2110.263139548692,11880.31,3481.9341802553413,7911.32508934625,470.60550937546986,Healthy
8,25,6801.176503496504,1356.2222004857852,12949.28,2237.7666308015455,9038.94313429805,583.1456294741694,Healthy
8,26,6156.060979020979,1896.9268377025555,14182.51,3129.9292822092166,9285.990261230196,554.800008066915,Healthy
8,27,923.8206993006992,506.5824795623191,3959.56,835.8610912778265,1759.6817905785256,214.9209970315487,Healthy
8,28,316.6808391608392,149.89324094495043,911.77,247.3238475591682,564.0046867200074,125.8333896787413,Healthy
8,29,2915.29006993007,988.0952611253869,9604.77,1630.3571808568881,4545.6472507869585,381.7911778662565,Healthy
8,30,2335.2618181818184,479.06940250782696,3584.8,790.4645141379144,3125.726332319733,341.70614701683513,Healthy
8,31,1415.6996503496503,943.3369503496338,5034.68,1556.5059680768957,2972.2056184265457,266.05447283870745,High Risk
8,32,5807.735244755245,3650.283240859698,28022.02,6022.967347418501,11830.702592173746,538.8754607864067,High Risk
8,33,5115.140979020979,1991.6453808778995,12565.34,3286.214878448534,8401.355857469513,505.7242815517651,Healthy
8,34,8371.814055944056,1698.209387263263,15502.0,2802.0454889843836,11173.85954492844,646.9858598124096,Healthy
8,35,1885.4702097902098,507.17772034538797,3734.0,836.8432385698901,2722.3134483600998,307.0399167689936,Healthy
8,36,989.1644055944057,720.6554901738957,3762.0,1189.0815587869279,2178.2459643813336,222.3920418533907,High Risk
8,37,2248.6220279720283,391.8990094391403,3860.38,646.6333655745815,2895.25539354661,335.3074729238843,Healthy
8,38,58609.542937062935,7679.930886615351,83057.92,12671.885962915328,71281.42889997826,1711.8636472725118,Healthy
8,40,38028.8806993007,3351.0236013908334,47156.52,5529.188942294875,43558.069641595575,1378.9285822569038,Healthy
8,41,1147.069160839161,1005.0106943159518,7405.74,1658.2676456213203,2805.336806460481,239.48582012711745,High Risk
8,42,5284.069160839161,577.958036929502,7252.25,953.6307609336782,6237.699921772839,514.0072548534291,Healthy
8,44,3700.214405594406,922.9701962758887,8549.59,1522.9008238552162,5223.115229449622,430.1287252436418,Healthy
8,45,6.166428571428571,6.839366375446079,11.97,11.28495451948603,17.4513830909146,17.559083933150628,High Risk
8,46,17933.37125874126,3383.316113810566,39927.93,5582.471587787434,23515.842846528692,946.9258487004475,Healthy
8,47,41.958333333333336,90.34189059882296,199.0,149.06411948805788,191.02245282139123,45.80302027887099,High Risk
8,49,2272.3923076923074,816.239825527419,5422.56,1346.7957121202414,3619.188019812549,337.0750886443781,Healthy
8,51,17.386666666666667,23.99484833597968,61.08,39.59149975436647,56.97816642103314,29.484459183327974,High Risk
8,52,1945.2155944055946,715.2762481565659,3867.53,1180.2058094583335,3125.4214038639284,311.86660565100544,Healthy
8,54,67.89480314960629,77.97010835306006,516.5,128.65067878254908,196.54548193215538,58.26439871379704,High Risk
8,55,7072.041048951049,3598.390346612882,30105.84,5937.344071911255,13009.385120862304,594.644475672273,Healthy
8,56,5129.931048951049,5671.430048349049,20219.79,9357.85957977593,14487.79062872698,506.4548868828816,High Risk
8,58,2025.4351145038167,1694.2129922371562,7592.0,2795.4514371913074,4820.886551695125,318.2322355217819,High Risk
8,59,620.9097202797202,1159.1875658608487,10063.28,1912.6594836704003,2533.5692039501205,176.1972928679269,High Risk
8,60,236.34545454545454,71.36630830852683,563.2,117.75440870906925,354.0998632545238,108.70728001046079,Healthy
8,67,5298.26027972028,2746.7507375414366,16581.89,4532.13871694337,9830.39899666365,514.6970118293033,Healthy
8,71,2299.2993006993006,897.1110836713513,5386.0,1480.2332880577294,3779.5325887570298,339.0648389835859,Healthy
8,72,37373.3693006993,18919.91624319171,153431.69,31217.86180126632,68591.23110196562,1366.992489019221,Healthy
8,74,9137.057552447552,1655.7343653378905,14351.29,2731.961702807519,11869.01925525507,675.9089270178176,Healthy
8,77,333.0,161.10865898517062,477.0,265.8292873255315,598.8292873255315,129.0348790056394,Healthy
8,78,7.228,8.156143969085173,19.76,13.457637548990535,20.685637548990535,19.01052340152685,High Risk
8,79,21138.98622377622,2948.755894594185,29645.68,4865.447226080405,26004.433449856624,1028.0804011305784,Healthy
8,80,9188.915104895106,756.2232363685712,11990.43,1247.7683400081423,10436.683444903249,677.8242805069433,Healthy
8,81,12591.407622377623,744.4968148968063,14447.05,1228.4197445797304,13819.827366957354,793.4547127082183,Healthy
8,82,14826.027482517484,4939.384211531719,52047.77,8149.983949027336,22976.01143154482,860.9886027851205,Healthy
8,83,2633.3274825174826,607.8303276031734,4845.79,1002.920040545236,3636.2475230627188,362.8586145124215,Healthy
8,85,2321.86006993007,805.0204148408648,6232.03,1328.2836844874269,3650.143754417497,340.72423379692776,Healthy
8,87,20204.175594405595,4388.737374578964,30284.41,7241.41666805529,27445.592262460887,1005.0914285378618,Healthy
8,90,39333.56615384615,3571.5735159420638,54111.86,5893.096301304405,45226.66245515055,1402.3830816479167,Healthy
8,91,31530.56090909091,2778.8579596805866,36590.37,4585.115633472968,36115.67654256387,1255.5986800942987,Healthy
8,92,60465.63,7622.74951388406,90573.29,12577.5366979087,73043.1666979087,1738.7586088931378,Healthy
8,93,27515.635314685314,3707.5812214192783,37248.48,6117.509015341809,33633.14433002712,1172.9372386169116,Healthy
8,94,25442.578041958044,3326.993194015539,37627.77,5489.538770125639,30932.11681208368,1127.8869190206535,Healthy
8,95,62951.46370629371,4566.389604094226,73945.03,7534.542846755473,70486.00655304918,1774.1401256142892,Healthy
8,96,16.986666666666668,17.753887837128335,36.96,29.293914931261753,46.28058159792842,29.143323992525858,High Risk
8,97,16978.366503496505,1527.7432894661374,20638.56,2520.7764276191265,19499.14293111563,921.3676384456019,Healthy
8,98,6880.466433566433,1439.984741510222,13205.59,2375.974823491866,9256.441257058299,586.535013173401,Healthy
8,99,298.1537142857143,629.6049394383831,2900.0,1038.8481500733321,1337.0018643590465,122.09703401100992,High Risk
9,1,11846.558251748253,4280.462419401212,27993.33,7062.762992012,18909.321243760252,769.6284250126242,Healthy
9,2,24969.477412587414,2269.1041713710265,34028.54,3744.0218827621934,28713.499295349608,1117.351274501162,Healthy
9,3,7497.356783216784,5253.188943153871,36042.32,8667.761756203887,16165.11853942067,612.26451731326,High Risk
9,4,17165.94776223776,1329.4676888627903,20918.69,2193.6216866236036,19359.569448861363,926.4434079380607,Healthy
9,5,19282.746013986016,8524.536437576648,66611.27,14065.485122001468,33348.23113598749,981.9049346547256,Healthy
9,6,2806.4163636363637,2332.01124880617,20060.58,3847.81856053018,6654.234924166543,374.5942046826381,High Risk
9,7,13826.694335664335,8957.903442856179,68215.32,14780.540680712695,28607.23501637703,831.4654032388942,High Risk
9,8,21424.4706993007,1759.0258172538886,27052.74,2902.392598468916,24326.863297769614,1034.9992922533982,Healthy
9,9,13196.56972027972,4316.51976649224,31608.96,7122.257614712195,20318.827334991915,812.2982740434612,Healthy
9,10,12810.48034965035,1821.0575396430302,17294.46,3004.744940411,15815.22529006135,800.3274439143753,Healthy
9,11,14721.070979020978,3551.417076554668,27952.28,5859.838176315202,20580.90915533618,857.935632172396,Healthy
9,12,6466.066013986015,1205.4008325584446,9170.34,1988.9113737214334,8454.977387707448,568.597661531685,Healthy
9,13,22133.40062937063,1489.926295444862,26962.89,2458.3783874840224,24591.779016854653,1051.9838551368227,Healthy
9,14,7369.519580419581,3258.28195828957,26349.77,5376.16523117779,12745.68481159737,607.0222228394765,Healthy
9,16,12013.562797202798,8956.925913201518,39190.81,14778.927756782503,26792.4905539853,775.0342830224608,High Risk
9,17,4951.019090909091,911.3122436509016,10112.59,1503.6652020239876,6454.684292933078,497.5449271628187,Healthy
9,18,4100.968363636363,5591.468838759409,24941.32,9225.923583953025,13326.891947589389,452.82272268716616,High Risk
9,19,1444.7647552447552,407.67894920872806,3949.66,672.6702661944013,2117.4350214391566,268.77172054038306,Healthy
9,20,2567.934895104895,620.6441708167628,5724.91,1024.0628818476584,3591.9977769525535,358.3249150634725,Healthy
9,21,3614.4887412587414,614.0635317946302,7355.58,1013.2048274611398,4627.693568719881,425.11696868384007,Healthy
9,22,4941.852587412588,1557.4680594173453,12979.66,2569.8222980386195,7511.674885451208,497.0841270556015,Healthy
9,23,11000.58972027972,3094.399843909745,27471.53,5105.759742451079,16106.3494627308,741.6397279097082,Healthy
9,24,2477.753986013986,1043.0050626922214,6588.44,1720.9583534421652,4198.712339456151,351.976844835991,Healthy
9,25,5204.926433566434,1111.3005843309793,10129.19,1833.6459641461158,7038.57239771255,510.1434324563256,Healthy
9,26,4032.770769230769,1102.5732703499796,7185.32,1819.245896077466,5852.016665308235,449.0418003499657,Healthy
9,27,703.2374125874126,386.5780790086509,3023.7,637.8538303642739,1341.0912429516866,187.51498774596826,Healthy
9,28,246.34566433566434,102.98904541472281,600.4,169.93192493429262,416.27758926995693,110.98325647043889,Healthy
9,29,1919.3892307692306,589.4533095333562,5577.07,972.5979607300377,2891.987191499268,309.7893825463706,Healthy
9,30,1601.397972027972,349.851246263402,2469.68,577.2545563346133,2178.652528362585,282.96624993344807,Healthy
9,31,1100.412027972028,557.2035930310424,3602.5,919.3859285012198,2019.7979564732477,234.56470620833264,Healthy
9,32,4458.402797202797,2836.467854608994,23119.84,4680.17196010484,9138.574757307637,472.1441939282319,High Risk
9,33,2564.0693006993006,908.9326518409414,5800.79,1499.7388755375532,4063.808176236854,358.0551145214449,Healthy
9,34,5711.07909090909,1285.9732939103264,8842.85,2121.8559349520383,7832.935025861128,534.3724867032869,Healthy
9,35,1445.7544055944056,417.7261250004827,2968.5,689.2481062507964,2135.002511845202,268.8637578397659,Healthy
9,36,800.5064084507043,758.7142031471548,5025.5,1251.8784351928052,2052.3848436435096,200.06329104194808,High Risk
9,38,78211.80265734265,8842.185528577524,103033.67,14589.606122152913,92801.40877949556,1977.5212092079146,Healthy
9,40,29158.154125874127,2119.4788572513926,36429.04,3497.1401144647975,32655.294240338924,1207.43848965225,Healthy
9,41,1008.2020979020979,661.0496119476444,3053.0,1090.7318597136132,2098.933957615711,224.521947468627,High Risk
9,42,3063.9082517482516,626.3298331688701,5242.16,1033.4442247286356,4097.352476476887,391.4018556259188,Healthy
9,44,3328.3527272727274,887.8325344550493,6929.1,1464.9236818508314,4793.276409123559,407.9431778613737,Healthy
9,45,14.957647058823529,19.3619412538528,85.8,31.94720306885712,46.904850127680646,27.347437776529933,High Risk
9,46,7773.091468531469,1810.2083170328403,21887.77,2986.843723104186,10759.935191635655,623.4216658302577,Healthy
9,47,-3.0699999999999994,218.0745554378405,398.0,359.8230164724368,356.7530164724368,,High Risk
9,48,763.7878787878788,622.5168398130414,2694.0,1027.1527856915184,1790.9406644793971,195.421068309929,High Risk
9,49,39.09710144927536,26.931119879155403,118.92,44.43634780060641,83.53344924988177,44.21374302706985,High Risk
9,51,4.72,6.305172479797837,12.0,10.40353459166643,15.12353459166643,15.362291495737216,High Risk
9,52,1672.207132867133,428.6540129364363,3490.13,707.2791213451198,2379.486254212253,289.15455494139576,Healthy
9,54,57.5238,57.5701599680553,380.0,94.99076394729124,152.51456394729124,53.630122132995375,High Risk
9,55,8607.05048951049,3874.1760952190416,29166.26,6392.390557111418,14999.441046621909,656.0125947537322,Healthy
9,56,3070.459645390071,3762.09938965816,18599.28,6207.463992935964,9277.923638326034,391.8200891601955,High Risk
9,59,214.68418803418803,385.35024958099706,2896.19,635.8279118086451,850.5120998428331,103.60602975555719,High Risk
9,60,80.78,37.6223816364674,246.4,62.07692970017121,142.8569297001712,63.55312738174259,Healthy
9,67,3493.406223776224,1545.559539862143,9768.45,2550.173240772536,6043.57946454876,417.93577399979915,Healthy
9,71,1389.0862937062936,527.799664246218,3773.16,870.8694460062596,2259.955739712553,263.54186514729435,Healthy
9,72,32268.857132867135,15436.075386554188,139427.43,25469.52438781441,57738.38152068155,1270.2137051076709,Healthy
9,74,7289.247062937063,1417.7565807312646,14399.6,2339.2983582065867,9628.54542114365,603.7071750003086,Healthy
9,77,477.0,449.7199128346442,795.0,742.0378561771629,1219.037856177163,154.434452114805,High Risk
9,78,0.0,18.215070683365465,12.88,30.054866627553015,30.054866627553015,0.0,High Risk
9,79,12208.863916083916,916.3201544812268,14962.72,1511.9282548940241,13720.79217097794,781.3086431137159,Healthy
9,80,-10.334666666666667,52.55581901541401,14.36,86.71710137543312,76.38243470876645,,High Risk
9,81,2381.7839160839158,247.32671374609643,3112.22,408.0890776810591,2789.872993764975,345.0930248559014,Healthy
9,82,9933.852097902098,3148.571723932789,33689.81,5195.143344489102,15128.995442391199,704.7642193635435,Healthy
9,85,876.6294405594405,307.4360558082809,2512.14,507.26949208366347,1383.898932643104,209.35967144598794,Healthy
9,87,14689.862937062937,3040.3656915472848,22391.79,5016.60339105302,19706.466328115956,857.0257562367347,Healthy
9,90,2981.2495104895106,452.80419663692646,4220.77,747.1269244509286,3728.376434940439,386.08609859003667,Healthy
9,91,869.2732867132868,287.36436976344845,1738.65,474.15121010968994,1343.4244968229768,208.47940986021698,Healthy
9,92,14123.063146853146,3117.120701606936,23780.19,5143.249157651444,19266.31230450459,840.3291958171258,Healthy
9,93,21.24,19.318157262016477,34.9,31.874959482327185,53.11495948232718,32.58834147360065,High Risk
9,94,599.1125675675676,1253.5467199308853,6614.75,2068.3520878859604,2667.464655453528,173.0769435204423,High Risk
9,95,29575.05076923077,5429.443089366062,42202.77,8958.581097454002,38533.63186668477,1216.0396944432111,Healthy
9,96,3596.107762237762,735.4848644897787,5493.42,1213.5500264081347,4809.657788645896,424.0346543761348,Healthy
9,97,372.65555555555557,290.95467529802266,766.93,480.07521424173734,852.7307697972929,136.5019332382431,High Risk
9,98,27.93,26.85712453822148,75.77,44.31425548806544,72.24425548806545,37.36977388210959,High Risk
10,1,39925.13895104895,23688.629824516567,140537.2,39086.23921045233,79011.37816150128,1412.8895737291175,Healthy
10,2,109795.29146853146,7946.179425154083,151090.5,13111.196051504237,122906.4875200357,2343.0246634268647,Healthy
10,3,32086.18146853147,22624.131036502175,120827.95,37329.816210228586,69415.99767876006,1266.6132296113813,High Risk
10,4,48579.82636363636,2732.129861652476,55495.92,4508.014271726585,53087.84063536295,1558.5221583865332,Healthy
10,5,58373.46027972028,32503.778966400467,259955.82,53631.23529456077,112004.69557428105,1708.4124250268185,Healthy
10,6,10556.55076923077,6217.121850887305,54564.47,10258.251053964053,20814.801823194823,726.5174041009193,Healthy
10,7,58964.715664335665,49692.18556557506,406988.63,81992.10618319885,140956.8218475345,1717.0427435613778,High Risk
10,8,86739.84664335665,4154.671706547105,103627.76,6855.208315802723,93595.05495915937,2082.5446771120737,Healthy
10,9,64436.72251748252,10501.874833003445,106243.53,17328.093474455683,81764.8159919382,1794.9473880518408,Healthy
10,10,48108.0634965035,4216.482765949898,57258.38,6957.1965638173315,55065.26006032083,1550.9362252604633,Healthy
10,11,32911.81538461538,5631.06759717053,55009.94,9291.261535331374,42203.076919946754,1282.805818988505,Healthy
10,12,9243.15853146853,1157.3817263255617,11797.58,1909.6798484371766,11152.838379905708,679.8219815315084,Healthy
10,13,62799.06748251749,4055.6549873486842,74020.63,6691.830729125329,69490.89821164281,1771.9913583665905,Healthy
10,14,40044.63776223776,11152.710098340744,107085.6,18401.971662262225,58446.609424499984,1415.0024339597046,Healthy
10,16,30273.874755244753,14937.607657806397,57856.62,24647.052635380554,54920.92739062531,1230.3226153177213,Healthy
10,17,27206.583356643358,4233.748507620996,50848.81,6985.685037574643,34192.268394218,1166.3314999742431,Healthy
10,18,18255.93380952381,27268.59621577255,120109.74,44993.18375602471,63249.11756554851,955.4039409988795,High Risk
10,19,3077.0884615384616,544.666398725342,4671.25,898.6995578968142,3975.7880194352756,392.2428113769876,Healthy
10,20,15551.453776223778,1976.3017268949322,21318.94,3260.897849376638,18812.351625600415,881.8008215074359,Healthy
10,21,9678.942097902098,1827.1695628122193,20989.48,3014.8297786401617,12693.77187654226,695.6630685145683,Healthy
10,22,25618.934125874126,5432.543483190224,49419.38,8963.69674726387,34582.630873138,1131.789161590491,Healthy
10,23,65729.84657342658,15821.85900509149,165214.36,26106.067358400956,91835.91393182753,1812.8685359593312,Healthy
10,24,15179.222937062936,7037.458607355001,40094.14,11611.806702135751,26791.029639198685,871.1837618167287,Healthy
10,25,21141.616293706295,3422.6569223037695,36739.94,5647.383921801219,26789.000215507513,1028.1443549839266,Healthy
10,26,17197.121678321677,5105.481167078332,38350.56,8424.043925679247,25621.165604000926,927.2842519508696,Healthy
10,27,4361.426503496504,1558.2302135879643,13078.92,2571.079852420141,6932.506355916645,466.98107582087863,Healthy
10,28,1327.1272727272728,519.4960388537751,3065.03,857.1684641087288,2184.2957368360017,257.5972896525964,Healthy
10,29,15703.823426573426,3771.241353329822,40378.08,6222.548232994206,21926.37165956763,886.110134988124,Healthy
10,30,11490.118951048951,1962.618261541508,15771.36,3238.320131543488,14728.439082592438,757.9617058614818,Healthy
10,31,6122.35006993007,2572.6060682390016,17143.35,4244.800012594353,10367.150082524422,553.2788659405883,Healthy
10,32,21571.249510489513,9730.987613547773,93131.81,16056.129562353824,37627.37907284334,1038.5386249555072,Healthy
10,33,14919.34258741259,6396.184209616943,45669.93,10553.703945867956,25473.046533280547,863.6938863802553,Healthy
10,34,43753.47461538461,7260.807260412207,70060.8,11980.33197968014,55733.80659506476,1479.0786763283522,Healthy
10,35,8592.219090909091,1980.4133830591716,14203.0,3267.682082047633,11859.901172956725,655.4471409240066,Healthy
10,36,3654.7978321678324,2857.1512067809876,10653.5,4714.299491188629,8369.097323356462,427.4808669500796,High Risk
10,37,4048.2794405594404,420.45434408368317,5334.02,693.7496677380772,4742.029108297517,449.9044032102509,Healthy
10,38,88068.00776223776,11620.74714746597,117989.51,19174.23279331885,107242.24055555661,2098.4280755155482,Healthy
10,40,99866.58160839161,7082.431366881786,119463.15,11686.011755354946,111552.59336374656,2234.5758166639994,Healthy
10,41,10875.343566433565,6712.7713180668625,42808.15,11076.072674810322,21951.41624124389,737.4057080886195,High Risk
10,42,11608.84951048951,814.5939536084169,14674.16,1344.0800234538879,12952.929533943397,761.8677546165577,Healthy
10,44,8878.497692307692,1839.4938792641497,16459.9,3035.164900785847,11913.662593093539,666.2768828463019,Healthy
10,45,33.19303797468354,29.208583272836623,155.96,48.194162400180424,81.38720037486397,40.73882544617821,High Risk
10,46,54965.004685314685,8691.967633842922,111262.63,14341.74659584082,69306.7512811555,1657.7847370107297,Healthy
10,47,-64.69444444444444,357.1802921650509,598.0,589.347482072334,524.6530376278895,,High Risk
10,48,2175.0013986013987,1199.6995855175526,6414.0,1979.5043161039616,4154.50571470536,329.77275498450433,Healthy
10,49,19815.52237762238,2731.7028142601016,26743.21,4507.309643529167,24322.832021151546,995.3773751101232,Healthy
10,50,4257.66027972028,507.2773621854585,5520.0,837.0076476060065,5094.667927326287,461.392472831985,Healthy
10,51,35.02846153846154,38.80910370994454,110.44,64.03502112140848,99.06348265987002,41.85000689274826,High Risk
10,52,5158.843356643357,1253.9915193116556,12564.81,2069.0860068642314,7227.929363507588,507.88007229282766,Healthy
10,54,217.28359712230215,251.69792074192335,1039.0,415.30156922417353,632.5851663464757,104.2313765433188,High Risk
10,55,20608.687972027972,14212.711158989236,115608.74,23450.973412332238,44059.66138436021,1015.1031467793796,High Risk
10,56,1265.8483916083917,1073.7206682561123,4933.43,1771.6391026225851,3037.487494230977,251.57984732569417,High Risk
10,58,4554.738321678321,1812.4772310651401,9819.0,2990.587431257481,7545.325752935802,477.2178916217581,Healthy
10,59,2006.511118881119,5481.527707778023,49196.79,9044.520717833737,11051.031836714856,316.7420968928127,High Risk
10,60,505.59999999999997,184.4291360960484,1240.8,304.30807455847986,809.9080745584798,158.99685531481433,Healthy
10,67,13352.773566433567,5197.297826087253,30337.66,8575.541413043968,21928.314979477535,817.0915972653729,Healthy
10,71,15768.505524475524,3360.3075261792233,28116.61,5544.507418195718,21313.01294267124,887.9331485105037,Healthy
10,72,142733.75216783216,74674.50569135738,693099.36,123212.93439073967,265946.6865585718,2671.4579555725013,Healthy
10,74,41975.974825174824,5269.473368528735,56702.8,8694.631058072411,50670.60588324723,1448.7231416867548,Healthy
10,77,1590.0,,1590.0,,,281.95744359743367,Healthy
10,78,6.0,15.711688096991452,36.0,25.924285360035896,31.924285360035896,17.320508075688775,High Risk
10,79,37787.772097902096,5198.3942375506485,63542.32,8577.35049195857,46365.122589860664,1374.5503282510629,Healthy
10,80,355.171958041958,261.4378048981093,1061.82,431.3723780818803,786.5443361238383,133.2613893897925,High Risk
10,81,10607.048111888113,907.8506500698928,12922.41,1497.953572615323,12105.001684503435,728.2529818644107,Healthy
10,82,23516.40797202797,9853.221793698416,92559.49,16257.815959602385,39774.22393163035,1084.3525250588013,Healthy
10,83,279.449020979021,116.8672443796546,927.08,192.83095322643007,472.279974205451,118.20512276949357,Healthy
10,85,2933.4715384615383,951.0269724920925,9843.8,1569.1945046119524,4502.666043073491,382.9798649055547,Healthy
10,87,24066.091538461536,3963.780640709732,34870.76,6540.238057171057,30606.329595632593,1096.9524041284,Healthy
10,90,14291.86979020979,1146.4217145440527,16928.39,1891.595828997687,16183.465619207476,845.3363173970994,Healthy
10,91,12703.554405594406,917.3745757488888,16363.1,1513.6680499856664,14217.222455580073,796.9803763454407,Healthy
10,92,50450.73195804196,3980.613934907789,63422.11,6568.012992597852,57018.74495063981,1588.2495389270848,Healthy
10,93,1420.4184615384615,258.78387179621893,2480.04,426.9933884637612,1847.4118500022228,266.4975104516421,Healthy
10,94,393.8331683168317,979.026054221164,5557.5,1615.3929894649207,2009.2261577817524,140.32696966670943,High Risk
10,95,73344.65468531469,7603.0181535278625,96923.06,12544.979953320972,85889.63463863566,1915.0020193894663,Healthy
10,96,11079.676643356643,1508.7824943469498,15015.12,2489.491115672467,13569.16775902911,744.3009016304039,Healthy
10,97,5323.506503496504,427.66434451986214,6720.96,705.6461684577725,6029.152671954276,515.9218207973231,Healthy
10,98,198.17909090909092,299.4626637172551,1595.91,494.11339513347093,692.2924860425619,99.54373182403071,High Risk
11,1,18860.911958041957,9533.12031493925,54900.47,15729.648519649762,34590.56047769172,971.1053485086455,Healthy
11,2,57114.326223776225,4700.147144769128,79290.96,7755.242788869061,64869.56901264528,1689.8864787874988,Healthy
11,3,17628.778671328673,12701.664486518928,71237.75,20957.74640275623,38586.5250740849,938.8497928670132,High Risk
11,4,28837.74454545455,2171.611723518308,35035.34,3583.1593438052078,32420.903889259756,1200.7860872248343,Healthy
11,5,36663.363916083916,15084.70078020135,113522.16,24889.756287332228,61553.12020341614,1353.9454183253458,Healthy
11,6,5925.281678321679,3427.554478304474,29055.34,5655.4648892023815,11580.74656752406,544.3014641869742,Healthy
11,7,34844.10846153846,27686.84470408585,235557.3,45683.29376174165,80527.4022232801,1319.9262945622847,High Risk
11,8,34415.44958041958,2555.7584928317287,44421.19,4217.001513172352,38632.45109359194,1311.782176666911,Healthy
11,9,19056.162167832168,3909.4915812963404,33302.1,6450.661109138961,25506.82327697113,976.1189007449904,Healthy
11,10,23449.992727272725,2836.6168730986833,30300.93,4680.417840612828,28130.410567885552,1082.8202234737012,Healthy
11,11,18045.04020979021,3412.8543878215046,31902.1,5631.209739905482,23676.249949695695,949.8694702376272,Healthy
11,12,4293.703496503496,622.287328673118,5722.72,1026.7740923106448,5320.477588814141,463.3413156898215,Healthy
11,13,41228.14615384616,2927.22791718293,48342.85,4829.926063351834,46058.072217197994,1435.7601846033717,Healthy
11,14,24644.51307692308,7147.821005113752,71276.63,11793.90465843769,36438.41773536077,1110.056599388587,Healthy
11,16,15371.136433566431,8993.257658683433,37178.63,14838.875136827664,30210.011570394097,876.6737258971102,Healthy
11,17,13373.138321678322,2494.5546412183335,26159.6,4116.01515801025,17489.15347968857,817.7144465422609,Healthy
11,18,11033.074285714287,17188.391964015555,82779.39,28360.846740625664,39393.92102633995,742.7339458283258,High Risk
11,19,1435.5870731707316,717.6829292036564,2631.28,1184.176833186033,2619.763906356765,267.91669163853265,Healthy
11,20,9634.961958041958,1564.508561902156,14324.46,2581.4391271385575,12216.401085180516,694.0807574786222,Healthy
11,21,7571.596573426574,1335.6864333474073,15574.1,2203.8826150232217,9775.479188449795,615.2884109678392,Healthy
11,22,15500.204265734266,3203.0502672101993,29203.59,5285.032940896828,20785.237206631093,880.3466438208948,Healthy
11,23,34322.4834965035,7536.115476455226,78141.44,12434.590536151121,46757.07403265462,1310.009227000014,Healthy
11,24,8592.320839160839,3512.202828673617,21796.57,5795.134667311468,14387.455506472306,655.4510217842687,Healthy
11,25,11419.655384615384,2196.755732000839,19989.32,3624.6469578013844,15044.302342416768,755.6340180476057,Healthy
11,26,11332.874685314686,2935.93353683139,23319.16,4844.290335771793,16177.16502108648,752.7574205982525,Healthy
11,27,2203.137482517482,877.0533664616916,6865.4,1447.1380546617909,3650.2755371792728,331.89889142007405,Healthy
11,28,912.481958041958,322.36682899607416,1903.52,531.9052678435223,1444.3872258854803,213.59798197103336,Healthy
11,29,9225.784755244755,2419.025814131876,24904.11,3991.392593317595,13217.177348562349,679.182771985743,Healthy
11,30,6765.267762237762,1231.4449400439087,9300.96,2031.8841510724492,8797.151913310212,581.604150700361,Healthy
11,31,2947.0454545454545,1483.1067792015856,10159.97,2447.1261856826163,5394.171640228071,383.8649146864985,Healthy
11,32,10765.95909090909,5018.599949732335,44232.94,8280.689917058351,19046.64900796744,733.687913588233,Healthy
11,33,8348.490559440559,2857.965657637914,19660.99,4715.643335102558,13064.133894543116,646.0839945177623,Healthy
11,34,22379.14020979021,4068.139454102232,36073.9,6712.430099268682,29091.570309058894,1057.8076434255477,Healthy
11,35,4222.688881118881,1065.2628615339636,7061.72,1757.6837215310397,5980.372602649921,459.4936822807731,Healthy
11,36,2976.055244755245,2030.9267959140566,8535.0,3351.029213258193,6327.084458013438,385.7496108070133,High Risk
11,37,3933.2597902097905,449.32179189741004,5265.38,741.3809566307265,4674.640746840517,443.4670106225372,Healthy
11,38,73555.42538461539,8536.281092547342,93572.4,14084.863802703114,87640.2891873185,1917.7516182318213,Healthy
11,40,53640.645104895106,3587.7087583803354,64097.44,5919.7194513275535,59560.36455622266,1637.6911354845745,Healthy
11,41,1295.7497202797201,948.0672364126268,7355.56,1564.3109400808341,2860.0606603605543,254.53386025043113,High Risk
11,42,6152.948111888111,681.2628702120113,7776.74,1124.0837358498186,7277.03184773793,554.6597205444123,Healthy
11,44,5414.242097902098,1434.5226407851308,11668.63,2366.9623572954656,7781.204455197563,520.300014313958,Healthy
11,45,17.969577464788735,32.204158002904784,267.22,53.13686070479289,71.10643816958162,29.97463716610156,High Risk
11,46,27483.85986013986,5273.500306166617,65092.31,8701.275505174917,36185.135365314774,1172.2597805124053,Healthy
11,47,0.92,173.3727126741691,396.0,286.064975912379,286.984975912379,6.782329983125268,High Risk
11,48,7.5,45.0,30.0,74.25,81.75,19.364916731037084,High Risk
11,49,8122.6477622377615,1739.6324834287814,14097.94,2870.393597657489,10993.041359895251,637.2851701647294,Healthy
11,50,19.75,0.5000000000000002,20.0,0.8250000000000003,20.575,31.424512724941337,Healthy
11,51,14.503333333333334,14.92584320573879,50.23,24.627641289469,39.130974622802334,26.928918780126818,High Risk
11,52,2558.425804195804,804.7474406956601,5004.49,1327.833277147839,3886.259081343643,357.6608592085388,Healthy
11,54,243.77647482014387,285.6508204258248,1371.0,471.3238537026109,715.1003285227548,110.4030060324772,High Risk
11,55,12609.361258741259,6670.666016889386,58041.69,11006.598927867486,23615.960186608747,794.0201905097017,Healthy
11,56,3346.9165734265734,3317.812017930082,16470.06,5474.389829584636,8821.30640301121,409.0792449774599,High Risk
11,58,3298.4962937062937,2100.541346151965,14475.0,3465.893221150742,6764.3895148570355,406.10936296189317,High Risk
11,59,1057.4063636363635,2633.3481556086062,25636.25,4345.0244567542,5402.430820390564,229.93546525453218,High Risk
11,60,187.70714285714286,85.6149713651699,422.4,141.26470275253033,328.9718456096732,96.87805294728597,Healthy
11,67,10119.990979020979,4179.976761455606,26357.82,6896.961656401749,17016.952635422727,711.3364527078933,Healthy
11,71,9661.256013986014,2192.223954107374,16165.72,3617.169524277167,13278.425538263182,695.0271942156658,Healthy
11,72,72246.88888111888,27106.6459775202,245767.47,44725.96586290833,116972.85474402721,1900.6168588266137,Healthy
11,74,23297.207762237762,3393.594038809007,33083.34,5599.430164034861,28896.637926272622,1079.2869813501356,Healthy
11,77,339.424,326.9773981179739,835.0,539.512706894657,878.9367068946569,130.27355833015386,High Risk
11,78,10.833333333333334,7.960318251594384,24.0,13.134525115130733,23.967858448464067,23.273733406281572,High Risk
11,79,31344.327972027975,4121.855610025413,44639.88,6801.061756541931,38145.389728569906,1251.8851379425346,Healthy
11,80,13446.621538461537,1290.8461935911998,17042.87,2129.8962194254796,15576.517757887017,819.9579726565727,Healthy
11,81,12944.031468531468,885.3878443760992,16183.73,1460.8899432205637,14404.921411752031,804.4883923504262,Healthy
11,82,22978.825454545455,8593.441512386036,81865.75,14179.17849543696,37158.00394998241,1071.8867816739194,Healthy
11,83,3327.5896503496506,581.0939783129464,5109.16,958.8050642163615,4286.394714566012,407.8964115035612,Healthy
11,85,1925.0432167832166,536.9670352454458,4228.75,885.9956081549856,2811.038824938202,310.24532363786057,Healthy
11,87,14801.95202797203,2466.5051586885857,22519.33,4069.733511836166,18871.685539808197,860.2892544944413,Healthy
11,90,48995.984195804194,3596.5694887022496,59993.61,5934.339656358711,54930.3238521629,1565.1834428558877,Healthy
11,91,42030.3706993007,3545.7779360781155,49632.19,5850.533594528891,47880.90429382959,1449.6615242755927,Healthy
11,92,77392.74160839162,8280.069664102277,102491.94,13662.114945768755,91054.85655416037,1967.1393139326917,Healthy
11,93,32623.853706293707,4030.818654194499,45972.15,6650.850779420923,39274.70448571463,1277.1815396859936,Healthy
11,94,37474.038531468526,4539.442369171518,54251.43,7490.079909133005,44964.11844060153,1368.8323223000787,Healthy
11,95,77487.2790909091,6408.836149519883,91945.02,10574.579646707807,88061.8587376169,1968.3404061659292,Healthy
11,96,21685.29881118881,2720.94043186695,32970.33,4489.551712580467,26174.85052376928,1041.2804331972443,Healthy
11,97,16596.197552447553,1445.7553732039844,20715.34,2385.496365786574,18981.693918234127,910.9390087280144,Healthy
11,98,9570.35146853147,2149.185978755074,17784.94,3546.156864945872,13116.50833347734,691.7496464954453,Healthy
11,99,520.938125,1314.1746143130756,6280.0,2168.3881136165746,2689.3262386165748,161.39053953066767,High Risk
12,1,17330.08762237762,9266.648895783641,55235.63,15289.970678043006,32620.058300420627,930.8621708496274,Healthy
12,2,74494.84622377623,4894.899166197892,91133.66,8076.58362422652,82571.42984800275,1929.9591475440125,Healthy
12,3,17535.25167832168,14576.256414219051,87706.87,24050.823083461433,41586.074761783115,936.3560134457855,High Risk
12,4,26673.78818181818,1844.8748212260505,32514.29,3044.043455022983,29717.831636841165,1154.8547134124315,Healthy
12,5,27756.204615384617,14443.941775827765,103632.86,23832.50393011581,51588.70854550043,1178.0535772065848,Healthy
12,6,6741.174895104895,3735.370786713066,28099.33,6163.361798076558,12904.536693181453,580.5676056715917,Healthy
12,7,34242.44916083916,29167.596527737805,271698.17,48126.53427076738,82368.98343160654,1308.4809735116357,High Risk
12,8,42229.66503496503,2210.218526342713,48404.67,3646.8605684654767,45876.525603430506,1453.0943712464968,Healthy
12,9,19553.03048951049,4572.634919879705,29671.1,7544.8476178015135,27097.878107312004,988.762622915897,Healthy
12,10,17975.211118881118,2463.1685094866943,23488.87,4064.2280406530454,22039.439159534162,948.0298286151422,Healthy
12,11,17789.77699300699,3573.2979780991363,31703.53,5895.941663863575,23685.718656870566,943.1271651534323,Healthy
12,12,4878.27965034965,732.117623660174,6544.18,1207.994079039287,6086.273729388937,493.8764850825381,Healthy
12,13,46974.984965034964,2515.666457371664,55628.11,4150.849654663245,51125.83461969821,1532.5629671409094,Healthy
12,14,19719.23965034965,4928.5090268150825,45083.58,8132.0398942448855,27851.279544594534,992.9561835838894,Healthy
12,16,7579.577552447553,3775.6250677476605,14896.99,6229.781361783639,13809.358914231192,615.6126035278824,Healthy
12,17,11666.80916083916,1974.8331759190592,18206.41,3258.4747402664475,14925.283901105608,763.7672800283854,Healthy
12,18,9893.141315789475,16154.522014502749,74198.84,26654.961323929536,36548.102639719014,703.3186090169048,High Risk
12,19,2949.156083916084,508.48019786672563,4323.23,838.9923264800973,3788.148410396181,384.0023492061008,Healthy
12,20,6558.721328671329,1283.0395343459616,9874.89,2117.0152316708363,8675.736560342164,572.6570233862207,Healthy
12,21,4225.581188811188,600.696251765563,7707.45,991.1488154131789,5216.730004224368,459.6510191879916,Healthy
12,22,10085.826153846154,2412.901747358755,18021.86,3981.2878831419457,14067.1140369881,710.1347109473721,Healthy
12,23,38809.980769230766,8017.603349067626,87541.72,13229.045525961583,52039.02629519235,1393.0179605667468,Healthy
12,24,11182.713076923077,4917.375310859404,30074.36,8113.669262918016,19296.382339841093,747.7537387710969,Healthy
12,25,20129.94979020979,2921.3682246994736,32004.76,4820.257570754131,24950.20736096392,1003.2434846588785,Healthy
12,26,13748.23,3165.171665082679,26210.13,5222.53324738642,18970.76324738642,829.1028283632857,Healthy
12,27,2017.1763636363635,591.6307108437189,4009.07,976.1906728921361,2993.3670365284997,317.5827737485429,Healthy
12,28,880.1588811188811,242.5473283192284,1543.04,400.2030917267268,1280.3619728456079,209.78070467977759,Healthy
12,29,6973.458391608392,2035.8380149249574,17660.01,3359.1327246261794,10332.591116234571,590.4853254573052,Healthy
12,30,5950.70013986014,1150.0320658860674,9118.42,1897.552908712011,7848.253048572151,545.4676956456789,Healthy
12,31,3510.6525874125873,1967.3233826065052,11338.83,3246.0835813007334,6756.736168713321,418.96614346582874,Healthy
12,32,9506.941888111887,4486.840826117101,40955.95,7403.287363093215,16910.229251205103,689.4542003683742,Healthy
12,33,10888.284195804195,3924.631138389629,26178.8,6475.641378342888,17363.925574147084,737.8442991513926,Healthy
12,34,23284.51090909091,4179.749898708629,37267.5,6896.587332869238,30181.09824196015,1078.9928384630482,Healthy
12,35,2952.662307692308,628.4021732729882,4837.0,1036.8635859004305,3989.5258935927386,384.23054978048714,Healthy
12,36,2468.5036363636364,1930.2912806396462,9192.8,3184.980613055416,5653.4842494190525,351.31920217685484,High Risk
12,38,51935.88314685315,7861.435863882098,83801.71,12971.36917540546,64907.25232225861,1611.4571534306017,Healthy
12,40,48414.82167832168,4069.4228580292183,59633.6,6714.54771574821,55129.36939406989,1555.873093769567,Healthy
12,41,770.4512587412587,625.8230449945828,4246.0,1032.6080242410615,1803.0592829823202,196.27165596963545,High Risk
12,42,5995.964685314685,818.0719192296714,8323.14,1349.8186667289576,7345.7833520436425,547.5383404527342,Healthy
12,44,6753.6625874125875,1327.205198302965,13088.38,2189.888577199892,8943.55116461248,581.1050932237897,Healthy
12,45,27.718170731707314,32.92489943470299,150.97,54.326084067259934,82.04425479896724,37.2277925290416,High Risk
12,46,32805.734195804194,5519.449647642009,62193.89,9107.091918609314,41912.82611441351,1280.7367839607832,Healthy
12,47,-43.89909090909091,350.1984379762979,623.0,577.8274226608914,533.9283317518006,,High Risk
12,49,26.183157894736844,34.27967990129631,130.68,56.56147183713891,82.74462973187576,36.182287030214695,High Risk
12,51,13.154,18.33998921603948,43.48,30.26098220646514,43.41498220646514,25.645662401271682,High Risk
12,52,3806.9972027972026,794.9603285871137,7479.45,1311.6845421687376,5118.68174496594,436.2910268844182,Healthy
12,54,129.7179411764706,128.04616253880874,552.0,211.27616818903442,340.994109365505,80.53506726155712,High Risk
12,55,14179.372727272728,6998.034090678628,59407.33,11546.756249619735,25726.12897689246,842.002753180556,Healthy
12,56,1000.4153146853146,1044.019422831309,4380.3,1722.6320476716596,2723.047362356974,223.65322652326242,High Risk
12,58,2580.6601459854014,1677.2168031053995,8322.0,2767.407725123909,5348.0678711093105,359.2116469426765,High Risk
12,59,1250.0244755244755,2720.2152726078734,26504.68,4488.355199802991,5738.379675327466,250.00244754046665,High Risk
12,60,419.50209790209794,101.17204665191284,765.6,166.93387697565618,586.4359748777541,144.8278457172684,Healthy
12,67,6223.47020979021,2522.6013119024433,17117.37,4162.292164639031,10385.762374429241,557.8292843599289,Healthy
12,71,7628.997132867134,2061.244528643179,16317.41,3401.053472261245,11030.05060512838,617.6162697366033,Healthy
12,72,60536.22223776223,38871.91958618612,360140.66,64138.6673172071,124674.88955496933,1739.7732932448732,High Risk
12,74,17777.107482517484,2775.2592685319487,25745.89,4579.177793077715,22356.285275595197,942.7912675273749,Healthy
12,77,217.88,163.11425983034098,477.0,269.1385287200626,487.0185287200626,104.37432634513145,High Risk
12,78,8.090909090909092,8.287997893997627,20.0,13.675196525096084,21.766105616005177,20.113315354397805,High Risk
12,79,43270.33762237762,3596.878128466715,54923.84,5934.84891197008,49205.186534347704,1470.8898263020521,Healthy
12,80,56.4754609929078,58.89431647906246,323.78,97.17562219045305,153.65108318336087,53.13918563212453,High Risk
12,81,7305.6124475524475,583.6497592303126,9177.09,963.0221027300157,8268.634550282462,604.3844987899859,Healthy
12,82,15254.526993006992,3142.3286879884126,35005.85,5184.842335180881,20439.369328187873,873.3420576442827,Healthy
12,83,208.08601398601397,70.24579460260887,398.84,115.90556109430463,323.9915750803186,102.00147400552945,Healthy
12,85,2284.13979020979,446.24638720827164,3751.11,736.3065388936482,3020.446329103438,337.94524632030186,Healthy
12,87,11452.455664335665,1688.226043566273,16015.79,2785.57297188435,14238.028636220015,756.7184306046623,Healthy
12,90,11060.175454545455,1413.0303440218036,14253.65,2331.500067635976,13391.675522181431,743.6455961862968,Healthy
12,91,6779.841468531468,930.7984898083574,8900.5,1535.8175081837896,8315.658976715258,582.230258082293,Healthy
12,92,24682.599160839163,2788.282092250364,33014.5,4600.6654522131,29283.264613052263,1110.914019194086,Healthy
12,93,562.8972027972028,167.27386752962263,1066.56,276.0018814238773,838.8990842210801,167.7642993603232,Healthy
12,94,355.264,781.1465664509298,3863.15,1288.8918346440341,1644.1558346440343,133.2786554554029,High Risk
12,95,43405.85335664336,5404.013379164084,57821.42,8916.622075620739,52322.4754322641,1473.1913208514936,Healthy
12,96,6.4411764705882355,26.50751588756313,99.0,43.73740121447916,50.178577685067395,17.945997423643295,High Risk
12,97,2394.8947552447553,257.87353557600255,3047.26,425.4913337004042,2820.3860889451594,346.0415260662191,Healthy
12,98,747.6098601398602,225.7021804545807,1424.82,372.40859775005816,1120.0184578899184,193.34035535033294,Healthy
12,99,29.88,,29.88,,,38.65229618017538,Healthy
13,1,47020.45545454545,28048.186207679828,172225.55,46279.507242671716,93299.96269721717,1533.3045270680161,Healthy
13,2,76339.95999999999,7273.697369741214,131234.4,12001.600660073003,88341.560660073,1953.7138992186137,Healthy
13,3,26116.623706293707,19783.30762534698,131564.25,32642.457581822517,58759.08128811623,1142.7297078988913,High Risk
13,4,42563.27545454545,3525.3635333582256,53591.31,5816.849830041072,48380.125284586524,1458.8227351968685,Healthy
13,5,56786.93475524476,30808.44023168955,224823.65,50833.926382287755,107620.86113753251,1685.0361235778412,Healthy
13,6,7886.826993006993,5308.371297816607,41057.9,8758.8126413974,16645.639634404393,627.9660417971259,High Risk
13,7,59896.738601398596,40601.744987422295,292165.78,66992.87922924678,126889.61783064538,1730.559715834715,High Risk
13,8,36238.867972027976,3012.34206564756,56570.18,4970.364408318474,41209.23238034645,1346.0844693411327,Healthy
13,9,41236.445174825174,15798.916945986031,78055.34,26068.21296087695,67304.65813570212,1435.9046830278319,Healthy
13,10,29431.879230769235,4732.234681351511,51316.61,7808.187224229993,37240.06645499923,1213.0927258616555,Healthy
13,11,21280.78979020979,3539.897379700109,34684.93,5840.830676505179,27121.62046671497,1031.5228981997877,Healthy
13,12,7926.647482517483,1296.3848395379196,10750.9,2139.034985237567,10065.68246775505,629.5493420899382,Healthy
13,13,47698.818181818184,3091.2998746631542,58308.96,5100.644793194204,52799.462975012386,1544.3253896413505,Healthy
13,14,26378.644195804198,10781.802173699603,96229.91,17789.973586604345,44168.617782408546,1148.4477392507722,Healthy
13,16,22255.4820979021,18580.840304252295,65226.89,30658.386502016285,52913.86859991838,1054.8810856656332,High Risk
13,17,17713.297902097904,3739.37209142309,41334.01,6169.963950848098,23883.261852946,941.0977075229199,Healthy
13,18,17013.65641025641,21038.199824798932,83384.91,34713.029710918236,51726.68612117464,922.3246828058005,High Risk
13,19,3979.954055944056,909.0779400341164,6593.71,1499.978601056292,5479.932657000349,446.0915856606161,Healthy
13,20,8781.979230769231,1467.8783779348198,12450.8,2421.9993235924526,11203.978554361684,662.6454267090821,Healthy
13,21,9117.091258741259,2355.508918100698,24690.92,3886.589714866151,13003.68097360741,675.1700252062905,Healthy
13,22,16476.987692307695,4521.543321627371,40342.35,7460.546480685162,23937.53417299286,907.6614923061267,Healthy
13,23,30216.25874125874,9466.54806923661,87705.68,15619.804314240408,45836.06305549915,1229.151307635857,Healthy
13,24,10426.793076923077,4463.086080945549,30431.82,7364.092033560155,17790.885110483232,722.0385404160597,Healthy
13,25,15181.84013986014,3604.410662687753,32289.96,5947.277593434792,21129.11773329493,871.2588633655367,Healthy
13,26,12958.888391608392,3516.0221292700085,30013.78,5801.436513295514,18760.324904903908,804.9499484939543,Healthy
13,27,2685.00013986014,1451.3376840325402,12727.79,2394.7071786536912,5079.707318513831,366.401428754047,Healthy
13,28,1410.3867132867133,481.03418790506726,3049.99,793.706410043361,2204.0931233300744,265.55476961323,Healthy
13,29,6152.025944055944,2110.9637918173103,20849.56,3483.0902564985618,9635.116200554505,554.6181544114809,Healthy
13,30,4520.36055944056,773.6514799448207,6730.96,1276.5249419089541,5796.885501349514,475.4135336441612,Healthy
13,31,3977.7390909090905,2069.614692364397,13762.86,3414.8642424012546,7392.603333310345,445.9674366424689,Healthy
13,32,10234.196643356643,4033.9892756288596,37105.21,6656.082304787618,16890.27894814426,715.3389631271543,Healthy
13,33,10897.80006993007,4194.268521945776,29124.86,6920.54306121053,17818.343131140602,738.166650219653,Healthy
13,34,19201.303636363635,3689.904383618723,32249.57,6088.342232970893,25289.645869334527,979.8291595059732,Healthy
13,35,3660.573986013986,843.7598990226952,6241.1,1392.203833387447,5052.777819401434,427.81853548052277,Healthy
13,36,2464.866713286713,1941.1489581633243,15148.0,3202.895780969485,5667.762494256198,351.0603020341885,High Risk
13,37,3510.937272727273,422.8082203622461,4407.38,697.633563597706,4208.570836324979,418.98313049138824,Healthy
13,38,83485.8958041958,9104.993288354764,105751.67,15023.238925785361,98509.13472998116,2043.1090989493903,Healthy
13,40,77752.30671328671,4200.427797671379,87474.15,6930.705866157776,84683.01257944449,1971.7036632476838,Healthy
13,41,2757.62958041958,2336.3540284138744,15781.49,3854.9841468828927,6612.613727302472,371.3239542784427,High Risk
13,42,8015.876363636364,840.4346310719197,9730.74,1386.7171412686675,9402.593504905031,633.0827893584046,Healthy
13,43,1.07,,1.07,,,7.314369419163897,Healthy
13,44,10270.138111888113,2734.884666062412,24835.68,4512.55969900298,14782.697810891092,716.5939614554435,Healthy
13,45,22.433516483516485,16.997215874870435,83.58,28.045406193536216,50.4789226770527,33.49142911516056,High Risk
13,46,41422.69055944056,6317.273314642151,82662.65,10423.500969159548,51846.19152860011,1439.143678710374,Healthy
13,47,221.294,273.27730267989693,625.0,450.9075494218299,672.2015494218299,105.18887773904616,High Risk
13,48,1321.4335251798561,827.2467304790075,4506.0,1364.9571052903623,2686.3906304702186,257.04411344940934,High Risk
13,49,9206.92944055944,1769.5509430778118,15298.31,2919.759056078389,12126.688496637827,678.4883728023435,Healthy
13,50,2175.7954545454545,590.8415717297852,3804.0,974.8885933541455,3150.6840478996,329.83294669767713,Healthy
13,51,21.39894736842105,33.390528045508574,154.24,55.094371275089145,76.4933186435102,32.71004996054045,High Risk
13,52,4579.38027972028,1184.9851387883386,10922.34,1955.2254790007587,6534.605758721038,478.5070678537716,Healthy
13,54,114.98285714285714,102.17527855901618,526.6,168.58920962237667,283.5720667652338,75.82310239724339,High Risk
13,55,20055.629999999997,14455.6231258032,104016.89,23851.778157575278,43907.40815757528,1001.3897842498693,High Risk
13,56,6751.401468531469,8108.71250956266,39145.77,13379.375640778388,20130.777109309856,581.0078084041328,High Risk
13,58,7501.69125874126,2657.734463672277,17300.0,4385.261865059257,11886.953123800517,612.4414771527668,Healthy
13,59,1327.8363636363638,2579.6616512094147,20704.07,4256.441724495534,5584.278088131898,257.66609823920993,High Risk
13,60,950.9734265734267,330.4932542728612,2930.4,545.3138695502209,1496.2872961236476,218.05657827424363,Healthy
13,67,16219.265594405595,6148.920890804098,38959.51,10145.719469826761,26364.985064232358,900.5349963884134,Healthy
13,71,9723.25020979021,2301.127589631972,16990.6,3796.8605228927536,13520.110732682964,697.2535482086201,Healthy
13,72,77119.18944055944,31225.80161316678,268877.83,51522.572661725186,128641.76210228461,1963.6597139086934,Healthy
13,74,29780.093496503498,4131.8794534865165,42403.67,6817.601098252751,36597.69459475625,1220.2477923869294,Healthy
13,77,1272.0,,1272.0,,,252.19040425836982,Healthy
13,78,11.35,6.155833470317868,22.8,10.157125226024482,21.50712522602448,23.822258499143192,Healthy
13,79,53337.985174825175,4822.270179605063,67129.45,7956.745796348354,61294.73097117353,1633.0643767902288,Healthy
13,80,18874.443636363638,1397.1156431828074,25142.22,2305.2408112516323,21179.68444761527,971.4536436795025,Healthy
13,81,33276.243216783216,2992.71147064128,39255.1,4937.973926558112,38214.21714334133,1289.8884296089957,Healthy
13,82,32619.534055944056,14281.135510597924,135127.14,23563.873592486572,56183.40764843063,1277.096982533904,Healthy
13,83,5037.178251748252,811.658456804247,8477.46,1339.2364537270073,6376.414705475259,501.85546981916275,Healthy
13,85,4806.598951048951,1951.4689810256348,17807.36,3219.923818692297,8026.522769741248,490.2345842068341,Healthy
13,87,15365.753356643356,2992.355401415918,26830.18,4937.386412336265,20303.13976897962,876.5202038927384,Healthy
13,90,115592.10804195804,11183.800745847122,161045.84,18453.27123064775,134045.3792726058,2404.0809890887417,Healthy
13,91,81272.99097902098,5357.409455735421,92448.61,8839.725601963444,90112.71658098442,2015.849584902368,Healthy
13,92,162034.0993006993,18348.882235904508,234456.79,30275.655689242438,192309.75498994175,2846.349410215648,Healthy
13,93,50024.9372027972,5710.308611455959,69148.14,9422.009208902333,59446.94641169953,1581.5330727303365,Healthy
13,94,75522.8744055944,9706.614760757444,103929.39,16015.91435524978,91538.78876084418,1943.230228325949,Healthy
13,95,136844.83405594405,14056.88107682595,178572.1,23193.853776762815,160038.68783270687,2615.7678992596425,Healthy
13,96,9165.07993006993,1482.7664664310867,14332.19,2446.5646696112926,11611.644599681222,676.9446037184257,Healthy
13,97,27556.75923076923,2892.8945900839053,35028.48,4773.276073638443,32330.035304407673,1173.8134270566431,Healthy
13,98,14980.825384615384,2138.7978604224304,24828.99,3529.01646969701,18509.841854312395,865.4717033102638,Healthy
13,99,732.6046511627907,2070.103641095743,12225.0,3415.671007807976,4148.275658970767,191.39026244336344,High Risk
14,1,30611.78335664336,24101.579424797394,156677.0,39767.606050915696,70379.38940755905,1237.169821743227,High Risk
14,2,77704.85797202797,9354.80456891226,117588.65,15435.427538705228,93140.2855107332,1971.1019503316916,Healthy
14,3,19418.273986013988,14854.823548388658,85410.05,24510.458854841287,43928.73284085527,985.3495315372609,High Risk
14,4,52936.32328671329,5974.365371590312,68947.86,9857.702863124014,62794.0261498373,1626.9038583566223,Healthy
14,5,33468.32503496503,21529.674492910028,165840.41,35523.96291330154,68992.28794826657,1293.605910526174,High Risk
14,6,7016.82979020979,5072.287453212283,41942.26,8369.274297800266,15386.104088010055,592.3187397934405,High Risk
14,7,53256.150279720285,45807.03255182415,356867.25,75581.60371050985,128837.75399023014,1631.811114677803,High Risk
14,8,53425.35986013986,5561.924327442412,71077.56,9177.175140279978,62602.53500041984,1634.4014173412213,Healthy
14,9,22025.603496503496,7306.367255185399,38106.13,12055.505971055907,34081.10946755941,1049.4189701092575,Healthy
14,10,20165.667132867133,2914.3626503426344,28633.95,4808.6983730653465,24974.36550593248,1004.1331369113145,Healthy
14,11,20359.693076923075,6316.14871649081,46137.84,10421.645382209836,30781.33845913291,1008.952255483952,Healthy
14,12,5467.9193006993,1026.827269107422,7668.7,1694.264994027246,7162.184294726546,522.8728000527136,Healthy
14,13,60009.83370629371,6327.059587370998,75481.36,10439.648319162146,70449.48202545586,1732.1927390780409,Healthy
14,14,24775.07797202797,10063.444852723182,85961.55,16604.684006993248,41379.76197902122,1112.9932158829174,Healthy
14,16,29647.14013986014,28361.802461568208,114476.9,46796.97406158754,76444.11420144768,1217.5208445825506,High Risk
14,17,23075.393916083918,4740.3259487204805,48016.32,7821.537815388792,30896.93173147271,1074.136721187855,Healthy
14,18,14279.86368852459,21968.529170747428,115126.75,36248.073131733254,50527.93682025785,844.9811740069891,High Risk
14,19,1041.9577622377622,1082.5121866993939,3598.59,1786.1451080539998,2828.102870291762,228.24961798848233,High Risk
14,20,11375.547132867132,2131.397778733715,16474.05,3516.806334910629,14892.35346777776,754.1732935097587,Healthy
14,21,8697.367412587413,2240.887526465487,21621.87,3697.4644186680534,12394.831831255466,659.4455023952856,Healthy
14,22,18677.51307692308,5337.117079983713,53886.03,8806.243181973126,27483.756258896203,966.3724198496943,Healthy
14,23,35968.2506993007,11694.732110771172,112949.82,19296.307982772432,55264.558682073126,1341.0490427143352,Healthy
14,24,9186.777342657342,3503.941955105596,24786.24,5781.504225924234,14968.281568581577,677.7454294444685,Healthy
14,25,14231.12853146853,3401.799644229126,32841.47,5612.969412978057,19844.09794444659,843.5380409758807,Healthy
14,26,12048.150699300699,3651.7166842117163,25506.6,6025.332528949331,18073.48322825003,776.1491705626148,Healthy
14,27,2564.0113286713286,1004.6737444053756,9256.82,1657.7116782688697,4221.7230069401985,358.05106679573856,Healthy
14,28,1223.8126573426573,496.80544324226395,2583.37,819.7289813497355,2043.5416386923928,247.36740461736844,Healthy
14,29,9880.402307692308,3808.6386013125484,40615.45,6284.253692165705,16164.655999858012,702.8656453296145,Healthy
14,30,6691.436433566434,1593.7573523720616,10757.5,2629.6996314139014,9321.136064980336,578.4218371381925,Healthy
14,31,3804.0863636363633,2259.602097229729,14063.24,3728.343460429053,7532.429824065416,436.1242004083449,Healthy
14,32,12817.232867132867,7301.7659051739965,67652.68,12047.913743537094,24865.14661066996,800.5383459626674,Healthy
14,33,9513.732027972028,3390.1915386878845,24606.41,5593.816038835009,15107.548066807038,689.7003707397882,Healthy
14,34,24504.491538461538,5627.308490422963,41213.24,9285.059009197888,33789.550547659426,1106.8986299219441,Healthy
14,35,4034.9920279720277,1050.8102539419383,7735.38,1733.836919004198,5768.828946976226,449.16544991639927,Healthy
14,36,3415.6436363636362,2922.0512083901417,13457.86,4821.384493843733,8237.028130207369,413.2580087768195,High Risk
14,38,103360.02734265734,11313.4010818496,129530.62,18667.11178505184,122027.13912770918,2273.3238588315717,Healthy
14,40,72356.46104895105,6878.502684230063,95341.8,11349.529428979604,83705.99047793065,1902.0575838937034,Healthy
14,41,4054.56986013986,2771.748371262398,24409.1,4573.384812582956,8627.954672722815,450.2538095418994,High Risk
14,42,7869.01034965035,1135.0751046202845,10489.91,1872.8739226234693,9741.884272273819,627.2563411257933,Healthy
14,43,0.25,,0.25,,,3.5355339059327378,Healthy
14,44,5377.1242657342655,1435.328965526566,12991.8,2368.2927931188337,7745.4170588531,518.513464903963,Healthy
14,45,11.741176470588234,18.344850054699595,67.96,30.26900259025433,42.01017906084257,24.22929680220645,High Risk
14,46,32701.435594405593,6805.23000059437,75263.52,11228.629500980709,43930.0650953863,1278.699253038133,Healthy
14,47,-7.777916666666666,148.14895547561073,298.0,244.4457765347577,236.66785986809103,,High Risk
14,49,11864.542657342658,2094.6432337552937,19411.82,3456.1613356962343,15320.703993038893,770.212394646524,Healthy
14,50,2186.9216783216784,553.7509257474677,3677.0,913.6890274833216,3100.610705805,330.67519398358854,Healthy
14,51,34.00833333333333,40.21553692075441,168.08,66.35563591924478,100.3639692525781,41.23610877212673,High Risk
14,52,2370.137202797203,740.6216880027267,5213.55,1222.025785204499,3592.1629880017017,344.2482536482359,Healthy
14,54,148.6854887218045,154.74053547434852,708.0,255.32188353267503,404.0073722544795,86.22223863998327,High Risk
14,55,15850.217832167831,11970.67789877581,73281.45,19751.618532980086,35601.836365147916,890.2308080539516,High Risk
14,56,5950.53993006993,6624.692274040804,34425.84,10930.742252167325,16881.282182237257,545.4603528245627,High Risk
14,58,8157.243916083915,3644.797376944918,28085.0,6013.915671959115,14171.159588043029,638.6408973783277,Healthy
14,59,1368.092867132867,3402.5837633059905,30901.24,5614.263209454884,6982.356076587752,261.5428136207213,High Risk
14,60,371.4053146853147,144.04500317806685,1003.2,237.67425524381028,609.079569929125,136.27276226108333,Healthy
14,67,14631.92013986014,6726.704269751386,42449.61,11099.062045089786,25730.982184949928,855.3338570365416,Healthy
14,71,9795.648461538462,2717.724920492105,18707.56,4484.246118811973,14279.894580350436,699.844570656173,Healthy
14,72,94140.83286713286,52070.68699330064,474330.1,85916.63353894604,180057.4664060789,2169.5717649703693,Healthy
14,74,25990.076923076922,4286.121298564566,40931.48,7072.100142631533,33062.177065708456,1139.9578264803686,Healthy
14,77,248.25,82.09902557278009,318.0,135.46339219508715,383.7133921950872,111.41139977578597,Healthy
14,78,5.98,6.990450629251307,12.88,11.534243538264656,17.514243538264658,17.291616465790582,High Risk
14,79,37782.09083916084,4652.164186230804,52228.58,7676.070907280827,45458.16174644166,1374.4469949612615,Healthy
14,80,35638.00020979021,3534.043522395243,48501.73,5831.171811952151,41469.172021742364,1334.8782755328332,Healthy
14,81,40388.74888111888,5688.830915811171,61048.84,9386.57101108843,49775.31989220731,1421.0691200838698,Healthy
14,82,26844.946503496503,13564.569438662998,128113.46,22381.539573793947,49226.48607729045,1158.5539802593685,Healthy
14,83,10933.487902097902,2349.7317964352155,18615.53,3877.0574641181056,14810.545366216007,739.3743267823783,Healthy
14,85,2385.044335664336,952.8796161780083,7190.71,1572.2513666937136,3957.2957023580493,345.3291426787157,Healthy
14,87,17387.930699300698,2546.7490779571444,28228.89,4202.135978629288,21590.066677929986,932.4143579788092,Healthy
14,90,107174.74398601399,12869.450470364605,166263.81,21234.593276101597,128409.33726211559,2314.8946410799563,Healthy
14,91,91406.43461538461,13512.868239650843,162497.78,22296.23259542389,113702.6672108085,2137.8310809718414,Healthy
14,92,182527.95601398603,24672.92039240563,293966.05,40710.31864746929,223238.2746614553,3020.9928501569316,Healthy
14,93,62088.62293706294,9910.251685564826,103827.72,16351.915281181962,78440.5382182449,1761.9395979582123,Healthy
14,94,64541.16566433566,10444.877196228668,90943.29,17234.047373777303,81775.21303811297,1796.4014816339868,Healthy
14,95,144446.93251748252,20360.19222694536,213042.66,33594.317174459844,178041.24969194236,2687.4423948940985,Healthy
14,96,5.193846153846153,9.992980485038434,18.88,16.488417800313414,21.682263954159566,16.114971538675075,High Risk
14,97,25684.497762237763,3924.706897346535,45017.96,6475.766380621782,32160.264142859545,1133.2364661057675,Healthy
14,98,17768.013706293706,2958.0996208421207,33759.9,4880.864374389499,22648.878080683207,942.5500969787682,Healthy
14,99,635.5560465116279,1476.3019281542959,6910.0,2435.898181454588,3071.454227966216,178.26329494761785,High Risk
15,1,13845.747832167832,8216.625994430064,50479.15,13557.432890809605,27403.180722977435,832.0380950463696,Healthy
15,2,26317.41076923077,3437.5769458389577,45445.84,5672.00196063428,31989.41272986505,1147.1140041258054,Healthy
15,3,10470.811958041959,7184.796514651982,39195.6,11854.91424917577,22325.72620721773,723.5610533342007,High Risk
15,4,13082.172447552446,1342.7523148674873,16610.51,2215.541319531354,15297.7137670838,808.7698203924416,Healthy
15,5,16465.706993006992,12008.901958500866,83150.97,19814.68823152643,36280.39522453342,907.3507313329006,High Risk
15,6,4244.143776223776,3343.8660711588927,27586.99,5517.379017412172,9761.522793635948,460.6595150555221,High Risk
15,7,22267.22006993007,16165.455415736007,118878.66,26673.001435964412,48940.221505894486,1055.1592313468634,High Risk
15,8,20416.96727272727,1888.9799732381025,33355.73,3116.816955842869,23533.78422857014,1010.370409125467,Healthy
15,9,15954.692937062937,6102.961210064034,30887.02,10069.885996605655,26024.578933668592,893.1599223281052,Healthy
15,10,11524.856293706292,2188.1216008976835,22749.32,3610.4006414811774,15135.25693518747,759.1065898049593,Healthy
15,11,14041.217832167831,6842.795044749893,53415.0,11290.611823837324,25331.829656005153,837.8907396602444,Healthy
15,12,3658.448111888112,892.1171923709772,5968.07,1471.9933674121123,5130.441479300224,427.69428987818577,Healthy
15,13,18879.25034965035,1829.9618042005623,23493.34,3019.4369769309274,21898.687326581276,971.5773347925102,Healthy
15,14,12785.902867132867,5174.061073618133,46058.28,8537.20077146992,21323.103638602784,799.5593432364126,Healthy
15,16,14527.97944055944,14100.3545676334,57305.44,23265.58503659511,37793.56447715455,852.2904270423152,High Risk
15,17,11225.805174825175,2415.8031723861654,26551.79,3986.0752344371726,15211.880409262347,749.1930717386932,Healthy
15,18,6269.619545454546,11258.247409220048,59585.47,18576.10822521308,24845.727770667625,559.8937196225078,High Risk
15,19,1117.3504895104895,254.16788748231642,1844.34,419.3770143458221,1536.7275038563116,236.363119956402,Healthy
15,20,4452.4345454545455,752.4942394676588,6457.0,1241.615495121637,5694.050040576182,471.8280696108777,Healthy
15,21,3068.5462937062935,797.2962310161164,8520.87,1315.538781176592,4384.085074882885,391.69798912595235,Healthy
15,22,8515.664685314685,2194.909952515234,21101.3,3621.601421650136,12137.26610696482,652.5206772706397,Healthy
15,23,21542.936363636363,7028.047718368261,68364.99,11596.27873530763,33139.21509894399,1037.8568389627821,Healthy
15,24,4822.264615384615,1943.0457479039353,11078.63,3206.025484041493,8028.290099426109,491.03282046033416,Healthy
15,25,8952.884335664336,2130.593704604939,19580.27,3515.479612598149,12468.363948262484,669.062192014477,Healthy
15,26,4955.726223776223,1575.1128023695503,12137.44,2598.936123909758,7554.662347685981,497.781388953837,Healthy
15,27,1561.3046153846153,602.3028418305361,4858.18,993.7996890203844,2555.1043044049998,279.40155827988997,Healthy
15,28,695.4651048951049,242.66562749764725,1519.16,400.39828537111794,1095.8633902662227,186.47588381545546,Healthy
15,29,4687.4109790209795,1341.8290182724131,14489.26,2214.0178801494817,6901.428859170461,484.11832123051175,Healthy
15,30,3397.482097902098,731.3464294997593,5427.4,1206.7216086746027,4604.203706576701,412.15786404617455,Healthy
15,31,2359.40993006993,1011.4848164744967,7399.8,1668.9499471829195,4028.3598772528494,343.46833406224874,Healthy
15,32,5126.108951048951,2495.9213088928736,23585.33,4118.270159673241,9244.379110722191,506.2661825092088,Healthy
15,33,4277.763986013986,1589.9466767053527,9968.16,2623.412016563832,6901.1760025778185,462.48048531878544,Healthy
15,34,13800.84909090909,3482.9427481717416,26141.58,5746.855534483373,19547.704625392464,830.6879405320957,Healthy
15,35,2622.7695804195805,726.8368497230417,4598.0,1199.2808020430189,3822.0503824625994,362.1304723728438,Healthy
15,36,1383.587902097902,847.8990868103809,4684.0,1399.0334932371284,2782.6213953350307,263.0197618143836,High Risk
15,37,-2.5,,-2.5,,,,Healthy
15,38,52572.17944055944,5129.349219974791,67475.73,8463.426212958404,61035.60565351784,1621.2985450027309,Healthy
15,40,30755.28769230769,1779.9351204807158,37115.68,2936.892948793181,33692.18064110087,1240.0662823475948,Healthy
15,41,1183.8807692307694,941.680836033966,5276.75,1553.7733794560438,2737.654148686813,243.2982500174189,High Risk
15,42,3544.9918181818184,643.4453808250715,5391.69,1061.684878361368,4606.676696543186,421.0102028562858,Healthy
15,43,3.0,0.0,3.0,0.0,3.0,12.24744871391589,Healthy
15,44,3378.7346853146855,942.0811931665095,9473.9,1554.4339687247405,4933.168654039426,411.0191409967841,Healthy
15,45,11.861600000000001,15.701860473629655,61.78,25.90806978148893,37.76966978148893,24.353233871500517,High Risk
15,46,12364.400699300699,2530.9029445232964,31109.65,4175.989858463438,16540.390557764138,786.2696960744671,Healthy
15,47,22.9,143.35971241202023,300.0,236.54352547983336,259.44352547983334,33.83784863137726,High Risk
15,48,126.98,159.8344168194072,240.0,263.7267877520219,390.7067877520219,79.68061244744545,High Risk
15,49,9656.48013986014,1955.6246089701988,15436.09,3226.780604800828,12883.260744660967,694.8553856688505,Healthy
15,50,2262.1727972027975,670.1161392103227,3925.0,1105.6916296970323,3367.8644268998296,336.3162795050811,Healthy
15,51,10.023928571428572,11.680593382721906,48.89,19.272979081491144,29.296907652919714,22.387416746275765,High Risk
15,52,1561.243076923077,370.145890547305,3564.71,610.7407194030532,2171.9837963261302,279.3960519516227,Healthy
15,54,53.92260869565218,62.79984220405581,345.0,103.61973963669207,157.54234833234426,51.92427596782269,High Risk
15,55,6675.751468531468,5484.668486269081,34581.58,9049.703002343984,15725.454470875451,577.7435187231212,High Risk
15,56,3684.0358041958043,4266.519555323062,19377.35,7039.757266283053,10723.793070478856,429.1873602633123,High Risk
15,58,865.858407079646,625.960074994185,3070.0,1032.8341237404052,1898.6925308200512,208.0695084676808,High Risk
15,59,332.59615384615387,439.1191259189003,3876.18,724.5465577661854,1057.1427116123393,128.956611665737,High Risk
15,60,111.42626262626263,115.35948302434697,1073.6,190.3431469901725,301.76940961643515,74.64122943329063,High Risk
15,67,6214.881468531469,2522.404770432921,17927.68,4161.9678712143195,10376.84933974579,557.4442334678631,Healthy
15,71,4327.138811188811,1308.0029564103263,8811.52,2158.2048780770383,6485.343689265849,465.14184993337307,Healthy
15,72,41946.93692307692,31766.369733901334,292555.25,52414.5100609372,94361.44698401412,1448.2219602512062,High Risk
15,74,13953.432937062937,2147.554611789107,23397.65,3543.465109452027,17496.898046514965,835.267410386127,Healthy
15,77,236.10833333333335,209.87389169848322,636.0,346.2919213024973,582.4002546358306,108.65273428067361,High Risk
15,78,3.090909090909091,9.591280888958945,17.0,15.825613466782258,18.916522557691348,12.431631210161221,High Risk
15,79,8385.031258741259,1026.0618597424432,12208.73,1693.0020685750312,10078.03332731629,647.4963806362649,Healthy
15,80,44.16179856115108,45.72572003619729,299.11,75.44743805972553,119.6092366208766,46.99031738621856,High Risk
15,81,4409.563426573426,488.2174527782987,5913.14,805.5587970841929,5215.122223657619,469.5510316554222,Healthy
15,82,10606.899230769232,6123.542852056131,61131.42,10103.845705892616,20710.744936661846,728.2478709467414,Healthy
15,83,360.1630769230769,165.95399918470017,878.14,273.82409865475523,633.9871755778322,134.19446279990038,Healthy
15,85,3235.168181818182,1829.1833588307736,15114.58,3018.1525420707762,6253.320723888958,402.1920052548398,Healthy
15,87,9142.630419580419,1419.0362038815585,15103.22,2341.4097364045715,11484.04015598499,676.11502052463,Healthy
15,90,5345.240419580419,572.3058601116475,8334.23,944.3046691842183,6289.5450887646375,516.9739074450673,Healthy
15,91,3414.740909090909,280.69621548427745,4226.09,463.14875554905774,3877.8896646399667,413.2033947761628,Healthy
15,92,18262.376853146856,2195.09801667402,28407.27,3621.911727512133,21884.288580658987,955.5725208781083,Healthy
15,93,422.8782517482517,119.41631028638862,742.58,197.03691197254122,619.915163720793,145.40946526073392,Healthy
15,94,272.90625,717.5621325531405,3606.6,1183.9775187126818,1456.8837687126818,116.8131520848573,High Risk
15,95,27291.017132867135,3665.8461835043695,40609.65,6048.646202782209,33339.66333564934,1168.139913128285,Healthy
15,96,2784.158881118881,1109.8000004994583,7623.7,1831.1700008241062,4615.328881942987,373.1058081241085,Healthy
15,97,2071.211888111888,649.9587216307467,5372.96,1072.431890690732,3143.64377880262,321.8083193542305,Healthy
15,98,273.5048837209302,202.51280350000513,922.75,334.14612577500844,607.6510094959386,116.9411996947462,High Risk
15,99,29.88,,29.88,,,38.65229618017538,Healthy
16,1,11352.479370629371,3384.946403378134,28386.85,5585.1615655739215,16937.640936203294,753.4082349772058,Healthy
16,2,23549.144965034964,3549.168633964996,41615.51,5856.128246042243,29405.273211077205,1085.1070215659597,Healthy
16,3,7635.427272727274,2787.9108173967825,22146.25,4600.05284870469,12235.480121431963,617.8764954554945,Healthy
16,4,14748.078111888111,1941.8231312674395,19435.28,3204.008166591275,17952.086278479386,858.7222517172859,Healthy
16,5,13494.538671328672,7836.3443380975,72737.68,12929.968157860874,26424.506829189544,821.4176365080273,Healthy
16,6,5146.03895104895,2698.777231115403,21861.78,4452.982431340415,9599.021382389365,507.2493938413801,Healthy
16,7,11544.310139860141,6803.895979387913,66502.6,11226.428365990056,22770.738505850197,759.7470019638163,Healthy
16,8,14676.778321678321,1455.889255452084,23483.47,2402.2172714959383,17078.99559317426,856.6439844438972,Healthy
16,9,28990.377342657343,21286.616633752936,111246.19,35122.91744569234,64113.29478834968,1203.959661754856,High Risk
16,10,12681.776643356643,2529.634219458389,23526.54,4173.8964621063415,16855.673105462985,796.2969497416351,Healthy
16,11,12037.149090909092,3330.1829827651313,24156.87,5494.801921562466,17531.95101247156,775.7947244893165,Healthy
16,12,4149.637972027972,1136.1044868101187,6500.62,1874.572403236696,6024.210375264668,455.50180965765503,Healthy
16,13,15070.387272727272,1954.8842617014802,20295.11,3225.5590318074424,18295.946304534715,868.0549312320987,Healthy
16,14,8656.873216783217,3051.8992126032226,27374.64,5035.633700795317,13692.506917578534,657.9085505137936,Healthy
16,16,9811.74195804196,9875.744459700045,46078.23,16294.978358505074,26106.720316547035,700.4192301058688,High Risk
16,17,7202.8306993007,1875.0277776089458,17597.84,3093.7958330547604,10296.62653235546,600.1179342137968,Healthy
16,18,3521.8804123711343,5440.972977244993,25027.41,8977.605412454237,12499.485824825371,419.63558073470927,High Risk
16,19,994.9262237762239,470.6408011002528,2520.09,776.5573218154171,1771.483545591641,223.03881094735777,Healthy
16,20,3328.785104895105,785.6868257162257,6346.89,1296.3832624317724,4625.168367326878,407.96967441803224,Healthy
16,21,3618.622377622378,965.366559918977,9462.61,1592.854823866312,5211.477201488689,425.3599874002242,Healthy
16,22,6302.361048951049,1792.246104531812,13614.44,2957.2060724774897,9259.56712142854,561.3537676434999,Healthy
16,23,11264.88937062937,3233.72822438031,31152.4,5335.651570227512,16600.54094085688,750.4961482455913,Healthy
16,24,2244.0655944055943,860.9622556175501,6202.21,1420.5877217689576,3664.653316174552,334.9675801033284,Healthy
16,25,4963.603776223776,1359.9136891573198,11743.33,2243.8575871095777,7207.461363333354,498.17686498992384,Healthy
16,26,2004.945104895105,589.523600145051,5122.19,972.7139402393341,2977.659045134439,316.6184695256347,Healthy
16,27,758.2281118881118,223.6079997685558,2349.8,368.953199618117,1127.181311506229,194.70851443736504,Healthy
16,28,287.46657342657346,169.52179920523955,828.12,279.7109686886452,567.1775421152187,119.88881795784239,Healthy
16,29,1634.6602797202797,491.5728006347228,5299.91,811.0951210472925,2445.755400767572,285.88986338451036,Healthy
16,30,1330.0030769230768,362.56515904377505,2187.76,598.2325124222288,1928.2355893453055,257.87623745927783,Healthy
16,31,1164.3668531468531,562.1053503475334,4534.43,927.4738280734301,2091.8406812202834,241.2847750218456,Healthy
16,32,4561.4392307692315,1936.938071684158,18340.4,3195.9478182788607,7757.387049048092,477.5688029367722,Healthy
16,33,2188.83986013986,698.0012670899209,5959.61,1151.7020906983694,3340.5419508382292,330.82018228486754,Healthy
16,34,4906.217692307692,1218.3041881889446,8933.9,2010.2019105117586,6916.419602819451,495.2886881560941,Healthy
16,35,593.8198601398602,365.44847192893224,1512.0,602.9899786827382,1196.8098388225985,172.31074547744552,High Risk
16,36,1824.4811188811188,1032.2971481106254,6923.0,1703.2902943825318,3527.7714132636506,302.0332033801184,Healthy
16,38,52078.70090909091,6889.85909603596,74846.16,11368.267508459334,63446.96841755025,1613.671294116167,Healthy
16,40,31687.43265734266,4503.062574144456,44681.03,7430.053247338353,39117.48590468101,1258.7182499936723,Healthy
16,41,1542.9869230769232,835.0568979250194,4205.28,1377.8438815762818,2920.8308046532047,277.75771124101334,Healthy
16,42,3694.4544055944057,631.1198953064153,4848.67,1041.3478272555851,4735.802232849991,429.79381135577125,Healthy
16,44,3922.6970629370635,982.1734469473788,9555.35,1620.5861874631748,5543.283250400238,442.87114734068325,Healthy
16,45,18.17727272727273,16.641797752873707,84.76,27.458966292241616,45.63623901951435,30.147365330383955,High Risk
16,46,14231.886293706293,3346.6533067660725,28289.5,5521.97795616402,19753.864249870312,843.5604985330422,Healthy
16,47,-57.72666666666666,474.0150544643319,500.0,782.1248398661476,724.3981731994809,,High Risk
16,48,647.275,622.0968259824479,2942.0,1026.459762871039,1673.734762871039,179.89927737486886,High Risk
16,49,54.71966666666666,31.64814879137331,118.8,52.219445505765954,106.93911217243262,52.3066280057636,Healthy
16,51,34.23282051282051,42.020209574924934,209.72,69.33334579862614,103.56616631144665,41.37198358359223,High Risk
16,52,1644.2844055944056,437.1455821103801,3492.58,721.2902104821271,2365.574616076533,286.7302221247706,Healthy
16,54,69.33504132231405,74.38102987460319,427.5,122.72869929309525,192.0637406154093,58.879130989814236,High Risk
16,55,7090.456153846154,4431.981010230158,35723.53,7312.7686668797605,14403.224820725914,595.4181788392992,High Risk
16,56,6037.615422535211,10412.89324214832,49061.75,17181.273849544727,23218.889272079938,549.4367762779996,High Risk
16,58,638.6818181818181,571.3308095485434,2400.0,942.6958357550965,1581.3776539369146,178.70112173428265,High Risk
16,59,104.5480341880342,123.67100226866751,862.42,204.05715374330137,308.60518793133554,72.30077253668671,High Risk
16,60,114.59055555555557,79.18917930699017,545.6,130.66214585653378,245.25270141208935,75.69364423634113,High Risk
16,67,3431.07006993007,1402.4927791963435,8980.7,2314.1130856739665,5745.183155604036,414.19017793340237,Healthy
16,71,2223.935944055944,570.9006957002584,3862.41,941.9861479054264,3165.922091961371,333.4618377008038,Healthy
16,72,31998.78454545455,14940.732379364512,129372.97,24652.208425951445,56650.992971406,1264.8870413095106,Healthy
16,74,9806.358601398602,1862.8462850311535,15681.2,3073.696370301403,12880.054971700005,700.2270560824753,Healthy
16,77,238.5,112.42997820866105,318.0,185.50946404429072,424.0094640442907,109.20164833920778,Healthy
16,78,0.0,18.215070683365465,12.88,30.054866627553015,30.054866627553015,0.0,High Risk
16,79,5529.899790209791,854.9579068573163,8226.02,1410.6805463145718,6940.580336524363,525.8279086454897,Healthy
16,80,309.7843846153846,377.18958971060226,1102.8,622.3628230224937,932.1472076378783,124.4556918375742,High Risk
16,81,3822.6206293706296,695.7408267625588,5691.68,1147.9723641582218,4970.592993528851,437.185351388323,Healthy
16,82,9439.101328671328,3148.019024961132,34848.66,5194.231391185867,14633.332719857195,686.9898590471088,Healthy
16,83,258.7421052631579,88.41896398351035,609.92,145.89129057279206,404.63339583594995,113.74139643576518,Healthy
16,85,2679.624895104895,1264.3384207103416,10048.27,2086.1583941720633,4765.783289276958,366.0344857458717,Healthy
16,87,9171.064545454545,2314.4042747473122,16443.79,3818.767053333065,12989.83159878761,677.1655833492479,Healthy
16,90,6922.744685314685,1918.2954686691594,13645.59,3165.187523304113,10087.932208618797,588.3342878549016,Healthy
16,91,3331.204965034965,2507.064042077364,9675.49,4136.6556694276505,7467.860634462615,408.117934244194,High Risk
16,92,20446.967832167833,4413.327669233421,38759.69,7281.990654235145,27728.95848640298,1011.1124525038705,Healthy
16,93,997.0322807017543,260.9495938669926,1615.77,430.56682988053774,1427.599110582292,223.27475010642766,Healthy
16,94,673.2809278350516,766.2923636006507,3105.02,1264.3823999410736,1937.6633277761252,183.47764548236546,High Risk
16,95,27385.76923076923,5514.527518141476,42052.88,9098.970404933436,36484.73963570267,1170.1659974287672,Healthy
16,96,126.93412587412588,100.71423100646443,714.31,166.1784811606663,293.1126070347922,79.66621802060327,High Risk
16,97,2116.6969930069927,644.0451691731414,3975.36,1062.6745291356833,3179.371522142676,325.3226854222583,Healthy
16,98,42.61857142857143,48.827227081939405,210.0,80.56492468520001,123.18349611377144,46.161981883673185,High Risk
16,99,59.76,,59.76,,,54.662601474865795,Healthy
17,1,22801.60916083916,10695.912402541127,63964.65,17648.25546419286,40449.864625032016,1067.7455024686165,Healthy
17,2,42231.844405594406,6543.954483056261,72470.8,10797.52489704283,53029.369302637235,1453.1318661015318,Healthy
17,3,19278.955034965034,10826.83821003399,67983.39,17864.28304655608,37143.238081521115,981.8084088803944,Healthy
17,4,23961.357272727273,4678.135421826687,48403.64,7718.923446014033,31680.280718741305,1094.5628641774595,Healthy
17,5,27082.325594405596,14570.146937205689,131634.65,24040.742446389384,51123.068040794984,1163.6650204076257,Healthy
17,6,5944.435244755245,3557.410102573601,26147.26,5869.726669246441,11814.161914001685,545.1804859289832,Healthy
17,7,19474.77055944056,10359.272012284371,79986.97,17092.79882026921,36567.56937970977,986.7819049678749,Healthy
17,8,20110.27083916084,1293.5938077857145,24904.79,2134.4297828464287,22244.70062200727,1002.7529815253814,Healthy
17,9,27293.658041958042,11044.408175481181,56918.89,18223.27348954395,45516.93153150199,1168.1964312982223,Healthy
17,10,14165.0,2401.178232830648,19612.93,3961.944084170569,18126.94408417057,841.5759026968393,Healthy
17,11,14527.29048951049,4158.112392924464,30942.89,6860.885448325365,21388.175937835855,852.270217991644,Healthy
17,12,7534.953916083916,1722.8001563504617,11691.24,2842.6202579782616,10377.574174062178,613.7977645806441,Healthy
17,13,24648.89643356643,5402.449945454769,51103.54,8914.042410000367,33562.9388435668,1110.1553142143316,Healthy
17,14,14118.147412587414,6064.529566506887,43687.27,10006.473784736363,24124.621197323777,840.1829387873636,Healthy
17,16,11246.852657342657,11841.959377366567,48926.66,19539.232972654834,30786.08562999749,749.8950812394577,High Risk
17,17,10386.823006993007,2596.537960424768,21446.58,4284.287634700867,14671.110641693875,720.6532802601056,Healthy
17,18,8111.5075,9297.632530843966,46035.19,15341.093675892544,23452.601175892545,636.8479999183479,High Risk
17,19,4495.581048951049,2351.402733547233,18611.63,3879.814510352934,8375.395559303983,474.1086926513291,Healthy
17,20,4475.987482517482,2498.2612009720583,18310.31,4122.130981603896,8598.118464121377,473.07438540453035,Healthy
17,21,4130.295524475525,908.5753417461444,8380.97,1499.1493138811381,5629.444838356663,454.4389686457096,Healthy
17,22,7668.8867132867135,3766.5935772339762,26819.51,6214.87940243606,13883.766115722774,619.2288233475051,Healthy
17,23,13680.794055944056,3515.0370518012387,35258.83,5799.811135472043,19480.6051914161,827.0669276408063,Healthy
17,24,4975.966223776224,1793.210553686275,11805.3,2958.797413582354,7934.763637358577,498.7968636517387,Healthy
17,25,5370.106293706293,1390.6216254133087,12166.41,2294.5256819319593,7664.631975638253,518.1749846193993,Healthy
17,26,7752.311748251749,1763.6917720705778,13254.85,2910.091423916453,10662.403172168202,622.5878150209716,Healthy
17,27,1373.4304195804195,494.7274928399004,4753.03,816.3003631858356,2189.7307827662553,262.05251568916674,Healthy
17,28,1290.9355944055944,452.6482326602569,3181.54,746.8695838894238,2037.8051782950183,254.0605827756044,Healthy
17,29,2649.323146853147,909.5008777945413,8519.18,1500.6764483609932,4149.99959521414,363.95900503031567,Healthy
17,30,2276.462097902098,529.9260769412356,4489.77,874.3780269530387,3150.8401248551363,337.3767995803874,Healthy
17,31,1923.034265734266,905.3819651228445,6092.18,1493.8802424526932,3416.914508186959,310.0833973090357,Healthy
17,32,5776.951958041958,2199.221975185085,20464.86,3628.71625905539,9405.668217097347,537.4454371395276,Healthy
17,33,5108.334125874126,1691.764290667981,11645.95,2791.4110796021682,7899.745205476294,505.3876792064744,Healthy
17,34,9295.045174825174,2725.7463251652566,19125.96,4497.481436522673,13792.526611347846,681.7274079434233,Healthy
17,35,1541.4223776223776,473.332827356673,4048.1,780.9991651385104,2322.421542760888,277.61685626258156,Healthy
17,36,1878.117902097902,1696.8925599554575,12407.0,2799.872723926505,4677.990626024407,306.4406877438032,High Risk
17,38,77339.77643356643,9730.014032102745,101629.41,16054.523152969528,93394.29958653596,1966.4660743776694,Healthy
17,40,47372.023006993004,4533.882109138352,64531.25,7480.90548007828,54852.92848707129,1539.0260395294324,Healthy
17,41,30.56984251968504,42.856593850689286,225.75,70.71337985363732,101.28322237332236,39.095934903570885,High Risk
17,42,3974.562377622378,779.9784722696943,6043.35,1286.9644792449956,5261.526856867374,445.78932118335774,Healthy
17,44,7535.0325874125865,1700.536551348672,14452.85,2805.8853097253086,10340.917897137895,613.8009688576822,Healthy
17,45,21.294095238095238,20.029650122488516,135.59,33.04892270210605,54.343017940201285,32.629814003526924,High Risk
17,46,26006.988601398603,3316.997383364344,37281.98,5473.045682551167,31480.03428394977,1140.3286500259169,Healthy
17,47,15.608571428571427,192.7123569319978,313.0,317.9753889377963,333.58396036636776,27.936151693255308,High Risk
17,48,1294.4752482269505,1013.8021333415974,6238.0,1672.7735200136356,2967.2487682405863,254.40865239088768,High Risk
17,49,38.22345679012346,49.52138323897299,213.84,81.71028234430543,119.93373913442889,43.716962834878785,High Risk
17,51,18.565,20.323874612590302,84.46,33.534393110774,52.099393110774,30.46719547316425,High Risk
17,52,3552.823216783217,755.2244852766693,7208.29,1246.1204007065041,4798.943617489721,421.474982459411,Healthy
17,54,66.39932330827068,59.60650066484624,342.0,98.35072609699628,164.75004940526696,57.619147558893424,High Risk
17,55,10572.84951048951,5608.546815958072,40685.31,9254.102246330818,19826.95175682033,727.0780395009022,Healthy
17,56,4245.378671328672,6146.104640996884,27308.56,10141.072657644858,14386.45132897353,460.72652796038733,High Risk
17,58,1486.4786428571429,831.3397768958395,4544.0,1371.710631878135,2858.1892747352776,272.6241591327833,Healthy
17,59,638.8553846153847,295.82728723754144,2209.35,488.1150239419434,1126.970408557328,178.72540175019677,Healthy
17,60,371.3076923076923,140.49437013276813,827.2,231.8157107190674,603.1234030267597,136.25485171319448,Healthy
17,67,7757.146223776223,2853.440701736251,19297.62,4708.177157864814,12465.323381641037,622.7819130231795,Healthy
17,71,3465.274965034965,1270.2590403202475,9296.16,2095.9274165284082,5561.202381563373,416.2496225244514,Healthy
17,72,52591.132027972024,20610.40409901078,194660.52,34007.166763367786,86598.29879133981,1621.5907626150938,Healthy
17,74,15300.776993006992,6553.956953686215,48049.95,10814.028973582253,26114.805966589243,874.6649928117333,Healthy
17,77,238.5,477.30719730588606,954.0,787.556875554712,1026.056875554712,109.20164833920778,High Risk
17,78,2.6057142857142854,14.989764126610819,20.0,24.73311080890785,27.338825094622134,11.414276774536102,High Risk
17,79,27208.437622377623,2097.747789022271,32764.63,3461.2838518867466,30669.72147426437,1166.3712449811514,Healthy
17,80,798.6767132867133,214.31670211140843,1324.44,353.62255848382387,1152.2992717705372,199.83452070234426,Healthy
17,81,12839.772867132868,2570.3261000433913,19520.8,4241.038065071595,17080.810932204462,801.2419380915127,Healthy
17,82,17173.994685314687,4824.536440724059,49273.99,7960.485127194696,25134.479812509384,926.6605280606994,Healthy
17,83,498.3997902097902,144.99328490749335,1208.5,239.238920097364,737.6387103071542,157.86066486141982,Healthy
17,85,4209.212237762237,1383.6551350157745,11117.11,2283.0309727760277,6492.243210538265,458.7598629872843,Healthy
17,87,12189.03797202797,3090.8630053060865,18965.31,5099.923958755043,17288.961930783014,780.6740027702975,Healthy
17,90,31293.306223776224,5973.899397245334,50041.08,9856.9340054548,41150.24022923102,1250.8658246146192,Healthy
17,91,12033.678951048953,2219.616397826662,18064.07,3662.3670564139916,15696.046007462945,775.6828911046367,Healthy
17,92,53043.34874125874,12524.906493049953,105950.68,20666.09571353242,73709.44445479117,1628.5476465436734,Healthy
17,93,3646.955664335664,927.7950501695392,6699.53,1530.8618327797396,5177.817497115404,427.02199383261654,Healthy
17,94,855.7822727272727,1512.303630250334,8156.48,2495.300989913051,3351.083262640324,206.85529637010418,High Risk
17,95,50614.95846153846,7069.221599193654,74015.14,11664.215638669528,62279.17410020799,1590.8324622903956,Healthy
17,96,819.4164583333333,392.4027049296754,1646.19,647.4644631339644,1466.8809214672976,202.4125068187899,Healthy
17,97,7798.283426573426,1527.852425008967,12131.71,2520.9565012647954,10319.239927838222,624.4310781252574,Healthy
17,98,169.37912,175.4703294743367,995.19,289.52604363265556,458.90516363265556,92.02693084092287,High Risk
17,99,2.29,,2.29,,,10.700467279516348,Healthy
18,1,21988.356223776223,13577.810097800198,88055.13,22403.386661370325,44391.74288514655,1048.5312638108658,High Risk
18,2,63665.139510489505,7855.5808064602015,94088.09,12961.708330659332,76626.84784114883,1784.168426893738,Healthy
18,3,16392.98048951049,13543.753205202078,81361.98,22347.192788583427,38740.17327809392,905.3446992585335,High Risk
18,4,26775.207202797203,2329.429611400221,33755.59,3843.558858810364,30618.766061607566,1157.048123519441,Healthy
18,5,22933.954965034965,14729.389675329528,106452.74,24303.49296429372,47237.447929328686,1070.8397397611598,High Risk
18,6,5664.913076923077,4135.815291471992,35059.65,6824.095230928787,12489.008307851864,532.2082805125771,High Risk
18,7,33152.3472027972,28247.939761607817,202655.12,46609.10060665289,79761.4478094501,1287.4848970531111,High Risk
18,8,32036.5820979021,3555.2985030882764,46070.05,5866.242530095656,37902.824627997754,1265.6338747422594,Healthy
18,9,18589.37125874126,7492.573341794259,38648.13,12362.746013960526,30952.117272701784,964.0894994434194,Healthy
18,10,16754.599860139857,2445.2124586207924,25663.72,4034.6005567243074,20789.200416864165,915.2759108634908,Healthy
18,11,21485.875734265734,12508.369861305286,93666.34,20638.81027115372,42124.686005419455,1036.4814454264422,Healthy
18,12,3865.5369230769234,900.3176062815878,5579.64,1485.5240503646198,5351.060973441543,439.6326263527835,Healthy
18,13,42342.91391608392,4229.640032121743,53768.55,6978.906053000876,49321.8199690848,1455.0414756302296,Healthy
18,14,21977.35251748252,6420.370862559206,59694.78,10593.61192322269,32570.96444070521,1048.2688709840265,Healthy
18,16,16067.656223776223,12926.235251431344,53409.8,21328.28816486172,37395.944388637945,896.3162450769321,High Risk
18,17,15289.54188811189,3564.3764422175054,28754.43,5881.221129658884,21170.763017770772,874.3438078957239,Healthy
18,18,9246.560317460318,15791.385234953339,74781.33,26055.78563767301,35302.34595513333,679.9470684347539,High Risk
18,19,2783.2783916083918,737.5463760464332,5341.65,1216.9515204766149,4000.2299120850066,373.04680615228375,Healthy
18,20,8409.801958041957,1838.4812785937743,14162.01,3033.4941096797274,11443.296067721683,648.4520783389455,Healthy
18,21,5059.748251748252,1394.3864255550811,13010.8,2300.737602165884,7360.485853914136,502.97854088162904,Healthy
18,22,15759.97895104895,3296.156961733695,31582.71,5438.658986860596,21198.637937909545,887.6930480478302,Healthy
18,23,36048.42272727273,10092.355888409664,95543.32,16652.387215875944,52700.80994314868,1342.542787535517,Healthy
18,24,8890.141748251748,3180.061394276096,21555.85,5247.101300555558,14137.243048807306,666.7136472373934,Healthy
18,25,16470.19223776224,3017.042166208398,28482.83,4978.119574243857,21448.311812006097,907.4743037067838,Healthy
18,26,10527.132447552447,2981.6208348214136,20754.17,4919.674377455332,15446.80682500778,725.504391701127,Healthy
18,27,2741.878811188811,878.1730653933652,6753.86,1448.9855578990525,4190.864369087863,370.2619890826502,Healthy
18,28,1241.9954545454545,475.11102300695416,2698.57,783.9331879614743,2025.928642506929,249.19825988010575,Healthy
18,29,10271.007622377623,2150.922131323082,23092.87,3549.021516683085,13820.029139060709,716.6242956521089,Healthy
18,30,6178.887762237762,1354.5765847135085,8889.6,2235.051364777289,8413.939127015052,555.827660441515,Healthy
18,31,3424.756293706294,1881.8884451920717,14666.04,3105.115934566918,6529.872228273212,413.80891083362945,Healthy
18,32,9269.177692307692,4263.309722547894,41096.0,7034.461042204025,16303.638734511718,680.7781463996804,Healthy
18,33,8893.556643356644,2970.594953156867,21471.46,4901.481672708831,13795.038316065475,666.8416844857798,Healthy
18,34,20971.56706293706,5049.983660076318,37277.98,8332.473039125925,29304.040102062987,1024.0011489968422,Healthy
18,35,3873.937272727273,1195.0751490474056,7417.3,1971.873995928219,5845.811268655492,440.11005854940834,Healthy
18,36,2283.0174125874123,1406.1818016523282,6594.02,2320.1999727263415,4603.217385313754,337.86220657151136,High Risk
18,38,65312.47573426573,7494.453658965379,90231.58,12365.848537292875,77678.32427155861,1807.1037011509015,Healthy
18,39,28.0,,28.0,,,37.416573867739416,Healthy
18,40,61637.689020979014,5539.683679124231,75374.76,9140.478070554982,70778.167091534,1755.5296782022658,Healthy
18,41,706.9873426573427,412.410367426056,2566.51,680.4771062529924,1387.464448910335,188.01427374767889,Healthy
18,42,6802.007902097902,856.4531088459582,8477.35,1413.147629595831,8215.155531693734,583.1812712226749,Healthy
18,44,5055.879510489511,1180.6284411668275,10236.51,1948.0369279252654,7003.916438414776,502.78621254413446,Healthy
18,45,21.186571428571426,18.22396320666784,71.82,30.069539291001934,51.25611071957336,32.54732817649663,High Risk
18,46,25474.85846153846,5548.894893079911,56884.22,9155.676573581852,34630.53503512031,1128.602198773741,Healthy
18,47,20.176470588235293,136.19849269270458,224.0,224.72751294296253,244.90398353119784,31.761982454056053,High Risk
18,48,10.0,,10.0,,,22.360679774997898,Healthy
18,49,10765.219650349649,2719.0043734085216,19673.4,4486.35721612406,15251.576866473708,733.662717137434,Healthy
18,50,937.8382352941177,737.0268076244097,2390.0,1216.094232580276,2153.9324678743938,216.5454034716643,High Risk
18,51,7.2058536585365855,8.388374388285778,35.56,13.840817740671532,21.04667139920812,18.981377266332107,High Risk
18,52,2950.3684615384614,847.0980795378839,6676.46,1397.7118312375085,4348.08029277597,384.0812714477537,Healthy
18,54,144.46068181818183,154.99598948366415,805.0,255.74338264804584,400.2040644662277,84.98843504212259,High Risk
18,55,10265.073006993007,6950.105691973633,48249.11,11467.674391756495,21732.747398749503,716.4172320300862,High Risk
18,56,5011.655244755244,6555.080196698087,26697.88,10815.882324551843,15827.537569307087,500.58242302118657,High Risk
18,58,3844.2268531468526,2282.604896552176,12125.0,3766.29807931109,7610.524932457943,438.4191403866198,Healthy
18,59,992.127972027972,2707.311592870226,23979.03,4467.064128235873,5459.192100263845,222.72493933414506,High Risk
18,60,163.88971962616824,83.89604746416443,422.4,138.4284783158713,302.31819794203955,90.52340018640712,Healthy
18,67,7935.269790209791,3525.2805174856708,20822.9,5816.712853851356,13751.982644061147,629.8916490242505,Healthy
18,71,7599.357342657343,2280.6118264101638,17343.58,3763.00951357677,11362.366856234114,616.4153365490407,Healthy
18,72,62042.98223776223,38366.253342582466,353008.64,63304.318015261066,125347.3002530233,1761.2918871919303,High Risk
18,74,22229.816503496502,4081.7319478989484,38638.61,6734.8577140332645,28964.674217529766,1054.2726521990528,Healthy
18,77,421.0,489.6927608204965,954.0,807.9930553538192,1228.9930553538193,145.08618128546908,High Risk
18,78,5.1875,9.825905556232463,22.0,16.212744167783562,21.400244167783562,16.105123408406406,High Risk
18,79,22571.55223776224,2846.520649521076,30810.03,4696.759071709775,27268.311309472014,1062.3453355138865,Healthy
18,80,373.29,337.8616761194497,1121.32,557.471765597092,930.7617655970921,136.61808079460053,High Risk
18,81,12115.718601398601,1923.3103733958571,15869.08,3173.462116103164,15289.180717501766,778.322510319424,Healthy
18,82,15535.521398601399,6454.8059617312165,61126.84,10650.429836856507,26185.951235457906,881.3490057463445,Healthy
18,83,1404.9475555555557,926.3065667585972,4140.6,1528.4058351516853,2933.353390707241,265.04221885914285,High Risk
18,85,1749.7123076923076,825.8217849074554,7299.9,1362.6059450973012,3112.318252789609,295.7796737178121,Healthy
18,87,18423.94986013986,2778.604739533952,29373.56,4584.69782023102,23008.64768037088,959.7903380462802,Healthy
18,90,18481.394265734263,6547.421190164584,32480.75,10803.244963771564,29284.639229505825,961.285448390182,Healthy
18,91,14124.482517482518,9211.554426037594,32629.06,15199.064802962028,29323.547320444544,840.3714213811211,High Risk
18,92,50079.623636363634,13791.031560813313,80639.97,22755.202075341967,72834.8257117056,1582.3972895003901,Healthy
18,93,2113.3001470588238,1693.0921224071108,8827.38,2793.6020019717325,4906.902149030557,325.0615439465905,High Risk
18,94,4880.242248062015,3832.238414215361,12643.18,6323.193383455346,11203.43563151736,493.9758216786534,High Risk
18,95,57668.25174825175,8774.946058662534,115565.7,14478.66099679318,72146.91274504493,1698.061420388729,Healthy
18,96,0.4813333333333334,18.596857860908937,42.05,30.684815470499743,31.166148803833075,4.905778905196062,High Risk
18,97,5350.500431654676,2128.737198219609,9929.18,3512.416377062355,8862.916808717031,517.228210350841,Healthy
18,98,881.1508527131783,911.3961454926165,2997.84,1503.803640062817,2384.9544927759953,209.89888669466285,High Risk
18,99,12.559999999999999,4.299209229614209,15.6,7.093695228863444,19.65369522886344,25.059928172283332,Healthy
19,1,21504.02916083916,14291.397519078013,86840.87,23580.80590647872,45084.83506731788,1036.9192148098896,High Risk
19,2,50841.072937062934,6027.355438124229,85706.27,9945.136472904978,60786.20940996791,1594.3819011934206,Healthy
19,3,18414.224475524476,14822.093597313935,81783.8,24456.45443556799,42870.678911092466,959.5369840585739,High Risk
19,4,31365.545314685318,2771.6781025354244,40708.94,4573.26886918345,35938.814183868766,1252.308774118534,Healthy
19,5,28759.223846153844,17596.9893489427,134194.45,29035.032425755457,57794.2562719093,1199.150195891946,High Risk
19,6,5948.962867132866,4077.481598433209,32583.21,6727.844637414794,12676.807504547662,545.3880667530628,High Risk
19,7,33882.926853146855,22110.15631180712,169832.72,36481.75791448175,70364.68476762861,1301.5937702130195,High Risk
19,8,42613.66293706294,3044.6532802515026,62278.75,5023.677912414979,47637.340849477914,1459.6859754252444,Healthy
19,9,30645.018111888112,11357.679126889261,63042.57,18740.17055936728,49385.1886712554,1237.8412279425845,Healthy
19,10,27622.457762237762,4644.7385507666695,52822.97,7663.818608765005,35286.276371002765,1175.2118481839298,Healthy
19,11,21997.256503496505,11641.971773953133,119483.37,19209.253427022668,41206.50993051917,1048.7434505992517,Healthy
19,12,6403.788601398602,1606.7549076157588,10871.65,2651.145597566002,9054.934198964604,565.8528342863806,Healthy
19,13,33957.896223776224,3401.9784764541723,45225.9,5613.264486149384,39571.16070992561,1303.032927898912,Healthy
19,14,18478.815734265732,8205.576850728788,73135.17,13539.201803702501,32018.017537968233,961.2183865871931,Healthy
19,16,28023.60006993007,25376.684443538496,107614.91,41871.529331838516,69895.12940176859,1183.7144940806054,High Risk
19,17,17137.07909090909,4205.36155017949,39249.0,6938.846557796159,24075.925648705248,925.6640613880688,Healthy
19,18,10440.354181818182,14431.459954619171,70873.47,23811.908925121632,34252.26310693981,722.5079301231988,High Risk
19,19,-5.21923076923077,7.148823284917202,7.0,11.795558420113382,6.576327650882612,,High Risk
19,20,6727.757272727273,1433.1500872166148,12310.61,2364.697643907414,9092.454916634688,579.9895375231898,Healthy
19,21,7112.320489510489,1536.8511870362818,17730.86,2535.804458609865,9648.124948120354,596.3354965751447,Healthy
19,22,12343.916083916083,3165.9944832236934,29651.83,5223.890897319094,17567.806981235175,785.6181032765246,Healthy
19,23,28089.81909090909,9262.575732293533,89336.88,15283.249958284328,43373.06904919342,1185.112211794923,Healthy
19,24,5768.380979020979,2412.5389238159883,15088.07,3980.6892242963804,9749.070203317358,537.0465984912752,Healthy
19,25,12986.697412587413,3038.9020405193774,26698.22,5014.188366856973,18000.885779444387,805.8131735268236,Healthy
19,26,7878.555944055944,2078.4032997150794,16514.89,3429.3654445298807,11307.921388585824,627.6366761134958,Healthy
19,27,2385.669020979021,1141.1678439529717,9566.76,1882.9269425224031,4268.595963501424,345.3743636243881,Healthy
19,28,876.8764335664335,361.4332546420357,2420.06,596.3648701593589,1473.2413037257925,209.38916323038706,Healthy
19,29,5822.995244755244,1913.3014737917927,20689.25,3156.9474317564577,8979.942676511702,539.5829521378174,Healthy
19,30,4690.908321678322,1200.4033668025797,7748.41,1980.6655552242564,6671.573876902578,484.2988912685183,Healthy
19,31,3067.292937062937,1450.166628892447,9570.37,2392.7749376725374,5460.067874735474,391.6179858652394,Healthy
19,32,7693.104755244755,4162.606185516953,42208.05,6868.300206102972,14561.404961347727,620.205802747957,Healthy
19,33,6206.423006993007,2264.142810636998,15008.92,3735.8356375510466,9942.258644544054,557.064763155641,Healthy
19,34,17472.37132867133,4161.135158006976,34420.61,6865.87301071151,24338.244339382836,934.6756477161296,Healthy
19,35,3434.005734265734,1108.3697328048402,7231.0,1828.8100591279863,5262.81579339372,414.36733306727587,Healthy
19,36,1972.846853146853,1177.469987533799,6085.5,1942.8254794307682,3915.672332577621,314.07378537111725,Healthy
19,37,2733.6717482517483,414.9774793911734,4693.52,684.7128409954361,3418.3845892471845,369.7074348895183,Healthy
19,38,78019.81517482518,7877.051248345787,104018.83,12997.134559770548,91016.94973459574,1975.092594979096,Healthy
19,39,15.23111111111111,7.137153572055956,28.31,11.776303393892327,27.00741450500344,27.596296047758937,Healthy
19,40,54198.52713286713,3202.068452282636,64414.49,5283.412946266349,59481.94007913348,1646.1853955868264,Healthy
19,41,2876.3994405594403,2032.7149638518654,13910.5,3353.9796903555775,6230.379130915018,379.2360373540099,High Risk
19,42,6430.056713286714,889.957192080779,8449.18,1468.4293669332853,7898.486080219999,567.012200630935,Healthy
19,44,5562.715664335664,1272.4928903111158,12900.76,2099.613269013341,7662.328933349005,527.385801114121,Healthy
19,45,12.22888888888889,18.909514563458288,79.03,31.200699029706172,43.42958791859506,24.727402703164042,High Risk
19,46,20351.556643356646,3650.0927747914056,47646.52,6022.653078405819,26374.209721762465,1008.7506293271059,Healthy
19,47,23.70958333333333,358.94238708690415,649.0,592.2549386933919,615.9645220267251,34.43078806339853,High Risk
19,48,249.288,290.11895172689276,985.0,478.69627034937304,727.984270349373,111.64407731716001,High Risk
19,49,5436.057412587413,1334.0071771760988,9378.94,2201.111842340563,7637.169254927976,521.347169004849,Healthy
19,50,941.968085106383,281.34933301582544,1841.0,464.22639947611196,1406.194484582495,217.0216677092846,Healthy
19,51,30.204545454545453,32.12833303346929,178.08,53.01174950522432,83.21629495976978,38.861642692084864,High Risk
19,52,1653.0834965034965,442.3783507476643,4460.04,729.924278733646,2383.0077752371426,287.4963909776518,Healthy
19,54,91.63580152671756,91.04652848494725,426.5,150.22677200016295,241.8625735268805,67.68892137075223,High Risk
19,55,13923.06153846154,10270.823373250576,72836.92,16946.85856586345,30869.920104324992,834.3578829993021,High Risk
19,56,5716.974475524476,6376.1814162113515,34833.72,10520.699336748728,16237.673812273204,534.6482243271961,High Risk
19,58,3062.104895104895,1601.4860087127297,8575.0,2642.451914376004,5704.556809480899,391.2866529224384,Healthy
19,59,715.4495804195803,823.5713442819375,6625.28,1358.8927180651967,2074.342298484777,189.1361388550031,High Risk
19,60,532.9888111888112,170.99492748629,1522.4,282.1416303523785,815.1304415411896,163.24656369872096,Healthy
19,67,13792.077062937064,5553.448742582135,36080.69,9163.190425260524,22955.267488197587,830.4238996722415,Healthy
19,71,6318.644055944056,2041.060519803796,13768.36,3367.749857676263,9686.393913620319,562.0784667617172,Healthy
19,72,72434.48636363637,38577.42985166273,339846.03,63652.7592552435,136087.24561887988,1903.0828458534902,Healthy
19,74,18657.597832167834,4186.652657896691,38991.68,6907.976885529541,25565.574717697375,965.8570761807316,Healthy
19,77,548.75,261.5790192911758,700.0,431.6053818304401,980.3553818304401,165.64268773477446,Healthy
19,78,15.624615384615385,18.908160766974234,60.0,31.198465265507483,46.82308065012287,27.950505706172283,High Risk
19,79,21683.665594405596,2149.8157128954454,27741.26,3547.1959262774844,25230.86152068308,1041.2412207170248,Healthy
19,80,21870.02727272727,1519.2321850101384,27900.91,2506.733105266728,24376.760377994,1045.7061554931977,Healthy
19,81,21678.774825174823,1424.4851149004792,26349.77,2350.4004395857905,24029.175264760615,1041.1237876730802,Healthy
19,82,22816.835034965035,12902.306432112744,117616.6,21288.805612986027,44105.64064795106,1068.1019388374182,Healthy
19,83,4239.971818181818,1077.5792554052668,11731.85,1778.0057714186903,6017.9775896005085,460.4330471513648,Healthy
19,85,4915.79993006993,1823.6281899162007,16230.83,3008.986513361731,7924.786443431662,495.77212154728556,Healthy
19,87,16986.922657342657,2577.9448733345807,26440.18,4253.609041002058,21240.531698344716,921.5997682655594,Healthy
19,90,67545.40643356643,6137.880295755111,96173.32,10127.502487995933,77672.90892156237,1837.7351065042865,Healthy
19,91,54692.79741258742,5456.990183029464,70536.47,9004.033801998616,63696.83121458603,1653.6746568262363,Healthy
19,92,113720.21293706293,10896.641594891757,154490.96,17979.458631571397,131699.67156863434,2384.535729833618,Healthy
19,93,37087.93706293706,3792.1608512977486,47914.69,6257.065404641285,43345.00246757834,1361.7624070104348,Healthy
19,94,37643.786433566434,5058.745260468298,52404.05,8346.929679772691,45990.71611333913,1371.9290512553198,Healthy
19,95,97240.50356643356,9275.067456510726,132134.2,15303.861303242697,112544.36486967625,2205.0000404357543,Healthy
19,96,15860.814825174826,4007.273412447276,32456.76,6612.001130538005,22472.81595571283,890.5283494974999,Healthy
19,97,20370.26972027972,2696.790604163949,29167.17,4449.704496870516,24819.974217150237,1009.2142914237719,Healthy
19,98,12884.229090909092,1687.2304302938992,22283.56,2783.9302099849333,15668.159300894025,802.6278431162568,Healthy
19,99,440.3748780487805,933.8052003365636,5300.0,1540.7785805553299,1981.1534586041103,148.3871419713953,High Risk
20,1,40545.47321678322,21554.214512974468,156234.28,35564.45394640787,76109.92716319108,1423.82360594252,Healthy
20,2,78251.24993006993,6764.753123366579,115564.67,11161.842653554853,89413.09258362478,1978.0198422926644,Healthy
20,3,15490.97125874126,7495.520990041074,44023.09,12367.60963356777,27858.58089230903,880.0844067116875,Healthy
20,4,51456.37664335665,3978.501337618691,63525.66,6564.52720707084,58020.90385042749,1604.0008828450914,Healthy
20,5,41647.7865034965,24023.640914800795,180367.98,39639.00750942131,81286.79401291782,1443.0486219025418,Healthy
20,6,8210.745734265734,6194.978370527948,54700.4,10221.714311371114,18432.46004563685,640.7318368188728,High Risk
20,7,49394.699230769234,36793.94511916835,261136.32,60710.00944662777,110104.70867739701,1571.5390423207632,High Risk
20,8,76445.06125874126,6184.7629731740535,94810.87,10204.858905737188,86649.92016447845,1955.0583272468018,Healthy
20,9,38243.62391608392,12589.059826164961,76015.7,20771.948713172183,59015.5726292561,1382.816399889803,Healthy
20,10,41826.46755244755,5779.293214181907,63513.62,9535.833803400146,51362.301355847696,1446.1408567710055,Healthy
20,11,25925.433916083915,8758.139251388706,66878.09,14450.929764791365,40376.36368087528,1138.53928162545,Healthy
20,12,7786.979860139861,1982.6040643301853,11450.85,3271.2967061448057,11058.276566284667,623.9783594059918,Healthy
20,13,56580.50426573427,4241.557227088522,69111.88,6998.569424696061,63579.073690430334,1681.9706338954654,Healthy
20,14,24275.736573426573,11364.822858688896,96531.12,18751.957716836678,43027.69429026325,1101.7199411244806,Healthy
20,16,27048.00888111888,24354.050887877493,105742.58,40184.18396499786,67232.19284611674,1162.927531730135,High Risk
20,17,18464.403846153848,4784.062674211721,47913.44,7893.703412449339,26358.107258603188,960.8434796092922,Healthy
20,18,13170.096,19410.908836749673,92369.9,32027.99958063696,45198.09558063696,811.4830866999015,High Risk
20,19,162.1589285714286,288.96540078467075,1485.0,476.7929112947067,638.9518398661353,90.04413600324804,High Risk
20,20,6992.899720279721,1194.1508572326613,11447.34,1970.3489144338912,8963.248634713613,591.3078606056122,Healthy
20,21,13457.564895104895,2672.6195763403816,29800.75,4409.8223009616295,17867.387196066524,820.2915608216659,Healthy
20,22,13931.855174825176,4989.041403522502,37299.44,8231.918315812129,22163.773490637304,834.6213265554977,Healthy
20,23,37655.15832167832,13778.232905746761,125639.1,22734.084294482156,60389.242616160474,1372.1362600281052,Healthy
20,24,8309.914825174825,3586.562650588775,20674.74,5917.828373471478,14227.743198646302,644.5895913360231,Healthy
20,25,17515.605384615385,3566.504065920751,34326.57,5884.731708769239,23400.337093384624,935.8313252027682,Healthy
20,26,12804.132587412587,3533.702013870239,24701.56,5830.608322885894,18634.740910298482,800.1291329345715,Healthy
20,27,2710.69006993007,1258.4503762612048,11075.8,2076.443120830988,4787.133190761058,368.1501100047418,Healthy
20,28,954.6915384615386,330.1838544335601,1925.03,544.8033598153742,1499.4948982769129,218.48244076601884,Healthy
20,29,8946.72076923077,3086.390025094288,29219.96,5092.543541405575,14039.264310636343,668.8318461777508,Healthy
20,30,6298.868321678322,1443.351580648507,10079.62,2381.5301080700365,8680.398429748358,561.1981967931794,Healthy
20,31,3840.956153846154,1623.5634802260845,11740.7,2678.8797423730393,6519.835896219193,438.232595424288,Healthy
20,32,13728.18034965035,7577.558673603389,67909.58,12502.971811445592,26231.152161095943,828.4980491724272,Healthy
20,33,9485.906363636364,3575.5929332394303,23986.2,5899.72833984506,15385.634703481424,688.6910179331644,Healthy
20,34,22106.9865034965,4824.362841726644,37914.5,7960.198688848962,30067.185192345463,1051.3559459929947,Healthy
20,35,5834.6069230769235,1725.8107537835579,12409.01,2847.5877437428703,8682.194666819794,540.1206773988996,Healthy
20,36,3393.5525174825175,2530.3485731217443,13066.5,4175.075145650878,7568.627663133395,411.9194410004532,High Risk
20,37,4006.388111888112,512.4848877826199,6013.42,845.6000648413228,4851.988176729435,447.57055934724485,Healthy
20,38,110205.2162937063,9981.01189131782,138239.64,16468.6696206744,126673.88591438069,2347.394473599466,Healthy
20,40,86518.83748251748,5534.415998249589,101700.89,9131.786397111822,95650.6238796293,2079.8898706724535,Healthy
20,41,6177.195384615384,5497.285964790515,32908.74,9070.52184190435,15247.717226519733,555.7515355181389,High Risk
20,42,8970.767272727273,1071.230730864338,11510.71,1767.5307059261577,10738.29797865343,669.7300677409994,Healthy
20,44,8003.207552447552,1873.4731662392749,18037.48,3091.230724294803,11094.438276742356,632.5823089704435,Healthy
20,45,16.24829268292683,9.255736573185038,40.43,15.271965345755312,31.520258028682143,28.502888172014103,Healthy
20,46,33583.8986013986,7072.671356853489,80004.92,11669.907738808255,45253.80634020685,1295.8375399987183,Healthy
20,47,-12.619333333333334,330.53608855013545,798.0,545.3845461077235,532.7652127743902,,High Risk
20,48,1496.297769230769,1669.1148881759589,13388.0,2754.039565490332,4250.337334721101,273.52310407265134,High Risk
20,49,21402.477272727272,2981.088199185458,29307.37,4918.795528656005,26321.27280138328,1034.4679132947351,Healthy
20,50,3301.2402097902095,641.774705770535,5032.87,1058.9282645213827,4360.168474311592,406.2782426976745,Healthy
20,51,14.652727272727274,9.334402060024082,29.96,15.401763399039735,30.05449067176701,27.067256300489042,High Risk
20,52,3264.065104895105,992.0917598675015,6617.79,1636.9514037813774,4901.016508676483,403.98422648013775,Healthy
20,54,221.91347517730495,227.40647044754087,1216.76,375.2206762384424,597.1341514157474,105.33600409577556,High Risk
20,55,19815.983146853145,13833.659566738774,97400.71,22825.538285118975,42641.52143197212,995.3889477699947,High Risk
20,56,5396.582097902098,6675.1673549945035,34792.9,11014.02613574093,16410.60823364303,519.4507723500899,High Risk
20,58,4185.081619718309,1712.967779963299,9213.0,2826.3968369394433,7011.478456657753,457.4429811308897,Healthy
20,59,1681.0553846153846,3453.2812503125533,31462.44,5697.914063015713,7378.969447631097,289.91855620289164,High Risk
20,60,586.6734265734266,168.03684620715276,1381.6,277.26079624180204,863.9342228152286,171.27075444649424,Healthy
20,67,17437.547622377624,6763.3335370771165,41710.7,11159.500336177241,28597.047958554867,933.7437448887575,Healthy
20,71,8415.035384615385,3153.216998455318,20512.14,5202.808047451274,13617.84343206666,648.6538130858164,Healthy
20,72,91989.86321678321,51440.261925426596,422306.25,84876.43217695388,176866.2953937371,2144.642898209201,Healthy
20,74,22289.12307692308,4199.221665849322,39298.26,6928.715748651381,29217.838825574458,1055.6780540705363,Healthy
20,77,350.0822222222222,456.6327167641894,1272.0,753.4439826609125,1103.5262048831346,132.30310318020176,High Risk
20,78,9.666666666666666,4.041451884327381,12.0,6.668395609140178,16.335062275806845,21.9848432637882,Healthy
20,79,38597.25923076923,3842.8514901415615,54130.89,6340.704958733576,44937.96418950281,1389.1950768479066,Healthy
20,80,39870.76741258741,3023.022795032865,49286.2,4987.987611804227,44858.755024391634,1411.9271831894769,Healthy
20,81,32958.593006993004,3071.1327565069873,42149.94,5067.369048236529,38025.96205522953,1283.717122402615,Healthy
20,82,30421.473846153844,12661.44026153495,121421.89,20891.376431532666,51312.850277686506,1233.3181634548696,Healthy
20,83,5624.9494405594405,1260.3510121791844,10762.95,2079.5791700956543,7704.528610655095,530.3277024896701,Healthy
20,85,4993.7762937062935,1592.8175343333671,14033.34,2628.1489316500556,7621.925225356349,499.6887177886996,Healthy
20,87,44301.724265734265,10997.212111442528,76224.82,18145.399983880172,62447.12424961444,1488.3165702520123,Healthy
20,90,95858.58734265734,9584.6224856271,132656.56,15814.627101284714,111673.21444394205,2189.275991539867,Healthy
20,91,78493.19013986013,9800.109904449477,109009.28,16170.181342341635,94663.37148220176,1981.0753410693412,Healthy
20,92,164633.74153846153,19970.754968668505,220321.48,32951.745698303035,197585.48723676457,2869.0916815122996,Healthy
20,93,52818.583706293706,7610.093554551592,74135.31,12556.654365010127,65375.23807130383,1625.0935927861772,Healthy
20,94,63148.33496503497,8705.555971166246,82805.18,14364.167352424305,77512.50231745928,1776.9121385852898,Healthy
20,95,150613.9553846154,13227.4371741812,185215.02,21825.27133739898,172439.22672201437,2744.2116844789452,Healthy
20,96,15.266874999999999,28.278947344564767,80.96,46.660263118531866,61.927138118531865,27.62867622597941,High Risk
20,97,25836.06223776224,3079.9028132552776,33731.0,5081.839641871207,30917.901879633446,1136.57516772456,Healthy
20,98,19284.377342657343,2321.432715154905,28265.62,3830.363980005593,23114.741322662936,981.9464685678477,Healthy
20,99,796.1538636363638,2121.6114251016693,12550.0,3500.6588514177542,4296.812715054118,199.51865371893976,High Risk
21,1,14950.049230769231,6240.704878084978,38871.46,10297.163048840213,25247.212279609445,864.5822468328051,Healthy
21,2,47780.599160839156,4389.959361017826,69345.44,7243.432945679413,55024.03210651857,1545.6487175428827,Healthy
21,3,14607.126923076923,13025.939950525333,71831.88,21492.8009183668,36099.92784144372,854.6088849022377,High Risk
21,4,19354.728041958042,1926.0989159271087,26259.71,3178.0632112797293,22532.79125323777,983.735941245364,Healthy
21,5,16090.874545454546,10724.114095844196,84249.23,17694.788258142922,33785.66280359747,896.9636153561232,High Risk
21,6,3988.6562937062936,2773.939345515606,21725.84,4576.9999201007495,8565.656213807044,446.5790128133147,High Risk
21,7,24456.82566433566,25948.67807616972,241329.61,42815.318825680035,67272.1444900157,1105.8215422104884,High Risk
21,8,18238.05979020979,1667.3986696958466,25574.36,2751.207804998147,20989.267595207937,954.9361180259597,Healthy
21,9,16387.963636363635,3988.553138688996,26523.91,6581.112678836843,22969.076315200477,905.2061543196565,Healthy
21,10,14695.978881118881,2121.3658589718593,20704.6,3500.253667303568,18196.23254842245,857.2041437463681,Healthy
21,11,13006.376783216783,2984.8259778087995,22426.37,4924.962863384519,17931.3396466013,806.4234862408456,Healthy
21,12,2793.614125874126,414.01463094567396,3786.55,683.124141060362,3476.738266934488,373.7388209615189,Healthy
21,13,28373.730909090908,1863.0739354289012,32338.09,3074.071993457687,31447.802902548596,1191.0862879970307,Healthy
21,14,15897.316083916085,5060.116858526877,50183.62,8349.192816569346,24246.50890048543,891.5524685602101,Healthy
21,16,6308.213146853147,4193.606505291997,16987.89,6919.450733731794,13227.66388058494,561.6143314968532,High Risk
21,17,7181.9376923076925,1452.9443662626925,12543.22,2397.3582043334422,9579.295896641135,599.2469312523716,Healthy
21,18,7233.38048076923,10767.445082148155,49336.75,17766.284385544455,24999.664866313688,601.3892450305888,High Risk
21,19,2032.323986013986,440.60034262186747,3552.64,726.9905653260813,2759.3145513400673,318.7729588605334,Healthy
21,20,5405.155244755244,1022.42944292313,8218.3,1687.0085808231643,7092.163825578408,519.8632149303913,Healthy
21,21,3153.5005594405598,545.9429177272898,5794.33,900.8058142500281,4054.306373690588,397.0831499472472,Healthy
21,22,8436.536923076923,2366.9916988192413,19655.82,3905.536303051748,12342.07322612867,649.4819829324338,Healthy
21,23,36872.78671328671,8427.265666346517,88105.96,13904.988349471752,50777.77506275846,1357.806810877135,Healthy
21,24,8738.996643356644,4653.880589769243,30978.4,7678.90297311925,16417.899616475894,661.0218091468936,Healthy
21,25,18281.0193006993,2927.6343072573977,28440.9,4830.5966069747055,23111.615907674004,956.0601262655842,Healthy
21,26,10623.598811188811,3134.064591006043,29423.4,5171.20657515997,15794.80538634878,728.8209248913209,Healthy
21,27,1647.096923076923,706.2109116115371,5113.62,1165.248004159036,2812.3449272359594,286.9753406720622,Healthy
21,28,731.4383916083916,296.4403618658725,1682.56,489.1265970786896,1220.5649886870813,191.23786126292978,Healthy
21,29,5102.697692307693,1334.6059796036932,14642.02,2202.0998663460937,7304.797558653787,505.10878493190415,Healthy
21,30,4638.772587412587,814.4825731694812,7229.2,1343.8962457296439,5982.668833142231,481.60007202099683,Healthy
21,31,3884.023076923077,2176.370761313182,13839.09,3591.01175616675,7475.034833089827,440.68259989039035,Healthy
21,32,7116.295244755244,3511.4196699182085,34609.52,5793.842455365044,12910.137700120289,596.5021058116746,Healthy
21,33,8190.0560139860145,3596.63418330957,25150.84,5934.44640246079,14124.502416446805,639.9240585407778,Healthy
21,34,19044.877902097902,3519.948167717144,32271.92,5807.914476733287,24852.79237883119,975.8298494639806,Healthy
21,35,2690.18951048951,626.8110290891402,4872.0,1034.2381979970812,3724.4277084865917,366.75533469122917,Healthy
21,36,2079.5408391608394,1458.1147341491865,7040.0,2405.8893113461577,4485.430150506997,322.4547130343143,High Risk
21,38,40298.334055944055,5896.35521924961,55159.47,9728.986111761857,50027.32016770591,1419.4776161663144,Healthy
21,40,39586.80993006993,2323.661846263867,44366.41,3834.0420463353807,43420.85197640531,1406.8903640666165,Healthy
21,41,2570.5965734265733,1990.0584445116126,11127.76,3283.5964334441605,5854.193006870733,358.51056981814173,High Risk
21,42,4886.625524475524,712.473053700168,6965.89,1175.580538605277,6062.206063080801,494.2987722256411,Healthy
21,44,4255.040699300699,879.9996193746379,7625.31,1451.9993719681524,5707.0400712688515,461.25051215693514,Healthy
21,45,11.968,15.636531493360577,52.88,25.80027696404495,37.76827696404495,24.462215762273047,High Risk
21,46,19187.062937062936,3794.1743213796417,44705.63,6260.387630276408,25447.450567339343,979.4657456252091,Healthy
21,47,22.472105263157896,212.21020581224928,399.0,350.1468395902113,372.6189448533692,33.52022170508266,High Risk
21,48,0.0,21.170777028725233,14.97,34.931782097396635,34.931782097396635,0.0,High Risk
21,49,10646.975664335665,2033.3497393739372,16622.35,3355.0270699669964,14002.002734302661,729.6223565768686,Healthy
21,50,10.0,,10.0,,,22.360679774997898,Healthy
21,51,2.02,5.753570871882763,11.0,9.493391938606559,11.513391938606558,10.04987562112089,High Risk
21,52,2755.241608391608,711.1245154451594,6142.92,1173.355450484513,3928.597058876121,371.1631452873257,Healthy
21,54,127.31985507246377,132.29245550642887,795.5,218.28255158560762,345.6024066580714,79.78717161062414,High Risk
21,55,8286.281398601399,4320.441026151819,35453.79,7128.7276931505,15415.0090917519,643.6723311826212,Healthy
21,56,1511.944895104895,1483.5820646654486,5430.43,2447.91040669799,3959.855301802885,274.9495312875524,High Risk
21,58,1319.0004918032787,1201.6496614883758,7650.0,1982.7219414558201,3301.7224332590986,256.80736864460084,High Risk
21,59,703.785944055944,1586.1596522441796,14180.23,2617.163426202896,3320.94937025884,187.588105174068,High Risk
21,60,205.7699248120301,104.91860191607881,695.2,173.11569316153003,378.8856179735601,101.43222486272056,Healthy
21,67,5126.37083916084,2510.7250278831266,17368.93,4142.696296007159,9269.067135168,506.2791146769161,Healthy
21,71,5845.902027972028,1671.0806735663555,10995.61,2757.2831113844863,8603.185139356514,540.643229309867,Healthy
21,72,42966.006223776225,27060.887929856763,244640.55,44650.465084263655,87616.47130803988,1465.7081261932103,High Risk
21,74,11570.641048951049,1936.1745889299102,21570.66,3194.6880717343515,14765.329120685401,760.6129452274346,Healthy
21,77,326.0,213.54624791833734,477.0,352.3513090652566,678.3513090652566,127.67145334803705,High Risk
21,78,12.0,0.0,12.0,0.0,12.0,24.49489742783178,Healthy
21,79,22626.552727272727,2568.0840716425514,29328.41,4237.33871821021,26863.891445482936,1063.6388655759229,Healthy
21,80,33.69223529411765,41.03662952535357,176.8,67.71043871683338,101.40267401095103,41.04402227737777,High Risk
21,81,5249.491608391609,842.7141510139875,7059.9,1390.4783491730793,6639.969957564688,512.32273072701,Healthy
21,82,15120.754615384616,4683.745895855962,49976.24,7728.180728162337,22848.935343546953,869.5043017542988,Healthy
21,83,200.04223776223776,115.33033176287415,633.94,190.29504740874233,390.33728517098007,100.01055888310937,Healthy
21,85,1441.9146153846154,496.56560872100664,4287.24,819.333254389661,2261.2478697742763,268.506481801149,Healthy
21,87,7308.057692307692,982.2778878204355,11634.23,1620.7585149037184,8928.81620721141,604.4856364012172,Healthy
21,90,10983.598741258742,937.3271319419176,13899.56,1546.589767704164,12530.188508962907,741.0667561447734,Healthy
21,91,6735.454125874126,620.8957749730109,8252.33,1024.478028705468,7759.932154579594,580.3212095845768,Healthy
21,92,21915.114965034965,3628.8726104523666,34012.63,5987.639807246404,27902.75477228137,1046.7835250192602,Healthy
21,93,663.3841258741259,136.4773267261711,1643.82,225.18758909818231,888.5717149723082,182.1241507700346,Healthy
21,94,537.6633333333334,1246.453846634828,6037.02,2056.648846947466,2594.3121802807996,163.96086931541524,High Risk
21,95,40379.29517482517,5044.064193652627,51329.74,8322.705919526834,48702.001094352,1420.9027970770057,Healthy
21,96,2.0,,2.0,,,10.0,Healthy
21,97,3260.404685314685,291.2155740974499,4029.56,480.5056972607923,3740.9103825754773,403.75764298120015,Healthy
21,98,111.68067226890756,174.3001518992069,1449.91,287.59525063369136,399.27592290259895,74.72639167954905,High Risk
21,99,29.88,0.0,29.88,0.0,29.88,38.65229618017538,Healthy
22,1,21493.27111888112,15137.2684647671,92020.12,24976.492966865713,46469.764085746836,1036.659807238641,High Risk
22,2,53361.85188811189,5289.880336100424,83749.17,8728.302554565698,62090.15444267759,1633.4297029274305,Healthy
22,3,13150.979510489511,10901.5852696206,60310.5,17987.615694873988,31138.595205363497,810.8939360511185,High Risk
22,4,32104.132377622376,2936.097984376147,45081.1,4844.561674220642,36948.69405184302,1266.9674892755215,Healthy
22,5,23187.335104895104,14498.874373489754,111203.56,23923.142716258095,47110.477821153196,1076.7389447980208,High Risk
22,6,5236.811328671329,4014.298083386512,34228.77,6623.5918375877445,11860.403166259073,511.7035923594503,High Risk
22,7,29068.621608391608,21939.026878009183,153517.68,36199.39434871515,65268.015957106756,1205.583294683358,High Risk
22,8,37236.34769230769,2754.6486651110613,50263.7,4545.170297433251,41781.51798974094,1364.484292549894,Healthy
22,9,23452.90888111888,6749.449259624462,38076.52,11136.591278380361,34589.50015949924,1082.887549127768,Healthy
22,10,19438.354265734266,2067.674885867494,27861.0,3411.663561681365,22850.01782741563,985.8588708769189,Healthy
22,11,14951.826783216784,10070.747570450712,72280.15,16616.733491243675,31568.56027446046,864.633644476572,High Risk
22,12,3710.6515384615386,714.6506446078827,5255.15,1179.1735636030064,4889.825102064545,430.73492651870816,Healthy
22,13,37381.400839160844,2809.66117256018,45945.27,4635.940934724297,42017.34177388514,1367.1393644972857,Healthy
22,14,17203.4179020979,6183.066568519725,59850.75,10202.059838057545,27405.477740155446,927.453985438035,Healthy
22,16,19672.921538461538,17268.057646907855,69025.54,28492.29511739796,48165.2166558595,991.7893309181526,High Risk
22,17,14551.985174825175,2979.469940329413,28603.48,4916.125401543532,19468.11057636871,852.9942899816263,Healthy
22,18,10156.836910569105,16167.010236313003,73272.78,26675.566889916452,36832.403800485554,712.6302305743528,High Risk
22,19,939.8711904761903,602.9849875199793,2031.74,994.9252294079658,1934.7964198841562,216.7799795271914,High Risk
22,20,6672.666013986014,1133.6488994860056,10766.33,1870.520684151909,8543.186698137923,577.6099901311444,Healthy
22,21,5386.000839160839,1303.860262255673,12986.18,2151.3694327218604,7537.370271882699,518.9412702397468,Healthy
22,22,11814.320909090908,2600.9230630611232,23550.9,4291.523054050853,16105.84396314176,768.5805393415484,Healthy
22,23,29973.003496503497,8654.7919077663,78820.46,14280.406647814392,44253.41014431789,1224.1936835424267,Healthy
22,24,8391.796223776224,2633.9475354343813,18184.7,4346.013433466729,12737.809657242953,647.7575249958978,Healthy
22,25,9725.432727272726,2014.6431666553158,17295.55,3324.161224981271,13049.593952253997,697.3317979008532,Healthy
22,26,8375.324475524474,2132.779242741066,16091.29,3519.0857505227586,11894.410226047232,647.1214907389676,Healthy
22,27,2042.6676223776221,818.0439208317609,6999.86,1349.7724693724056,3392.440091750028,319.5831364745035,Healthy
22,28,894.0106993006993,351.11904081586243,1802.49,579.346417346173,1473.3571166468723,211.42501026376934,Healthy
22,29,7864.64027972028,1760.4985287839986,18410.27,2904.8225724935974,10769.462852213877,627.082142933455,Healthy
22,30,4983.480979020979,1146.5644047856922,7504.43,1891.831267896392,6875.312246917371,499.1733656266618,Healthy
22,31,2947.23055944056,1658.9400177322534,9219.48,2737.251029258218,5684.481588698778,383.8769698380302,Healthy
22,32,6281.170979020979,2917.1697811247614,29753.4,4813.330138855856,11094.501117876835,560.4092691516165,Healthy
22,33,7419.50034965035,2138.5254319478886,14943.42,3528.566962714016,10948.067312364365,609.0771851600726,Healthy
22,34,21841.058671328672,4868.250570298058,37915.12,8032.613440991795,29873.672112320466,1045.0133652573222,Healthy
22,35,4243.829300699301,1229.4084046766754,7566.47,2028.5238677165144,6272.353168415815,460.6424481471123,Healthy
22,36,2380.8366433566434,1445.001715198526,6861.0,2384.2528300775675,4765.089473434211,345.0243935837467,High Risk
22,38,70038.71790209791,8996.288972450458,100051.87,14843.876804543255,84882.59470664116,1871.3460115929645,Healthy
22,40,54340.60573426574,3296.362304551107,61442.1,5438.997802509327,59779.60353677507,1648.3416777820328,Healthy
22,41,1299.6132167832168,697.6179012480197,3475.16,1151.0695370592325,2450.6827538424495,254.9130456433347,Healthy
22,42,7634.136363636364,936.0194665534286,9602.32,1544.4321198131572,9178.56848344952,617.8242615678168,Healthy
22,44,5073.863356643356,1411.1168614112287,11637.06,2328.3428213285274,7402.206177971884,503.6796281687079,Healthy
22,45,28.77530864197531,19.587219818444105,83.79,32.31891270043277,61.094221342408076,37.931061573580635,High Risk
22,46,22168.48993006993,4076.0313659191866,48606.96,6725.451753766657,28893.941683836587,1052.817408909777,Healthy
22,47,19.26,138.40266786708727,398.0,228.364401980694,247.624401980694,31.032241298365804,High Risk
22,48,3.6544444444444446,17.92766584856427,15.0,29.580648650131046,33.23509309457549,13.517478397327745,High Risk
22,49,8.783249999999999,21.29386012235115,53.46,35.13486920187939,43.91811920187939,20.956204331891783,High Risk
22,51,33.348846153846154,29.853397786966354,157.44,49.25810634849448,82.60695250234063,40.83432756508068,High Risk
22,52,1626.951048951049,686.0404499394459,4362.25,1131.9667424000856,2758.917791351135,285.2149232553452,Healthy
22,54,82.5375,86.48783939242432,725.76,142.70493499750012,225.2424349975001,64.24075809017201,High Risk
22,55,10854.880699300698,8556.853206237236,61201.47,14118.80779029144,24973.68848959214,736.7116362356678,High Risk
22,56,4899.722127659575,5821.090413929925,27638.0,9604.799182984376,14504.521310643951,494.96071195901874,High Risk
22,58,3042.5840845070425,1673.6354487897333,8031.0,2761.4984905030597,5804.082575010102,390.0374395174803,Healthy
22,59,852.3132167832168,1940.11273924256,18521.04,3201.186019750224,4053.499236533441,206.43560942618606,High Risk
22,60,409.99720279720276,173.7660447325073,1707.2,286.71397380863704,696.7111766058398,143.17772221913623,Healthy
22,67,12021.64048951049,4740.223462762681,34825.94,7821.368713558423,19843.009203068912,775.2947984318768,Healthy
22,71,5264.14958041958,1286.052894075662,12142.1,2121.987275224842,7386.136855644422,513.0375025482825,Healthy
22,72,66645.66902097902,43296.44677937425,393705.2,71439.13718596751,138084.80620694655,1825.4543136022198,High Risk
22,74,18629.50986013986,2587.408133149606,29922.53,4269.223419696849,22898.73327983671,965.1297803958765,Healthy
22,77,246.0,130.23248442688944,477.0,214.88359930436758,460.8835993043676,110.90536506409417,Healthy
22,78,8.166666666666666,9.887702800280087,13.0,16.314709620462143,24.48137628712881,20.207259421636902,High Risk
22,79,16913.783146853148,1673.6636268258183,23193.75,2761.5449842626,19675.328131115748,919.6135913211904,Healthy
22,80,1447.0423076923075,368.3564279368335,2607.18,607.7881060957752,2054.8304137880828,268.9834853380694,Healthy
22,81,12368.9093006993,1369.3637641978466,17653.78,2259.4502109264467,14628.359511625747,786.4130371725568,Healthy
22,82,18085.210139860137,7610.145656445168,69636.68,12556.740333134527,30641.950472994664,950.926131196849,Healthy
22,83,1535.1181818181817,374.8025780471042,2925.33,618.4242537777219,2153.5424355959035,277.04856810838976,Healthy
22,85,2936.096083916084,1427.817125571796,11857.99,2355.898257193463,5291.994341109546,383.15115058655925,Healthy
22,87,14335.824825174825,2063.0887913445767,23313.48,3404.0965057185513,17739.921330893376,846.6352468795174,Healthy
22,90,21413.41160839161,2137.7571674800156,28722.51,3527.2993263420253,24940.710934733634,1034.7321297899184,Healthy
22,91,21405.25062937063,2068.5163299893734,29644.91,3413.051944482466,24818.302573853092,1034.5349348709938,Healthy
22,92,51603.339090909096,6083.906085057172,71359.92,10038.445040344333,61641.78413125343,1606.2898102601082,Healthy
22,93,2531.6639860139862,759.2243036626448,6266.76,1252.720101043364,3784.3840870573504,355.7853275511784,Healthy
22,94,857.190894308943,1224.2029396318617,5544.04,2019.9348503925717,2877.1257447015146,207.02546876036087,High Risk
22,95,57868.57111888112,6190.58284686815,91783.41,10214.461697332446,68083.03281621357,1701.0080999054812,Healthy
22,96,6.243,5.49914548917476,18.91,9.073590057138354,15.316590057138354,17.667767261315166,High Risk
22,97,4582.594755244756,463.3110262424063,6387.75,764.4631932999704,5347.057948544726,478.67498134145035,Healthy
22,98,177.56057553956833,161.30369662857433,701.16,266.15109943714765,443.711674976716,94.22329211494585,High Risk
22,99,27.15,,27.15,,,36.84426685388108,Healthy
23,1,33186.46055944056,19118.753525377433,120877.0,31545.943316872763,64732.40387631332,1288.1471297844932,Healthy
23,2,70522.58013986013,11454.132227786356,120100.97,18899.318175847486,89421.89831570761,1877.798979388637,Healthy
23,3,19912.564755244755,13919.322374013645,84881.19,22966.881917122515,42879.44667236727,997.81172460652,High Risk
23,4,27324.303076923075,3694.885594911542,37415.42,6096.561231604043,33420.86430852712,1168.8520667073972,Healthy
23,5,36895.869020979015,23640.6112125596,160847.8,39007.00850072334,75902.87752170235,1358.2317368729648,High Risk
23,6,7393.49965034965,5002.339202032034,35796.78,8253.859683352855,15647.359333702505,608.0090316084808,High Risk
23,7,43624.067412587414,30145.64626999481,218697.04,49740.31634549143,93364.38375807885,1476.8897625176264,High Risk
23,8,36710.24090909091,3578.7104209180143,52995.99,5904.872194514724,42615.11310360564,1354.8107046574978,Healthy
23,9,50178.36174825175,18521.26612197416,95101.74,30560.089101257363,80738.45084950911,1583.956466388072,Healthy
23,10,31155.170559440558,4800.477939152645,53912.09,7920.788599601864,39075.959159042424,1248.101970181935,Healthy
23,11,31371.205174825172,15159.759232843753,136882.72,25013.60273419219,56384.80790901736,1252.4217575326845,Healthy
23,12,5611.221608391608,1684.6208233453608,9308.03,2779.6243585198454,8390.845966911453,529.6801680444345,Healthy
23,13,37969.25566433566,5597.427692131345,54807.0,9235.755692016719,47205.01135635238,1377.8471552450158,Healthy
23,14,33355.68125874126,12178.221494035108,104797.21,20094.065465157928,53449.74672389918,1291.4271419391273,Healthy
23,16,23404.8686013986,22993.068112077646,93123.75,37938.56238492811,61343.43098632671,1081.7779023764213,High Risk
23,17,27120.621608391608,5904.381317024473,54384.04,9742.22917309038,36862.85078148199,1164.4874754240943,Healthy
23,18,11716.354180327868,19484.721772663885,88058.78,32149.79092489541,43866.14510522327,765.3872934772261,High Risk
23,19,1641.9193006993007,1363.4718318269074,7518.31,2249.728522514397,3891.647823213698,286.5239344888399,High Risk
23,20,11766.417202797202,2576.5537554614025,19984.51,4251.3136965113135,16017.730899308515,767.0207690407477,Healthy
23,21,9004.245804195803,2271.1930163997145,21896.7,3747.4684770595286,12751.714281255332,670.9786063726549,Healthy
23,22,22195.44020979021,4542.794943986633,41501.25,7495.611657577944,29691.051867368154,1053.4571706953777,Healthy
23,23,47301.983986013984,13701.747940116788,121981.46,22607.8841011927,69909.86808720668,1537.887902059412,Healthy
23,24,10698.334125874126,4322.817886254798,26302.47,7132.649512320417,17830.983638194542,731.3800012946118,Healthy
23,25,16160.491748251747,4066.8171098000475,27104.18,6710.248231170078,22870.739979421825,898.9018786344744,Healthy
23,26,12961.146713286713,3978.9160993338005,26040.08,6565.211563900771,19526.358277187483,805.0200840130236,Healthy
23,27,3260.9701398601396,1240.4458726688188,9255.54,2046.7356899035508,5307.70582976369,403.7926534658685,Healthy
23,28,1043.9506993006994,408.7008459339337,2594.85,674.3563957909905,1718.30709509169,228.4677985297599,Healthy
23,29,11110.54965034965,2530.534912064371,24925.42,4175.382604906212,15285.932255255862,745.3371602955823,Healthy
23,30,8216.539020979022,1690.8703388564088,12265.04,2789.9360591130744,11006.475080092096,640.957838745226,Healthy
23,31,4749.54062937063,1801.7951984497697,11431.45,2972.96207744212,7722.50270681275,487.3161514546091,Healthy
23,32,11303.89048951049,4485.260872097257,42200.46,7400.680438960473,18704.570928470963,751.7942035394557,Healthy
23,33,11289.37888111888,3998.4017208742666,25098.43,6597.36283944254,17886.74172056142,751.3114827126922,Healthy
23,34,26048.926433566434,5508.551773132596,45331.5,9089.110425668783,35138.03685923522,1141.2477039093317,Healthy
23,35,5237.248391608392,1488.44879116976,10710.0,2455.9405054301037,7693.188897038495,511.7249452395492,Healthy
23,36,3722.6211188811185,2145.278269588296,11299.0,3539.7091448206884,7262.330263701807,431.4290856491434,Healthy
23,38,43869.15671328671,5046.766394690065,57555.23,8327.164551238606,52196.32126452532,1481.0326923009957,Healthy
23,40,62100.26657342657,5276.205573141235,75347.5,8705.739195683036,70806.0057691096,1762.1048007060556,Healthy
23,41,2056.5214685314686,876.7675358896917,5079.03,1446.666434217991,3503.1879027494597,320.6650486513512,Healthy
23,42,11755.600489510489,1617.4998105058248,15125.94,2668.874687334611,14424.475176845099,766.6681319029274,Healthy
23,44,8527.952587412587,3244.332796665706,27356.3,5353.149114498415,13881.101701911,652.9912934876156,Healthy
23,45,40.03313043478261,26.10101289844788,119.7,43.066671282439,83.09980171722162,44.73987619271125,High Risk
23,46,36354.623006993,7325.145727759753,81471.05,12086.49045080359,48441.11345779659,1348.2326024650383,Healthy
23,47,-45.958333333333336,160.3145286805304,279.0,264.51897232287513,218.5606389895418,,High Risk
23,48,119.31533333333333,193.59709645353178,514.0,319.43520914832743,438.7505424816608,77.23837560867439,High Risk
23,49,25204.69153846154,4103.577912227176,33987.77,6770.90355517484,31975.59509363638,1122.6017000357149,Healthy
23,50,6875.752447552447,1168.410033395098,9901.0,1927.8765551019117,8803.62900265436,586.3340535715305,Healthy
23,51,33.64857142857143,28.827970214128264,149.8,47.56615085331163,81.21472228188307,41.01741790299057,High Risk
23,52,3080.0113286713286,988.26203865229,6026.13,1630.6323637762785,4710.6436924476075,392.42905910949867,Healthy
23,54,238.39797202797206,284.40193816706363,1326.0,469.263197975655,707.661170003627,109.17828814099717,High Risk
23,55,15810.811258741258,11833.252226753946,82635.76,19524.866174144012,35335.67743288527,889.1234801404487,High Risk
23,56,8809.958391608392,10402.956357443769,46878.11,17164.877989782217,25974.83638139061,663.7001729549418,High Risk
23,58,2402.0128776978418,1509.9130992223534,6835.0,2491.3566137168827,4893.3694914147245,346.5553980028187,High Risk
23,59,1413.6786713286713,2628.3743113147357,22343.33,4336.817613669314,5750.496284997985,265.8645022684179,High Risk
23,60,113.02197802197803,46.16661083558067,272.8,76.1749078787081,189.19688590068614,75.17379131784496,Healthy
23,67,14421.243986013986,4889.329111781665,30032.01,8067.393034439747,22488.63702045373,849.1538136878968,Healthy
23,71,12109.695454545454,3505.043931579924,26620.74,5783.322487106874,17893.017941652328,778.129020617579,Healthy
23,72,76844.02272727272,42662.50665663807,369830.98,70393.13598345281,147237.15871072555,1960.1533451145183,Healthy
23,74,37033.35671328671,7728.189516572901,69494.15,12751.512702345286,49784.869415632,1360.7600213352594,Healthy
23,77,498.0,444.890997885999,1272.0,734.0701465118983,1232.0701465118982,157.797338380595,High Risk
23,78,4.777777777777778,10.364267675260248,12.88,17.10104166417941,21.878819441957187,15.456030825826172,High Risk
23,79,31002.880349650346,3686.8891395518876,42460.75,6083.367080260614,37086.24742991096,1245.0477972682484,Healthy
23,80,970.6767424242424,733.8956577399899,2115.02,1210.9278352709832,2181.6045776952255,220.30396528708266,High Risk
23,81,8803.582377622377,1071.8254910901521,11380.13,1768.5120602987508,10572.094437921129,663.4599602697353,Healthy
23,82,22905.974755244755,10526.615680737654,85602.98,17368.915873217127,40274.890628461886,1070.1863098368608,Healthy
23,83,976.5041134751772,548.751754443106,3312.42,905.440394831125,1881.9445083063022,220.96426334083722,Healthy
23,85,5104.391188811189,2440.360598369127,19950.93,4026.594987309059,9130.986176120248,505.192596383359,Healthy
23,87,31811.61237762238,6289.519021666345,52383.21,10377.706385749469,42189.31876337185,1261.1822306396166,Healthy
23,90,20814.992167832166,5278.285717360493,34062.82,8709.171433644813,29524.16360147698,1020.1713622679321,Healthy
23,91,19604.867692307693,8940.834638127892,37189.54,14752.37715291102,34357.24484521871,990.0724138240519,Healthy
23,92,59604.57461538461,12767.151554857084,85856.21,21065.800065514188,80670.37468089879,1726.3338989805045,Healthy
23,93,2111.610780141844,861.8678527419977,5489.92,1422.0819570242961,3533.69273716614,324.93159127282803,Healthy
23,94,374.8988043478261,740.0739149509745,4029.08,1221.121959669108,1596.0207640169342,136.91216241587634,High Risk
23,95,54199.08832167832,8196.673847011465,78304.57,13524.511847568916,67723.60016924723,1646.1939181286984,Healthy
23,96,13168.146713286713,4135.306817443423,25471.75,6823.256248781648,19991.40296206836,811.423031263185,Healthy
23,97,6149.684755244755,1787.792839458612,8978.1,2949.8581851067097,9099.542940351464,554.512612807173,Healthy
23,98,100.58508333333333,119.62114332092284,578.89,197.37488647952267,297.959969812856,70.91723462365596,High Risk
23,99,29.88,,29.88,,,38.65229618017538,Healthy
24,1,18859.023356643356,10664.373715523005,70441.97,17596.21663061296,36455.23998725631,971.0567274017352,Healthy
24,2,40797.1693006993,5195.030932606826,69267.5,8571.801038801263,49368.97033950056,1428.2361377009634,Healthy
24,3,11825.589020979021,7220.414693794131,40222.89,11913.684244760316,23739.273265739335,768.9469754469102,High Risk
24,4,29245.357552447553,2997.3403524195514,37541.93,4945.61158149226,34190.96913393981,1209.2426876447828,Healthy
24,5,29178.058811188814,13889.525137801167,111686.77,22917.716477371923,52095.77528856073,1207.850545622032,Healthy
24,6,4911.185804195804,3457.482904613956,33343.64,5704.846792613027,10616.032596808831,495.53939319673685,High Risk
24,7,28788.32944055944,17872.2742115745,146200.56,29489.25244909792,58277.58188965736,1199.756838708566,High Risk
24,8,49171.84174825175,3362.173478282142,64666.25,5547.586239165534,54719.42798741728,1567.9898237592574,Healthy
24,9,23246.74832167832,8906.695094757746,44785.91,14696.04690635028,37942.7952280286,1078.1175335203095,Healthy
24,10,27175.08923076923,3944.046125751453,45399.04,6507.676107489897,33682.76533825912,1165.6562364344222,Healthy
24,11,17088.58657342657,9418.371837833238,86805.94,15540.313532424841,32628.90010585141,924.3534652238442,Healthy
24,12,4230.501818181819,1105.3807156791106,6364.75,1823.8781808705323,6054.379999052351,459.9185698676353,Healthy
24,13,29558.63825174825,2868.8131543211525,36903.67,4733.541704629902,34292.17995637815,1215.7022302305004,Healthy
24,14,17265.87181818182,6499.7916217059965,58703.65,10724.656175814893,27990.52799399671,929.1359377987114,Healthy
24,16,20444.66818181818,16558.629686595774,69745.16,27321.738982883024,47766.4071647012,1011.0555914938154,High Risk
24,17,13903.568811188812,3161.6365208159255,32666.04,5216.700259346277,19120.26907053509,833.7736146937252,Healthy
24,18,6965.927480314961,11983.708183781102,53650.72,19773.118503238817,26739.045983553777,590.1663951935489,High Risk
24,19,82.64090909090909,39.81343231661528,198.4,65.6921633224152,148.3330724133243,64.28098828227095,Healthy
24,20,5825.841188811189,1158.8976401016114,10149.73,1912.1811061676588,7738.022294978848,539.7147945355579,Healthy
24,21,6153.428251748252,1156.1538854062119,12585.79,1907.6539109202495,8061.082162668501,554.6813613124318,Healthy
24,22,12189.695244755245,2996.6420479847875,28631.08,4944.459379174899,17134.154623930146,780.6950507322064,Healthy
24,23,28485.677482517483,9284.776561581375,85816.6,15319.881326609267,43805.55880912675,1193.4336488158335,Healthy
24,24,6015.021328671329,2249.543301664834,15492.98,3711.7464477469757,9726.767776418304,548.407755628571,Healthy
24,25,11885.935804195804,2803.6150680795245,22766.56,4625.964862331215,16511.90066652702,770.9064730625824,Healthy
24,26,8280.752797202797,2147.1631777554835,16689.15,3542.8192432965475,11823.572040499344,643.4575664798261,Healthy
24,27,1950.7345454545452,731.5714116343959,6878.13,1207.0928291967532,3157.8273746512987,312.30870508637327,Healthy
24,28,679.7056643356643,245.66485061184494,1550.1,405.34700350954415,1085.0526678452084,184.3509783450666,Healthy
24,29,5705.871748251749,1891.2452831321114,20462.47,3120.5547171679837,8826.426465419732,534.1288116293554,Healthy
24,30,4308.367342657343,1170.8960905666033,7448.44,1931.9785494348953,6240.3458920922385,464.1318424034998,Healthy
24,31,2530.608951048951,1356.1876943963139,11726.2,2237.709695753918,4768.318646802869,355.7111855880379,Healthy
24,32,6998.907342657342,4053.1882768077817,40083.54,6687.760656732839,13686.667999390182,591.5618033078767,Healthy
24,33,6394.55,2274.785654653092,15493.94,3753.3963301776016,10147.946330177601,565.4445154035893,Healthy
24,34,16351.96132867133,4232.630670005613,30655.05,6983.840605509261,23335.801934180592,904.2112952366646,Healthy
24,35,3081.7272727272725,958.1100435144988,6047.94,1580.881571798923,4662.608844526196,392.53835944575354,Healthy
24,36,1940.5183916083915,1500.3740448182568,7952.93,2475.6171739501237,4416.135565558516,311.4898386471372,High Risk
24,37,3036.4712587412587,438.24954141988843,4793.98,723.1117433428159,3759.5830020840745,389.6454323318354,Healthy
24,38,58689.380139860135,7243.5969642947075,77791.29,11951.934991086267,70641.3151309464,1713.0291903505342,Healthy
24,40,45267.23832167832,2824.378088945262,53677.21,4660.223846759682,49927.462168438,1504.4473789680767,Healthy
24,41,1579.1774825174825,693.2227246560325,4331.75,1143.8174956824535,2722.9949781999358,280.99621728036504,Healthy
24,42,5946.428041958042,735.9648452424598,7725.04,1214.3419946500585,7160.770036608101,545.2718607244483,Healthy
24,44,4817.372237762238,1195.6879654233944,11536.22,1972.8851429486008,6790.257380710838,490.7836711710282,Healthy
24,45,21.12425925925926,20.277015392175823,90.27,33.45707539709011,54.58133465634937,32.49943019443515,High Risk
24,46,15930.056083916084,3402.838249058834,38443.27,5614.683110947076,21544.73919486316,892.4700578707412,Healthy
24,47,-26.92142857142857,67.67293068590311,57.86,111.66033563174012,84.73890706031156,,High Risk
24,49,5294.918741258742,1345.7382714624293,10130.46,2220.468147913008,7515.38688917175,514.5346801362733,Healthy
24,50,1277.1853146853148,402.8465251320804,2700.0,664.6967664679325,1941.8820811532473,252.70390921840868,Healthy
24,51,8.75095238095238,15.51844093482393,74.24,25.605427542459484,34.356379923411865,20.917638945340343,High Risk
24,52,1501.941958041958,454.90994062477677,3893.76,750.6014020308817,2252.5433600728397,274.03849711691583,Healthy
24,54,82.28242647058823,90.80363408045284,507.0,149.82599623274717,232.1084227033354,64.14141660058196,High Risk
24,55,15937.714545454546,9985.018453568448,74532.01,16475.280448387937,32412.994993842483,892.6845620221777,High Risk
24,56,4810.956363636364,5470.264210470099,24025.48,9025.935947275662,13836.892310912026,490.4567444554292,High Risk
24,58,2454.434347826087,1461.5229039885585,7204.0,2411.5127915811213,4865.947139407208,350.31659594044976,Healthy
24,59,610.2632867132867,1129.4075547437963,11001.26,1863.5224653272637,2473.7857520405505,174.680177283126,High Risk
24,60,102.96576576576577,51.126759574957845,299.2,84.35915329868044,187.3249190644462,71.75157342029712,Healthy
24,67,11250.376783216783,4235.696951970958,28207.76,6988.899970752081,18239.276753968865,750.0125593354015,Healthy
24,71,5011.297482517482,1489.2832945463215,10297.27,2457.3174360014305,7468.614918518913,500.564555403071,Healthy
24,72,58377.36454545455,26590.838673458613,233371.62,43874.88381120671,102252.24835666126,1708.4695570225206,Healthy
24,74,14541.123356643357,2315.340533132463,22613.69,3820.3118796685635,18361.43523631192,852.6758867425347,Healthy
24,77,225.83333333333334,126.52496459855922,477.0,208.7661915876227,434.599524920956,106.26225419530054,Healthy
24,78,3.888888888888889,3.8873012632302006,12.0,6.41404708432983,10.30293597321872,13.944333775567925,High Risk
24,79,22440.393916083918,2034.9921919378287,28443.28,3357.737116697417,25798.131032781333,1059.2543112039696,Healthy
24,80,28479.774055944057,2520.362971468243,34430.13,4158.5989029226,32638.372958866657,1193.309977665989,Healthy
24,81,24627.877552447553,2144.4226978735405,30310.78,3538.2974514913417,28166.175003938893,1109.681881271555,Healthy
24,82,19401.593286713287,8556.725189765328,82582.91,14118.59656311279,33520.18984982608,984.9262227881154,Healthy
24,83,4287.338321678321,933.4306987160932,9245.69,1540.1606528815537,5827.498974559875,462.99774954519603,Healthy
24,85,1759.8832167832168,835.1163058728104,6606.56,1377.941904690137,3137.8251214733536,296.6380974169718,Healthy
24,87,25763.40006993007,3581.4818922968157,37424.35,5909.445122289745,31672.845192219815,1134.975772206836,Healthy
24,90,72650.44286713286,6674.613992822969,103408.6,11013.113088157897,83663.55595529077,1905.9176643697501,Healthy
24,91,52435.49825174825,5334.405596486039,65490.22,8801.769234201964,61237.267485950215,1619.1895851281322,Healthy
24,92,121882.07391608391,12719.31880243438,152826.46,20986.876024016725,142868.94994010063,2468.6238465599,Healthy
24,93,37876.83685314685,5501.8534201106895,58543.97,9078.058143182638,46954.89499632949,1376.1692638107213,Healthy
24,94,51850.04510489511,7690.820833089553,76350.19,12689.854374597762,64539.89947949287,1610.1249191428456,Healthy
24,95,93927.9920979021,11772.632151329306,134610.49,19424.843049693354,113352.83514759546,2167.1178105712447,Healthy
24,96,13623.074615384616,4370.05233937535,29331.02,7210.5863599693275,20833.660975353945,825.3203806820904,Healthy
24,97,18597.824125874125,2424.027288675048,26321.83,3999.645026313829,22597.469152187954,964.3086675404853,Healthy
24,98,9878.97013986014,1261.2131188644355,15531.88,2081.0016461263185,11959.971785986458,702.8147031707625,Healthy
24,99,413.7742105263158,931.1026868228979,5050.0,1536.3194332577814,1950.0936437840971,143.83570671539036,High Risk
25,1,20145.89748251748,10184.125243490513,60900.48,16803.806651759343,36949.70413427682,1003.6408093166967,Healthy
25,2,36871.31055944056,4376.22067571249,62377.41,7220.764114925609,44092.074674366166,1357.7796315941803,Healthy
25,3,11788.13097902098,7696.282087021374,46516.48,12698.865443585266,24486.996422606244,767.7281738682311,High Risk
25,4,20351.455454545452,1822.9442170850527,26065.41,3007.857958190337,23359.313412735788,1008.7481215483242,Healthy
25,5,12422.996433566434,9267.70094025439,65017.29,15291.706551419742,27714.702984986176,788.1305866912676,High Risk
25,6,3760.0450349650355,3559.7642611827814,31193.42,5873.611030951589,9633.656065916624,433.59226440084444,High Risk
25,7,17971.43958041958,13091.469593322592,79332.69,21600.924828982275,39572.36440940185,947.9303661245266,High Risk
25,8,29858.353636363638,2479.9495473896145,45065.67,4091.916753192864,33950.2703895565,1221.8501061170236,Healthy
25,9,14636.113636363636,5573.565287690263,28125.65,9196.382724688934,23832.49636105257,855.4564172523237,Healthy
25,10,20202.701468531468,3959.274045174911,39084.22,6532.802174538603,26735.50364307007,1005.0547614068466,Healthy
25,11,11245.617272727273,3219.6037570446947,25547.75,5312.346199123746,16557.96347185102,749.8538948597677,Healthy
25,12,3191.893706293706,771.8110001174925,4725.3,1273.4881501938626,4465.381856487569,399.49303537694533,Healthy
25,13,25436.934335664333,1974.5279983094272,30307.04,3257.9711972105547,28694.905532874887,1127.7618173990538,Healthy
25,14,11277.145314685315,5239.308441054675,42384.82,8644.858927740213,19922.00424242553,750.9042986521423,Healthy
25,16,16102.8886013986,13936.18695133611,57566.78,22994.708469704583,39097.597071103184,897.2984063676531,High Risk
25,17,10380.811888111888,2533.7030456545385,25266.7,4180.610025329988,14561.421913441876,720.4447198818202,Healthy
25,18,6647.17296,12269.375051549048,63344.82,20244.46883505593,26891.64179505593,576.5055489758967,High Risk
25,19,11.605263157894736,9.935317122054508,40.0,16.39327325138994,27.998536409284675,24.088652056408982,High Risk
25,20,3904.7179720279723,859.5008541708996,6385.03,1418.1764093819843,5322.894381409957,441.8550651530416,Healthy
25,21,5208.073776223777,916.3084798906116,10188.08,1511.908991819509,6719.982768043286,510.29764727185335,Healthy
25,22,6499.126083916084,2428.407640121702,19342.63,4006.872606200808,10505.998690116892,570.0493875058584,Healthy
25,23,16186.003986013984,5153.0598089726755,43699.37,8502.548684804913,24688.5526708189,899.6111378260605,Healthy
25,24,3011.05986013986,986.1895656251221,6775.92,1627.2127832814513,4638.272643421311,388.01158875347136,Healthy
25,25,7118.890769230769,1526.9314770757119,12669.23,2519.4369371749244,9638.327706405693,596.6108769219168,Healthy
25,26,3887.9504895104897,1088.4387930136832,7377.09,1795.924008472577,5683.874497983066,440.9053463902706,Healthy
25,27,1207.298041958042,544.4530566945383,4236.83,898.3475435459882,2105.6455855040304,245.69269850343966,Healthy
25,28,597.4613286713287,217.8295160493791,1241.45,359.41870148147547,956.8800301528042,172.83826669336406,Healthy
25,29,3583.101048951049,1010.7797471884546,9903.03,1667.7865828609501,5250.887631811999,423.2671171347385,Healthy
25,30,2329.3204195804196,628.2466630658251,3902.49,1036.6069940586115,3365.9274136390313,341.2711839271241,Healthy
25,31,1655.9171328671328,629.0289907766546,4694.21,1037.89783478148,2693.8149676486128,287.7426917288372,Healthy
25,32,3963.2409090909086,1870.7808101378832,17737.06,3086.788336727507,7050.029245818416,445.153957024472,Healthy
25,33,2926.2163636363634,827.6950082536997,5680.68,1365.6967636186046,4291.913127254968,382.5059714328891,Healthy
25,34,11331.330979020979,3014.3071857646755,20229.05,4973.606856511715,16304.937835532693,752.7061504671321,Healthy
25,35,2277.4833566433567,658.9655792940077,3979.5,1087.2932058351128,3364.7765624784697,337.45246751530476,Healthy
25,36,1319.5865034965034,812.7954985460382,4597.0,1341.112572600963,2660.6990760974663,256.8644100976723,High Risk
25,37,2981.9911888111887,518.8295210205174,5276.97,856.0687096838536,3838.0598984950425,386.13412105194675,Healthy
25,38,44627.650279720285,5053.068094369789,59463.39,8337.562355710152,52965.212635430435,1493.7812805046174,Healthy
25,40,42220.73426573427,2390.8743463667756,49795.19,3944.9426715051795,46165.67693723945,1452.940712240769,Healthy
25,41,3302.998111888112,3870.761513957939,23023.24,6386.756498030599,9689.754609918711,406.38639937183626,High Risk
25,42,5350.679230769231,753.6651685821176,7619.21,1243.547528160494,6594.226758929725,517.2368524558759,Healthy
25,44,3972.5792307692304,957.6081095663039,8024.52,1580.0533807844015,5552.632611553632,445.6780918313817,Healthy
25,45,17.384482758620692,9.313433687117495,47.88,15.367165583743866,32.75164834236456,29.482607380132354,Healthy
25,46,18687.70825174825,3157.392445177034,34121.57,5209.697534542106,23897.405786290354,966.6361324652687,Healthy
25,47,26.811176470588236,43.31606859503078,148.0,71.47151318180077,98.28268965238901,36.6136425875576,High Risk
25,48,-21.759999999999998,51.292516998096325,16.96,84.63265304685893,62.872653046858936,,High Risk
25,49,11311.776433566434,1982.258638517342,15792.18,3270.726753553614,14582.503187120048,752.0563952778552,Healthy
25,50,2204.3846153846152,450.89509840055575,3808.0,743.9769123609169,2948.361527745532,331.9928173458437,Healthy
25,51,6.970769230769231,5.919079970088907,20.0,9.766481950646696,16.737251181415928,18.669184811835294,High Risk
25,52,1499.6206293706293,496.39306991765835,3836.17,819.0485653641363,2318.6691947347654,273.82664492070796,Healthy
25,54,47.662990654205615,56.16002172389371,258.97,92.66403584442462,140.32702649863023,48.81751256168508,High Risk
25,55,7071.007272727273,6165.755241906381,37626.12,10173.496149145529,17244.503421872803,594.6010121386977,High Risk
25,56,4359.542517482517,5269.064437364098,23646.08,8693.956321650761,13053.498839133277,466.8802050570637,High Risk
25,58,709.6521739130435,430.1223213099876,2259.0,709.7018301614795,1419.354004074523,188.3682794306201,High Risk
25,59,553.0703496503496,404.2072826671291,2976.87,666.942016400763,1220.0123660511126,166.29346794903725,High Risk
25,60,189.77,93.33454707003014,492.8,154.00200266554972,343.77200266554973,97.40893182865727,Healthy
25,67,8719.053636363637,3170.975239251459,21979.08,5232.109144764907,13951.162781128543,660.2671291365199,Healthy
25,71,3184.024895104895,832.8590186413347,6751.7,1374.2173807582021,4558.242275863097,399.00030671071517,Healthy
25,72,38884.31489510489,22427.647515527904,198719.71,37005.61840062104,75889.93329572593,1394.3513706219264,Healthy
25,74,11868.813286713286,2198.251271205049,23344.36,3627.11459748833,15495.927884201617,770.3510007364594,Healthy
25,77,477.0,224.8599564173221,636.0,371.01892808858145,848.0189280885814,154.434452114805,Healthy
25,78,5.5,11.111154755469839,20.0,18.333405346525232,23.833405346525232,16.583123951777,High Risk
25,79,8545.165524475524,800.858254323359,10973.47,1321.4161196335424,9866.581644109066,653.649964601679,Healthy
25,80,328.2420143884892,260.1337994108278,1018.46,429.22076902786586,757.462783416355,128.10972140873798,High Risk
25,81,8061.9413986014,891.2480998898029,9987.65,1470.5593648181748,9532.500763419575,634.8992596704378,Healthy
25,82,10742.568601398601,3840.35053527112,38550.42,6336.578383197348,17079.14698459595,732.8904625317006,Healthy
25,83,290.7848951048951,143.24342275718334,837.64,236.3516475493525,527.1365426542476,120.57879065260505,Healthy
25,85,3403.212797202797,1605.9115308462033,12596.96,2649.7540258962354,6052.966823099032,412.5053210082748,Healthy
25,87,6456.661048951049,1006.726262934114,11540.51,1661.098333841288,8117.759382792337,568.1839952405844,Healthy
25,90,11932.596503496503,1154.4865096487397,16803.12,1904.9027409204205,13837.499244416924,772.418167299828,Healthy
25,91,7767.272097902097,690.342509064102,10688.51,1139.0651399557682,8906.337237857864,623.1882579887917,Healthy
25,92,38854.4606993007,4842.766065051418,56714.01,7990.5640073348395,46845.02470663554,1393.8159975280219,Healthy
25,93,777.7474825174825,223.0707583139136,1578.82,368.0667512179574,1145.8142337354398,197.19881877403353,Healthy
25,94,2607.1097540983606,2193.7449575827577,8854.03,3619.67918001155,6226.788934109911,361.04776374451905,High Risk
25,95,43991.14769230769,5256.252576458737,59815.09,8672.816751156915,52663.9644434646,1483.0904842980365,Healthy
25,96,-1.27,,-1.27,,,,Healthy
25,97,2706.628251748252,273.7415044519158,3456.87,451.673482345661,3158.3017340939127,367.8741803761343,Healthy
25,98,665.9197794117647,657.2320469480368,2430.66,1084.4328774642606,1750.3526568760253,182.47188542509292,High Risk
26,1,19402.762937062937,6404.74681872297,47231.18,10567.8322508929,29970.595187955834,984.955911121481,Healthy
26,2,27398.03097902098,3562.258898654235,47535.24,5877.7271827794875,33275.75816180047,1170.427934112583,Healthy
26,3,7357.40076923077,3617.2945434330904,24253.07,5968.535996664599,13325.936765895369,606.5229084391937,Healthy
26,4,24498.113846153843,2261.133677081543,30925.25,3730.8705671845455,28228.98441333839,1106.7545763662747,Healthy
26,5,17589.53258741259,9240.258163505145,69393.56,15246.425969783488,32835.95855719608,937.8041529928461,Healthy
26,6,4656.6704895104895,3161.388408325721,25763.56,5216.290873737439,9872.961363247929,482.5282628774448,High Risk
26,7,16287.65853146853,11190.758336342646,80558.29,18464.751254965366,34752.4097864339,902.431674185601,High Risk
26,8,28694.95090909091,2148.877778927288,38284.8,3545.648335230025,32240.599244320932,1197.8094779448631,Healthy
26,9,16556.330769230768,6620.35442741838,33427.69,10923.584805240325,27479.915574471095,909.8442385713822,Healthy
26,10,10172.815734265734,1814.712673001652,17434.23,2994.275910452726,13167.09164471846,713.1905683008481,Healthy
26,11,12809.284615384615,4981.745961825902,43517.35,8219.880837012737,21029.165452397352,800.2900916350462,Healthy
26,12,4525.693636363636,1375.5491554681787,7167.74,2269.6561065224946,6795.34974288613,475.6938950818917,Healthy
26,13,21155.702797202797,1789.066962578738,25586.72,2951.9604882549174,24107.663285457715,1028.4868204601069,Healthy
26,14,10843.478881118881,4599.84868265635,43606.14,7589.750326382978,18433.22920750186,736.3246186675711,Healthy
26,16,12557.32034965035,11974.22575245837,50716.46,19757.47249155631,32314.79284120666,792.3799703945813,High Risk
26,17,7816.898601398601,1784.559733596127,18968.66,2944.5235604336094,10761.422161832212,625.1759192978645,Healthy
26,18,3583.714491525424,5498.90671290501,23341.31,9073.196076293267,12656.91056781869,423.3033481751251,High Risk
26,19,1283.2493706293706,356.15320843193547,2480.56,587.6527939126935,1870.902164542064,253.30311591346154,Healthy
26,20,3474.472237762238,747.7779997304497,5674.01,1233.833699555242,4708.30593731748,416.80164573584864,Healthy
26,21,5651.43958041958,1063.8824503568462,11496.92,1755.4060430887962,7406.845623508376,531.5749984912562,Healthy
26,22,6069.362727272727,1603.2758193409372,14425.22,2645.4051019125463,8714.767829185274,550.8794208932081,Healthy
26,23,13208.49923076923,4158.4670297046905,37432.64,6861.470599012739,20069.96982978197,812.6653441229431,Healthy
26,24,2697.7972727272727,1231.5699290880966,6809.86,2032.0903829953593,4729.887655722632,367.27355422949205,Healthy
26,25,6370.333426573427,1500.1094846922097,10313.45,2475.1806497421458,8845.514076315572,564.3728123578167,Healthy
26,26,3502.9066433566436,992.6434852154958,7143.12,1637.861750605568,5140.768393962211,418.50368238264303,Healthy
26,27,961.8448951048952,341.97383835540865,3128.1,564.2568332864242,1526.1017283913193,219.29944084571844,Healthy
26,28,374.1884615384615,133.43776035199826,781.03,220.17230458079712,594.3607661192586,136.78239315395487,Healthy
26,29,3216.4793706293704,933.7167961539643,8679.55,1540.632713654041,4757.112084283412,401.02863804405354,Healthy
26,30,2387.515944055944,539.1394530948678,3720.01,889.5800976065318,3277.0960416624757,345.5080276966039,Healthy
26,31,1269.01993006993,509.53687754071217,3970.9,840.735847942175,2109.755778012105,251.8948123790891,Healthy
26,32,4162.972657342657,2009.5505292035991,20586.83,3315.7583731859386,7478.7310305285955,456.233090499947,Healthy
26,33,3076.4872727272727,1184.6586397867459,7239.18,1954.6867556481307,5031.174028375403,392.2044921165025,Healthy
26,34,7963.855174825175,1742.4846322675348,13591.08,2875.099643241432,10838.954818066606,631.0251649033173,Healthy
26,35,1954.9786013986013,512.2206717614199,3679.0,845.1641084063428,2800.1427098049444,312.6482529455907,Healthy
26,36,1027.9153846153845,686.1243221492336,4513.38,1132.1051315462355,2160.02051616162,226.70635022153488,High Risk
26,38,103498.2034965035,9027.704537322346,125427.86,14895.712486581871,118393.91598308538,2274.8428901410257,Healthy
26,40,37448.6720979021,2195.017582877331,42396.2,3621.7790117475956,41070.45110964969,1368.3689578820124,Healthy
26,41,1388.5592307692307,676.3914087179346,4410.5,1116.0458243845922,2504.605055153823,263.4918623761681,Healthy
26,42,2778.0912587412586,490.3006098028559,4024.99,808.9960061747122,3587.087264915971,372.6990245990227,Healthy
26,44,3806.1772027972024,942.482432235425,8349.27,1555.0960131884513,5361.273215985653,436.2440373688334,Healthy
26,45,28.551304347826086,23.80856401239858,121.85,39.28413062045765,67.83543496828374,37.783134033471924,High Risk
26,46,9771.878461538463,2004.9162282124732,23790.85,3308.1117765505805,13079.990238089043,698.9949378049337,Healthy
26,47,69.01888888888888,55.980393825074664,247.0,92.36764981137318,161.38653870026207,58.74473971722442,High Risk
26,48,611.3725490196078,473.3365804914855,2093.0,781.0053578109511,1392.377906830559,174.8388613866505,High Risk
26,49,3383.052727272727,1027.086029217777,7712.28,1694.691948209332,5077.744675482059,411.2816995243483,Healthy
26,50,566.1,409.54349924980835,1366.0,675.7467737621837,1241.8467737621836,168.24089871371942,High Risk
26,51,24.172121212121215,31.167691982000346,146.08,51.426691770300565,75.59881298242178,34.76501201791912,High Risk
26,52,1697.1446853146854,479.9641500708624,3222.45,791.940847616923,2489.085532931608,291.30265063286714,Healthy
26,54,53.90078125,58.01770934645768,263.5,95.72922042165517,149.63000167165518,51.91376563590817,High Risk
26,55,8998.72979020979,5827.236827416873,39838.44,9614.94076523784,18613.67055544763,670.7730536556231,High Risk
26,56,3909.6988111888118,4952.81536622247,23430.51,8172.145354267076,12081.844165455888,442.13678942092184,High Risk
26,59,259.71804195804197,286.5353301723612,2190.62,472.783294784396,732.501336742438,113.95570234921155,High Risk
26,60,102.24222222222221,41.3990554573296,207.0,68.30844150459384,170.55066372681605,71.49902874243195,Healthy
26,67,6660.914125874126,2736.242143471906,16015.23,4514.799536728644,11175.71366260277,577.1011231090321,Healthy
26,71,2831.279510489511,941.726732078755,6610.74,1553.8491079299458,4385.128618419457,376.2498844178899,Healthy
26,72,42909.5986013986,20754.385142239513,196615.87,34244.73548469519,77154.33408609379,1464.7456878482114,Healthy
26,74,8579.792797202796,1598.0823115342343,14495.72,2636.8358140314867,11216.628611234282,654.973006970623,Healthy
26,77,348.75,206.6936138345837,636.0,341.04446282706306,689.7944628270631,132.05112646244257,Healthy
26,78,10.434999999999999,2.213244225113895,12.0,3.651852971437927,14.086852971437926,22.841847561000836,Healthy
26,79,12253.60223776224,1246.7492816828278,16288.26,2057.1363147766656,14310.738552538905,782.7388529312391,Healthy
26,80,19365.780349650347,2201.0054831722027,25244.86,3631.6590472341345,22997.43939688448,984.0167770330531,Healthy
26,81,19192.05643356643,2184.0681575978706,25279.18,3603.7124600364864,22795.76889360292,979.5931919313862,Healthy
26,82,13917.993146853147,4841.255186351494,48043.55,7988.071057479964,21906.06420433311,834.2060041396593,Healthy
26,83,2883.004125874126,849.7526402714793,7745.67,1402.0918564479407,4285.095982322067,379.6711818056597,Healthy
26,85,1871.3519580419581,700.555302725217,5086.77,1155.9162494966079,3027.268207538566,305.88821144676024,Healthy
26,87,19821.437622377623,5295.284793095386,35151.3,8737.219908607387,28558.65753098501,995.5259319168342,Healthy
26,90,57016.58923076923,5906.6284639928745,81356.6,9745.936965588242,66762.52619635747,1688.4399490471853,Healthy
26,91,39434.281258741255,5066.99785352413,56176.21,8360.546458314813,47794.82771705607,1404.1773616381454,Healthy
26,92,84988.31181818181,11309.837666488569,117673.52,18661.23214970614,103649.54396788795,2061.411067911757,Healthy
26,93,25615.33146853147,4230.054998981002,37059.11,6979.590748318654,32594.922216850122,1131.7095799835633,Healthy
26,94,42544.202027972024,6485.147481484304,59931.13,10700.493344449102,53244.69537242113,1458.4958352352608,Healthy
26,95,70236.82762237762,8707.773014563827,95173.84,14367.825474030315,84604.65309640793,1873.9907633494038,Healthy
26,96,18596.331888111887,5127.863598342998,35955.55,8460.974937265946,27057.306825377833,964.2699800396123,Healthy
26,97,14830.084825174825,2589.2759269948965,21742.05,4272.305279541579,19102.390104716404,861.1064053058375,Healthy
26,98,8025.948601398601,1196.7893513142396,12789.42,1974.7024296684954,10000.651031067096,633.4804101706145,Healthy
26,99,221.95027777777779,356.0306679445796,1280.0,587.4506021085563,809.400879886334,105.34473830661354,High Risk
27,1,30437.976223776222,15401.21018378864,97095.89,25411.996803251255,55849.973027027474,1233.6526298714768,Healthy
27,2,79001.04916083916,8427.786525425126,109404.21,13905.847766951458,92906.89692779061,1987.4738886440641,Healthy
27,3,20226.734615384616,16614.005609364638,79953.07,27413.10925545165,47639.84387083627,1005.6523906247281,High Risk
27,4,43596.933916083915,4185.534760775572,56085.26,6906.132355279694,50503.06627136361,1476.430389759096,Healthy
27,5,28059.038251748254,17314.849158579982,138618.5,28569.50111165697,56628.53936340522,1184.4627105094582,High Risk
27,6,7730.729090909091,5178.928257352218,41005.33,8545.231624631158,16275.960715540248,621.7205598542279,High Risk
27,7,43272.914965034965,30454.863076779704,230033.85,50250.52407668651,93523.43904172147,1470.933631491152,High Risk
27,8,42181.46958041958,3547.9637827196016,58165.72,5854.140241487342,48035.609821906924,1452.2649479419995,Healthy
27,9,29315.69713286713,10272.696745138259,56253.79,16949.949629478127,46265.64676234526,1210.6960215691454,Healthy
27,10,36757.327412587416,4051.864379074437,48841.94,6685.576225472821,43442.903638060234,1355.6793022796248,Healthy
27,11,20785.57909090909,9855.814172999893,84837.06,16262.093385449823,37047.672476358915,1019.4503198025171,Healthy
27,12,3911.993986013986,795.9996904372847,6225.39,1313.3994892215196,5225.393475235505,442.2665477974785,Healthy
27,13,52941.78727272727,4754.671588851903,66187.45,7845.2081216056395,60786.99539433291,1626.987819141976,Healthy
27,14,28918.602867132868,9569.920758472736,79030.86,15790.369251480013,44708.97211861288,1202.4683544096465,Healthy
27,16,24741.91251748252,22479.246726692178,98262.82,37090.75709904209,61832.66961652461,1112.2480055608669,High Risk
27,17,18713.578041958044,3666.8217146136712,36842.02,6050.255829112557,24763.8338710706,967.3049685067798,Healthy
27,18,11320.96109489051,18596.611057390885,91988.56,30684.408244694958,42005.369339585464,752.3616515642763,High Risk
27,19,790.6855244755245,699.1155982691338,2256.3,1153.5407371440706,1944.226261619595,198.8322816440435,High Risk
27,20,11159.393076923077,2296.3146075753007,21116.24,3788.919102499246,14948.312179422323,746.9736634220473,Healthy
27,21,6867.747972027972,1395.96860637375,14892.48,2303.3482005166875,9171.09617254466,585.9926608767371,Healthy
27,22,17859.665454545455,3743.606889299527,36797.72,6176.95136734422,24036.616821889675,944.9779218200141,Healthy
27,23,37222.15720279721,9529.067687604294,87453.21,15722.961684547085,52945.11888734429,1364.2242704701673,Healthy
27,24,9648.69916083916,2933.1255003336883,20932.73,4839.657075550585,14488.356236389745,694.5753796687283,Healthy
27,25,12774.555874125874,2584.7293601800015,21234.06,4264.803444297002,17039.359318422874,799.204475529444,Healthy
27,26,12383.764265734266,2901.4255345808197,22679.45,4787.352132058352,17171.11639779262,786.885133476744,Healthy
27,27,2114.502377622378,632.8959613943168,6151.84,1044.2783363006226,3158.780713923001,325.1539925652442,Healthy
27,28,963.9101398601398,352.0226218542829,2057.6,580.8373260595667,1544.7474659197064,219.53475121949825,Healthy
27,29,7801.956713286713,2029.831869271677,21263.21,3349.222584298267,11151.17929758498,624.5781261494319,Healthy
27,30,5028.221048951049,1219.9651826570182,7635.6,2012.94255138408,7041.163600335129,501.4090669778045,Healthy
27,31,3562.270839160839,1695.9728870218935,11055.48,2798.3552635861242,6360.626102746963,422.0350008684611,Healthy
27,32,8397.365314685314,3518.757330454988,36328.82,5805.9495952507295,14203.314909936043,647.9724266774518,Healthy
27,33,9801.541748251748,2918.3362985620197,21505.16,4815.254892627332,14616.79664087908,700.0550602721098,Healthy
27,34,18926.597972027972,5273.9595514927005,35571.98,8702.033259962955,27628.631231990927,972.7948903039112,Healthy
27,35,3579.2062937062938,1160.078449963609,7317.77,1914.1294424399548,5493.335736146249,423.03701337508835,Healthy
27,36,2536.471328671329,1765.0589177818335,9378.0,2912.3472143400254,5448.818543011354,356.1229653273802,High Risk
27,37,2566.7814685314684,386.52488345086067,3791.13,637.7660576939201,3204.5475262253885,358.24443251301676,Healthy
27,38,39725.397762237764,4901.73753564186,56689.2,8087.8669338090685,47813.264696046834,1409.3508747334313,Healthy
27,39,1.98,,1.98,,,9.9498743710662,Healthy
27,40,70061.09125874126,4540.7119738220645,79711.98,7492.174756806406,77553.26601554766,1871.6448816314123,Healthy
27,41,2278.351818181818,1022.6566427200712,6863.0,1687.3834604881174,3965.7352786699357,337.5168009286218,Healthy
27,42,10201.29825174825,1105.8326688386744,12770.54,1824.6239035838128,12025.922155332064,714.1882893099078,Healthy
27,44,4936.005804195804,1394.783845156313,11557.75,2301.3933445079165,7237.39914870372,496.7899860200386,Healthy
27,45,43.34461538461539,58.21163251667496,222.4,96.04919365251368,139.39380903712907,46.55352585176304,High Risk
27,46,38260.78461538462,6507.215963916445,64351.28,10736.906340462134,48997.69095584675,1383.1266141497065,Healthy
27,47,5.826086956521739,159.33609480189781,425.0,262.9045564231314,268.73064337965315,17.067640370774367,High Risk
27,49,10716.222657342658,1715.5289430586017,15499.67,2830.6227560466928,13546.84541338935,731.9912109220526,Healthy
27,50,2752.7814685314684,563.6020158564071,4101.5,929.9433261630717,3682.72479469454,370.99740353077055,Healthy
27,51,5.892307692307692,5.256497810402781,15.0,8.673221387164588,14.565529079472281,17.164363798736748,High Risk
27,52,2255.9050349650347,864.2108659902381,6289.32,1425.9479288838927,3681.852963848927,335.8500435436204,Healthy
27,54,95.30355072463767,89.69462549141312,425.76,147.99613206083163,243.29968278546932,69.03026536405524,High Risk
27,55,14255.32020979021,10832.564204955266,83743.26,17873.730938176188,32129.0511479664,844.2547071171771,High Risk
27,56,5568.830909090909,6542.369987241983,32554.06,10794.910478949272,16363.74138804018,527.6756062720215,High Risk
27,58,1538.5384615384614,1127.4716528439226,4500.0,1860.3282271924722,3398.8666887309337,277.35703177839764,High Risk
27,59,1200.596993006993,2722.378867620421,24765.28,4491.925131573694,5692.522124580687,245.0098970457105,High Risk
27,60,101.84351145038168,69.66121986965713,413.6,114.94101278493426,216.78452423531593,71.3594813078058,High Risk
27,67,12280.209230769231,5651.410613715696,37420.67,9324.827512630898,21605.03674340013,783.5881964006742,Healthy
27,71,10846.354265734266,2353.7947789559153,21497.33,3883.76138527726,14730.115651011525,736.42223845204,Healthy
27,72,68527.76594405594,44791.304377825916,420586.57,73905.65222341276,142433.41816746868,1851.050592826354,High Risk
27,74,27537.11125874126,4066.8527436015265,42260.59,6710.307026942519,34247.41828568378,1173.3948878945498,Healthy
27,77,189.07777777777778,150.6370884591323,477.0,248.55119595756827,437.62897373534605,97.23111070479905,High Risk
27,78,6.75,12.422409369581029,30.0,20.496975459808695,27.246975459808695,18.371173070873837,High Risk
27,79,36864.10958041958,3325.2659603776583,46495.49,5486.688834623136,42350.798415042715,1357.647037716718,Healthy
27,80,26832.98811188811,2266.5490947271305,35230.15,3739.806006299765,30572.794118187874,1158.2959058869221,Healthy
27,81,29560.686643356647,2635.541205843675,38652.88,4348.642989642063,33909.329632998706,1215.744353130144,Healthy
27,82,26075.51636363636,12281.214267989024,112088.27,20264.00354218189,46339.51990581825,1141.8300303380613,Healthy
27,83,9225.643426573426,1847.4343245290313,17388.78,3048.2666354729013,12273.910062046327,679.1775698068004,Healthy
27,85,4228.461818181819,2001.9405480854075,17209.07,3303.2019043409223,7531.6637225227405,459.8076673013304,Healthy
27,87,16603.7513986014,2299.030808882819,26306.7,3793.4008346566516,20397.15223325805,911.1462944720074,Healthy
27,90,96374.53657342658,8049.165326696938,136071.89,13281.122789049947,109655.65936247652,2195.1598640352663,Healthy
27,91,66687.09657342658,6248.107366653385,88143.67,10309.377154978085,76996.47372840466,1826.021584941243,Healthy
27,92,146518.14139860138,13043.315493317774,188077.31,21521.470563974326,168039.6119625757,2706.6412894822374,Healthy
27,93,54910.69377622378,6260.0421958765355,77763.41,10329.069623196283,65239.76339942006,1656.965506222501,Healthy
27,94,69638.93041958043,9925.915042079,95291.7,16377.759819430348,86016.69023901077,1865.997460067677,Healthy
27,95,119519.41090909092,13556.171059760625,161572.75,22367.68224860503,141887.09315769596,2444.5798300433034,Healthy
27,96,20806.99090909091,6538.240927115838,45738.44,10788.097529741131,31595.08843883204,1019.9752670798177,Healthy
27,97,21268.805734265734,2652.6488469355627,27980.79,4376.870597443678,25645.676331709412,1031.2324115897866,Healthy
27,98,11524.137832167831,1801.6963761986206,20589.9,2972.799020727724,14496.936852895555,759.0829280180075,Healthy
27,99,562.98,1261.6786799119832,5350.0,2081.769821854772,2644.749821854772,167.77663722938306,High Risk
28,1,20180.453986013985,9688.349105941714,56283.33,15985.776024803827,36166.23001081781,1004.5012191633713,Healthy
28,2,57751.27433566433,4428.5146007935455,69898.9,7307.04909130935,65058.323426973686,1699.2832950344732,Healthy
28,3,12562.223286713286,8768.467066086325,52778.77,14467.970659042436,27030.193945755724,792.5346455112636,High Risk
28,4,27980.817202797203,2661.434397098626,35479.24,4391.366755212733,32372.183958009937,1182.8105766097376,Healthy
28,5,28221.618391608394,13435.010626026224,100974.99,22167.767532943268,50389.385924551665,1187.8892707573461,Healthy
28,6,5016.258671328671,3164.420040697051,24761.54,5221.2930671501335,10237.551738478804,500.81227377774354,High Risk
28,7,29228.446923076925,24312.012227003244,234363.43,40114.82017455535,69343.26709763228,1208.8930251076174,High Risk
28,8,33375.57552447552,2023.8725436834238,40408.92,3339.389697077649,36714.96522155317,1291.8122062528191,Healthy
28,9,17930.71006993007,3938.33579644837,27476.33,6498.25406413981,24428.96413406988,946.8555874559244,Healthy
28,10,21083.404825174825,3093.2469553039195,31648.58,5103.857476251467,26187.262301426294,1026.7279295211274,Healthy
28,11,13539.14776223776,2687.472321367177,24827.16,4434.329330255841,17973.477092493602,822.7742023859815,Healthy
28,12,3441.027832167832,597.0239707211847,5562.58,985.0895516899546,4426.117383857787,414.79078052482265,Healthy
28,13,38297.38657342658,3208.670759916167,48989.99,5294.306753861675,43591.69332728825,1383.7880360341785,Healthy
28,14,16522.44356643357,5123.302649416435,46433.16,8453.449371537117,24975.892937970686,908.9126351424973,Healthy
28,16,7550.626363636364,3842.40446209866,17292.43,6339.9673624627885,13890.593726099152,614.43577221856,Healthy
28,17,9821.526153846155,2167.985629226097,17059.99,3577.17628822306,13398.702442069214,700.7683695004418,Healthy
28,18,8402.612456140352,12032.450560870177,57551.68,19853.54342543579,28256.155881576142,648.1748396898923,High Risk
28,19,1805.8952447552447,554.6938986552827,3290.95,915.2449327812164,2721.140177536461,300.4908688092905,Healthy
28,20,5695.885314685314,1289.0743604824534,10789.16,2126.972694796048,7822.858009481362,533.6611900206589,Healthy
28,21,5153.508391608391,862.6345908750454,8230.77,1423.347074943825,6576.855466552216,507.6173948757268,Healthy
28,22,10210.134825174826,2862.739892683047,19443.36,4723.520822927027,14933.655648101852,714.4975446135146,Healthy
28,23,31939.141398601398,6657.745450998059,74807.63,10985.279994146797,42924.42139274819,1263.707667908235,Healthy
28,24,8328.875804195804,3545.3235088432943,22665.84,5849.783789591435,14178.65959378724,645.324561914228,Healthy
28,25,15434.385944055944,2219.1041198107164,25249.66,3661.521797687682,19095.907741743627,878.4755529909738,Healthy
28,26,10936.965314685314,3248.4600726252684,26530.34,5359.959119831692,16296.924434517006,739.4918970037911,Healthy
28,27,1525.0202797202796,573.7566768017335,4294.71,946.6985167228603,2471.71879644314,276.1358614631826,Healthy
28,28,561.6884615384615,166.244913179862,1093.19,274.3041067467723,835.9925682852338,167.58407763544565,Healthy
28,29,5349.592517482517,1730.905361135525,14464.7,2855.993845873616,8205.586363356133,517.1843248534567,Healthy
28,30,3909.7404195804197,864.703806522971,6366.13,1426.761280762902,5336.501700343322,442.1391421023714,Healthy
28,31,2583.945034965035,1401.6623053907613,8539.23,2312.742803894756,4896.687838859791,359.440192171454,Healthy
28,32,8619.192307692309,4336.220814463707,36890.56,7154.764343865117,15773.956651557426,656.4751445291859,Healthy
28,33,8378.118391608392,3109.0427885565628,20823.12,5129.920601118329,13508.03899272672,647.2294180431074,Healthy
28,34,17685.60230769231,3374.069562297241,30344.99,5567.214777790447,23252.817085482755,940.3616939160247,Healthy
28,35,2675.1846153846154,698.3209983891536,4328.0,1152.2296473421034,3827.414262726719,365.73109078834244,Healthy
28,36,1802.2460139860138,1175.2522266821377,6489.0,1939.166174025527,3741.412188011541,300.18710948223725,High Risk
28,37,1981.0533566433567,361.66248333888706,2909.22,596.7430975091636,2577.7964541525203,314.7263380020297,Healthy
28,38,49179.48552447552,6059.940697441286,64867.44,9998.902150778122,59178.387675253645,1568.111691246442,Healthy
28,40,46197.60370629371,4778.311200137861,62244.21,7884.21348022747,54081.81718652118,1519.828998708304,Healthy
28,41,1384.8581118881118,1290.3081372253964,11003.1,2129.008426421904,3513.866538310016,263.1404674207401,High Risk
28,42,6342.158671328671,587.5681808027765,8202.14,969.4874983245812,7311.6461696532515,563.1233733085793,Healthy
28,43,0.75,0.3535533905932738,1.0,0.5833630944789017,1.3333630944789017,6.123724356957945,Healthy
28,44,4490.995384615384,929.6175175131332,10179.6,1533.8689038966697,6024.8642885120535,473.8668264721315,Healthy
28,45,26.1178125,37.89112240411533,288.03,62.52035196679029,88.63816446679029,36.13710869729342,High Risk
28,46,20424.31853146853,3165.9171239817797,40651.98,5223.763254569936,25648.081786038463,1010.552287896785,Healthy
28,47,84.146,341.8824728870557,1098.0,564.1060802636418,648.2520802636418,64.86370325536463,High Risk
28,49,13234.785524475525,2702.7310745785467,23681.11,4459.5062730546015,17694.291797530124,813.4735866786187,Healthy
28,51,2.364444444444444,5.365042197203838,9.42,8.852319625386333,11.216764069830777,10.873004286866726,High Risk
28,52,2645.526923076923,625.0094215743172,4657.17,1031.2655455976235,3676.7924686745464,363.69815253015264,Healthy
28,54,96.11713178294575,102.62465609103302,553.0,169.33068255020447,265.44781433315023,69.32428570960748,High Risk
28,55,10960.007552447552,5657.723587040323,48673.32,9335.243918616532,20295.251471064083,740.2704759899435,Healthy
28,56,727.5941549295775,759.9896547207824,4036.38,1253.9829302892908,1981.5770852188684,190.73465271543836,High Risk
28,58,4806.917132867133,3137.977790800055,21145.0,5177.663354820091,9984.580487687224,490.2508099364617,High Risk
28,59,835.3004195804197,2026.5649035039346,18219.49,3343.832090781492,4179.132510361911,204.36492110687925,High Risk
28,60,665.557972027972,180.89382100628188,1320.0,298.47480466036507,964.0327766883371,182.42230839839354,Healthy
28,67,6407.026363636363,3301.161013528241,18332.13,5446.915672321597,11853.94203595796,565.9958641031029,Healthy
28,71,6836.11006993007,2170.0496075946794,13825.5,3580.5818525312206,10416.69192246129,584.6413460374689,Healthy
28,72,55202.67909090909,39211.851911080055,355356.39,64699.555653282085,119902.23474419117,1661.3650876750282,High Risk
28,74,13054.228461538461,2815.1599888084083,23190.8,4645.013981533873,17699.242443072333,807.9055780701871,Healthy
28,77,463.0,138.53158484620033,594.0,228.57711499623053,691.5771149962305,152.1512405470294,Healthy
28,78,10.08,2.784446598005223,12.88,4.594336886708618,14.674336886708618,22.44994432064365,Healthy
28,79,43467.7248951049,3945.040687320637,56704.07,6509.31713407905,49977.04202918395,1474.2409045862364,Healthy
28,80,18546.61097902098,2490.0115028614086,26362.59,4108.518979721324,22655.129958742305,962.9800355931836,Healthy
28,81,22125.112657342655,3012.726690890054,31107.07,4970.999039968589,27096.111697311244,1051.7868761622447,Healthy
28,82,19119.629650349652,3896.641611338495,47868.63,6429.458658708516,25549.08830905817,977.7430554688091,Healthy
28,83,6364.809090909091,2402.5421682729,13408.27,3964.1945776502853,10329.003668559377,564.1280480045772,Healthy
28,85,1432.9710489510492,423.67419889515963,2920.03,699.0624281770133,2132.0334771280623,267.6724723380282,Healthy
28,87,12536.787202797203,1934.254458094102,17527.58,3191.519855855268,15728.30705865247,791.7318738940982,Healthy
28,90,65285.9520979021,10025.99900788177,94256.46,16542.89836300492,81828.85046090702,1806.7367281635431,Healthy
28,91,57575.60111888112,13193.790456514114,91715.98,21769.754253248288,79345.3553721294,1696.6968073123894,Healthy
28,92,98486.96034965036,22566.56561061476,158418.77,37234.83325751436,135721.7936071647,2219.087203667877,Healthy
28,93,47923.50867132867,14483.544427512164,92790.07,23897.84830539507,71821.35697672373,1547.9584728171599,Healthy
28,94,36164.36461538461,5404.087267748283,49480.21,8916.743991784666,45081.10860716928,1344.7000523422428,Healthy
28,95,96322.11384615384,15334.156555512014,138091.76,25301.358316594822,121623.47216274866,2194.5627565206905,Healthy
28,96,26288.955734265735,6469.908549813841,63978.78,10675.349107192837,36964.30484145857,1146.4936924001313,Healthy
28,97,23828.86132867133,5820.937114156545,38554.97,9604.5462383583,33433.40756702963,1091.532439478354,Healthy
28,98,10673.133076923077,2265.606344959034,19267.3,3738.2504691824056,14411.383546105482,730.5180722241948,Healthy
28,99,316.6056097560976,701.2393756808327,3100.0,1157.044969873374,1473.6505796294714,125.81844255833434,High Risk
29,1,15504.699580419581,8403.590213306625,53381.6,13865.92385195593,29370.623432375512,880.4742920840898,Healthy
29,2,25181.662727272727,2842.5303275524043,43024.15,4690.175040461467,29871.837767734192,1122.088738185905,Healthy
29,3,7995.9558041958035,4930.7676565898355,30900.55,8135.766633373228,16131.722437569031,632.2956509496094,High Risk
29,4,14326.216223776224,1566.7386086024826,19427.35,2585.118704194096,16911.33492797032,846.3514702467357,Healthy
29,5,12931.821258741258,8868.631879852916,69467.35,14633.24260175731,27565.06386049857,804.1088626156678,High Risk
29,6,3289.884965034965,3058.5157101158024,26440.84,5046.550921691074,8336.435886726038,405.57890508722005,High Risk
29,7,16854.082237762235,12955.930323306971,99680.98,21377.2850334565,38231.36727121874,917.9891676311393,High Risk
29,8,20680.465944055944,1618.3967818658864,28478.15,2670.3546900787123,23350.820634134656,1016.8693609322671,Healthy
29,9,11370.866363636364,4247.357342826733,21063.65,7008.1396156641085,18379.005979300473,754.0181152875692,Healthy
29,10,9400.183076923076,1258.4348819999104,14939.44,2076.417555299852,11476.60063222293,685.5721361360552,Healthy
29,11,8232.700279720279,3818.3810890192995,23722.25,6300.328796881844,14533.029076602123,641.5878848497795,Healthy
29,12,2237.276993006993,472.6753954227758,3399.95,779.9144024475801,3017.191395454573,334.460535265896,Healthy
29,13,17953.007552447554,1380.6216896318826,23819.52,2278.0257878926063,20231.03334034016,947.444129024175,Healthy
29,14,9601.125244755243,3746.874272847883,33655.1,6182.342550199006,15783.46779495425,692.8609256104447,Healthy
29,16,7115.321048951049,6369.021271978538,26666.8,10508.885098764587,17624.20614771564,596.4612748934775,High Risk
29,17,8000.553216783217,1839.9462610989033,20414.63,3035.91133081319,11036.464547596406,632.4773994690726,Healthy
29,18,3539.8016071428574,5528.560787298376,28406.23,9122.12529904232,12661.926906185177,420.7018901278468,High Risk
29,19,36.90816091954023,61.52011016503458,477.97,101.50818177230705,138.4163426918473,42.958212788441415,High Risk
29,20,3925.716013986014,707.7222896731436,6158.51,1167.7417779606867,5093.457791946701,443.0415338309724,Healthy
29,21,3755.09020979021,853.6243366982203,8648.06,1408.4801555520635,5163.570365342273,433.3064856305644,Healthy
29,22,6408.913776223777,1595.7331969749498,14975.46,2632.959775008667,9041.873551232444,566.079224853897,Healthy
29,23,19722.253636363635,7019.078615597549,64076.13,11581.479715735955,31303.73335209959,993.0320648489563,Healthy
29,24,4440.371538461539,1730.0716842924667,11014.71,2854.6182790825696,7294.9898175441085,471.18847282491635,Healthy
29,25,6452.345664335664,1314.3797489656208,11230.93,2168.7265857932744,8621.072250128938,567.994087307943,Healthy
29,26,4071.8576923076926,1305.0369482188878,9113.18,2153.310964561165,6225.168656868857,451.21268224129585,Healthy
29,27,1406.5686713286714,662.1773066789715,5827.46,1092.592556020303,2499.1612273489745,265.1950858640363,Healthy
29,28,651.7749650349651,278.581714693902,1521.24,459.65982924493824,1111.4347942799034,180.52353932866555,Healthy
29,29,4577.955804195804,1256.4162060951812,13504.3,2073.0867400570487,6651.042544252853,478.43263915601557,Healthy
29,30,3032.9025174825174,702.8291490749318,4720.88,1159.6680959736375,4192.570613456155,389.41639137833664,Healthy
29,31,1974.257202797203,1031.2934745311009,7692.0,1701.6342329763163,3675.8914357735193,314.18602791954345,Healthy
29,32,4196.283846153846,2508.886677361243,23716.09,4139.663017646051,8335.946863799898,458.05479181828485,Healthy
29,33,4058.077972027972,1556.696122211342,11624.83,2568.5486016487143,6626.626573676686,450.44855266877994,Healthy
29,34,11029.653986013986,2949.437655896445,22002.81,4866.572132229134,15896.22611824312,742.6188115720604,Healthy
29,35,2413.3462937062936,777.652074957344,5305.0,1283.1259236796175,3696.472217385911,347.3720119487387,Healthy
29,36,1125.3719580419581,838.6277393886967,4338.0,1383.7357699913493,2509.1077280333075,237.21002909257,High Risk
29,38,42484.14937062937,4614.122788573129,53466.81,7613.302601145662,50097.45197177503,1457.466112309809,Healthy
29,40,28640.312377622377,2034.2173995057776,34076.22,3356.458709184533,31996.771086806908,1196.6685501345469,Healthy
29,41,909.9382517482518,503.7909039379177,2798.5,831.2549914975641,1741.193243245816,213.30005294751473,Healthy
29,42,3763.450699300699,502.3665315322398,5054.71,828.9047770281956,4592.355476328895,433.7885832580601,Healthy
29,43,0.9166666666666666,0.8010409893798611,2.5,1.3217176324767708,2.2383842991434375,6.7700320038632995,High Risk
29,44,1984.0671328671326,530.1273429406098,4977.84,874.7101158520061,2858.7772487191387,314.96564359205377,Healthy
29,45,31.897142857142857,7.872580505115448,45.88,12.989757833440489,44.886900690583346,39.93566254436181,Healthy
29,46,12095.77951048951,2372.860095694327,27714.54,3915.219157895639,16010.99866838515,777.6817958037051,Healthy
29,47,15.978333333333333,139.2437437689316,298.0,229.75217721873713,245.73051055207046,28.2651139510646,High Risk
29,48,8.982,17.55992796112786,21.96,28.973881135860964,37.95588113586096,21.191979614939232,High Risk
29,49,43.50333333333334,41.18540264057966,98.01,67.95591435695644,111.45924769028977,46.63868208543919,High Risk
29,51,20.110877192982453,14.2347989449274,53.1,23.48741825913021,43.598295452112666,31.71031156657283,High Risk
29,52,959.3714685314685,244.64649999931078,1701.59,403.6667249988628,1363.0381935303312,219.01729024570966,Healthy
29,54,42.186454545454545,50.73406129404408,317.0,83.71120113517273,125.89765568062728,45.92736360028439,High Risk
29,55,5803.394405594406,4549.170073974123,31868.08,7506.130622057302,13309.525027651707,538.6740389880696,High Risk
29,56,3089.913846153846,3881.828550421138,19019.63,6405.017108194877,9494.930954348723,393.05940048253814,High Risk
29,58,1150.6548,1033.7277242220084,5151.0,1705.6507449663138,2856.305544966314,239.85983406981669,High Risk
29,59,329.17006993006993,469.59838780330136,3824.95,774.8373398754472,1104.0074098055172,128.29069918159888,High Risk
29,60,274.65818181818184,223.3587107055376,1434.4,368.54187266413703,643.2000544823188,117.18749545454537,High Risk
29,67,6207.3044755244755,2858.8685287088315,21159.67,4717.133072369572,10924.437547894047,557.1043203711705,Healthy
29,71,2852.8939860139863,856.2328921799846,6409.22,1412.7842720969745,4265.678258110961,377.68333203981786,Healthy
29,72,34201.58104895105,29914.441097347048,266480.63,49358.82781062263,83560.40885957368,1307.699909171654,High Risk
29,74,8432.304335664336,1330.2947758004298,15565.07,2194.986380070709,10627.290715735046,649.3190408290957,Healthy
29,77,220.0,85.71464285639881,318.0,141.42916071305802,361.429160713058,104.88088481701516,Healthy
29,78,0.3333333333333333,12.013880860626733,12.0,19.82290342003411,20.15623675336744,4.0824829046386295,High Risk
29,79,8221.684125874126,876.7159599421952,10592.52,1446.5813339046222,9668.265459778748,641.1584876562941,Healthy
29,80,30.234384615384613,37.15809488536568,193.96,61.31085656085337,91.54524117623798,38.88083372008927,High Risk
29,81,5291.476643356644,449.73534519719425,7828.32,742.0633195753704,6033.5399629320145,514.3674097061673,Healthy
29,82,9307.916573426573,3843.662462017166,39470.82,6342.043062328324,15649.959635754898,682.1992587736582,Healthy
29,83,758.9465734265734,165.16477520694852,1404.88,272.52187909146505,1031.4684525180385,194.80074094142628,Healthy
29,85,1802.4125174825174,838.7988158825762,6212.25,1384.0180462062506,3186.430563688768,300.20097580475294,Healthy
29,87,9095.476643356642,1457.618318164676,15948.18,2405.0702249717156,11500.546868328358,674.3692105722444,Healthy
29,90,10950.327972027972,951.3204894040407,15120.66,1569.6788075166671,12520.00677954464,739.9435104123818,Healthy
29,91,4691.213216783217,471.18633334278263,6039.05,777.4574500155913,5468.670666798808,484.31463000735465,Healthy
29,92,25166.714265734267,3141.449449561679,36619.76,5183.39159177677,30350.105857511036,1121.7556388477453,Healthy
29,93,1190.882097902098,334.14905274728216,2820.66,551.3459370330155,1742.2280349351136,244.01660782640369,Healthy
29,94,263.08301204819276,599.9241959832781,3002.66,989.8749233724088,1252.9579354206016,114.69154547049071,High Risk
29,95,30980.395594405596,3974.72599323944,49714.33,6558.297888845075,37538.693483250674,1244.5962316029563,Healthy
29,96,11.799999999999999,10.905044704172468,24.0,17.99332376188457,29.793323761884572,24.289915602982237,High Risk
29,97,2131.6767832167834,252.7236943210304,3018.63,416.99409562970015,2548.6708788464834,326.47180454189174,Healthy
29,98,139.67797101449275,111.4784618205139,410.58,183.93946200384792,323.61743301834065,83.56972269144273,High Risk
29,99,29.88,,29.88,,,38.65229618017538,Healthy
30,1,9788.376643356643,2373.5326538578515,22380.12,3916.328878865455,13704.705522222099,699.5847569578915,Healthy
30,2,12974.464475524475,889.7357365617283,14844.11,1468.0639653268518,14442.528440851327,805.433562608502,Healthy
30,3,739.9818881118881,329.37014762911775,3048.66,543.4607435880442,1283.4426316999325,192.35148662174257,Healthy
30,4,13216.100909090908,1071.0585005799937,17593.37,1767.2465259569897,14983.347435047897,812.8991606924843,Healthy
30,5,405.56594405594404,182.48753159506222,1318.2,301.1044271318527,706.6703711877967,142.40188623328416,Healthy
30,6,27.303937007874016,24.167786777243084,105.9,39.876848182451084,67.1807851903251,36.948570343028166,High Risk
30,7,379.77195804195804,199.07275145936933,1035.13,328.47003990795935,708.2419979499174,137.79912155778752,Healthy
30,8,11733.993776223777,790.7700481593362,14164.04,1304.7705794629046,13038.764355686682,765.9632424674103,Healthy
30,9,76.84535211267607,64.35151810011968,355.85,106.18000486519746,183.0253569778735,61.98602750325111,High Risk
30,10,196.1169230769231,53.08925875062888,369.87,87.59727693853765,283.71420001546073,99.02447249971168,Healthy
30,11,835.3027272727272,343.2923735653669,2691.12,566.4324163828554,1401.7351436555828,204.36520340712693,Healthy
30,12,72.02370629370628,28.577368339948187,257.62,47.15265776091451,119.17636405462079,60.00987680944958,Healthy
30,13,11386.088111888113,1118.0056480878222,14195.05,1844.7093193449066,13230.79743123302,754.5226342492356,Healthy
30,14,975.0402797202798,445.07409807196035,3869.19,734.3722618187345,1709.4125415390145,220.79858239131426,Healthy
30,16,1681.6684615384615,673.5930201740468,3943.97,1111.4284832871772,2793.0969448256387,289.97141768961137,Healthy
30,17,153.27783333333335,109.57909591163964,648.29,180.8055082542054,334.0833415875387,87.54365577622782,High Risk
30,18,424.1154651162791,491.81416814425756,2476.36,811.4933774380249,1235.608842554304,145.62202187792187,High Risk
30,19,2.38,,2.38,,,10.908712114635714,Healthy
30,20,46.31785714285714,40.56285083228245,187.96,66.92870387326604,113.2465610161232,48.12372447289234,High Risk
30,21,1572.905944055944,414.17484077199043,2317.24,683.3884872737842,2256.2944313297285,280.4376886276115,Healthy
30,22,56.5225,49.746076259598674,141.68,82.0810258283378,138.6035258283378,53.161311120024116,High Risk
30,23,17.175869565217393,13.555015238499072,48.77,22.365775143523468,39.54164470874086,29.305178352312918,High Risk
30,24,9.06875,7.192129502846448,23.66,11.867013679696639,20.935763679696638,21.29407194502733,High Risk
30,25,43.547642857142854,28.195348221122934,133.72,46.52232456485284,90.0699674219957,46.66242752854959,High Risk
30,26,7.1197297297297295,4.74311927748823,18.5,7.8261468078555785,14.945876537585308,18.867604153322873,High Risk
30,27,10.064,6.613178549405406,22.5,10.91174460651892,20.97574460651892,22.432119828495924,High Risk
30,28,89.65293706293707,54.643424456958556,318.67,90.16165035398161,179.8145874169187,66.9525716694053,High Risk
30,29,8.615,3.200640560887774,10.96,5.281056925464827,13.896056925464826,20.75451758051726,Healthy
30,31,67.09210937499999,78.49078857287071,621.38,129.50980114523668,196.6019105202367,57.91895603988387,High Risk
30,32,38.03918032786885,33.216633655274286,174.88,54.80744553120257,92.84662585907142,43.6114551052065,High Risk
30,33,7.25,6.7175144212722016,12.0,11.083898795099133,18.33389879509913,19.03943276465977,High Risk
30,34,3.677777777777778,2.446312417587836,8.0,4.036415489019929,7.714193266797707,13.560563737871997,High Risk
30,38,61266.48958041958,5807.706992007717,80457.01,9582.716536812733,70849.20611723232,1750.2355495821066,Healthy
30,40,23431.05846153846,1879.1776680701787,32108.75,3100.643152315795,26531.701613854257,1082.3829835492256,Healthy
30,41,49.76829268292683,104.54923167824904,595.0,172.5062322691109,222.27452495203772,49.884011808858574,High Risk
30,42,64.55517482517482,22.714083887214517,136.03,37.47823841390395,102.03341323907877,56.81336762821529,Healthy
30,44,5.858823529411764,4.949924093297974,18.75,8.167374753941656,14.02619828335342,17.115524428733938,High Risk
30,46,6429.953986013987,985.686053816797,8644.75,1626.381988797715,8056.335974811702,567.0076712891099,Healthy
30,49,7.317222222222223,10.087611975065116,28.79,16.64455975885744,23.961781981079664,19.127496206014815,High Risk
30,52,19.153380281690144,11.320183311006309,61.52,18.67830246316041,37.83168274485055,30.94622778440867,Healthy
30,55,18.61777777777778,16.53119609842084,59.4,27.276473562394383,45.89425134017216,30.510471790663757,High Risk
30,56,92.23709677419355,120.00438070428426,556.29,198.00722816206903,290.24432493626256,67.91063862687257,High Risk
30,59,91.67818181818181,77.29346053671917,404.56,127.53420988558662,219.21239170376845,67.70457215660616,High Risk
30,60,696.2503496503497,235.91633688755056,1900.8,389.2619558644584,1085.512305514808,186.58112842009902,Healthy
30,67,1452.3444055944055,758.9979455980127,4327.89,1252.3466102367208,2704.6910158311266,269.47582503764653,Healthy
30,72,66.88640845070424,41.56183678665095,231.32,68.57703069797407,135.4634391486783,57.830099624116265,High Risk
30,74,274.10545454545456,195.98892068688522,845.47,323.3817191333606,597.4871736788152,117.06952091502181,High Risk
30,79,5857.313916083916,882.5689081616067,8686.35,1456.238698466651,7313.552614550567,541.1706716038811,Healthy
30,80,6619.199370629371,912.6367188769902,8137.09,1505.8505861470337,8125.0499567764045,575.2912032453378,Healthy
30,81,11365.228741258741,1148.5246219112732,14940.36,1895.0656261536008,13260.294367412342,753.8311727853505,Healthy
30,82,4564.526643356644,1523.8409068654576,15180.62,2514.337496328005,7078.864139684649,477.7303969477264,Healthy
30,83,1803.6416083916083,375.7729908152899,2794.7,620.0254348452283,2423.6670432368364,300.303314033629,Healthy
30,85,77.29737588652482,54.640116288903,320.64,90.15619187668995,167.45356776321478,62.16806892872128,High Risk
30,87,321.3325874125874,127.16564240409778,634.18,209.82330996676131,531.1558973793487,126.754208492773,Healthy
30,90,34622.98622377623,2425.782952613124,44235.52,4002.5418718116543,38625.528095587884,1315.7314738155394,Healthy
30,91,31576.583986013986,2350.3641634316714,39513.06,3878.1008696622575,35454.68485567624,1256.5147031772844,Healthy
30,92,53256.041398601395,5595.33647659365,75698.86,9232.305186379523,62488.346584980914,1631.80944657459,Healthy
30,93,22409.698391608392,1914.5384993236537,29700.75,3158.9885238840284,25568.68691549242,1058.5296025999555,Healthy
30,94,24522.622587412585,2194.255390779703,29591.27,3620.5213947865095,28143.143982199093,1107.308055317322,Healthy
30,95,45456.508321678324,3352.1107852904493,52885.46,5530.982795729241,50987.49111740757,1507.5892730063836,Healthy
30,96,19163.112027972027,2085.0513410254575,25114.6,3440.334712692005,22603.446740664032,978.8542288811963,Healthy
30,97,13172.53111888112,1015.7077159114826,17575.03,1675.9177312539462,14848.448850135066,811.5581038619823,Healthy
30,98,3207.0346853146852,704.8338561423628,5847.53,1162.9758626348987,4370.010547949584,400.43942646264776,Healthy
30,99,-0.6418181818181817,2.0218843596102034,0.02,3.3361091933568354,2.694291011538654,,High Risk
31,1,17356.652447552446,6458.861484391444,43413.16,10657.121449245882,28013.773896798328,931.5753444448936,Healthy
31,2,58512.13153846154,3273.745676569605,75488.69,5401.680366339849,63913.81190480138,1710.4404628408079,Healthy
31,3,10616.675944055944,8140.752695419202,56742.52,13432.241947441682,24048.917891497626,728.5834181497662,High Risk
31,4,34848.89923076923,2508.721736001984,44676.88,4139.390864403274,38988.2900951725,1320.0170307759145,Healthy
31,5,18715.63076923077,9930.799002003187,74938.6,16385.818353305258,35101.449122536025,967.3580197949146,Healthy
31,6,3489.8094405594406,2825.8763804231576,23165.15,4662.69602769821,8152.50546825765,417.72056692000695,High Risk
31,7,21012.43853146853,18733.270664238975,167602.16,30909.896595994305,51922.33512746284,1024.9985007664286,High Risk
31,8,25277.976713286713,1533.9559030368691,34064.48,2531.027240010834,27809.003953297546,1124.2325540849347,Healthy
31,9,10815.516713286712,2696.590234754686,17815.94,4449.373887345232,15264.890600631945,735.3746226681579,Healthy
31,10,19911.584405594404,2911.8993555215466,29153.99,4804.633936610551,24716.218342204957,997.7871618134401,Healthy
31,11,11583.676153846154,2259.66152820207,19974.86,3728.441521533415,15312.11767537957,761.0412654332929,Healthy
31,12,2800.221958041958,413.67292351695994,3888.44,682.5603238029838,3482.7822818449417,374.1805685789922,Healthy
31,13,42661.320629370624,2233.230412867249,48558.92,3684.8301812309605,46346.15081060158,1460.5019792758005,Healthy
31,14,17550.170000000002,5394.342001634283,48234.94,8900.664302696567,26450.834302696567,936.7542367131307,Healthy
31,16,8361.894755244755,4889.195151032535,23571.08,8067.171999203682,16429.06675444844,646.6024572813174,Healthy
31,17,8043.448671328671,1566.5015640669747,16449.04,2584.727580710508,10628.176252039179,634.1706659618005,Healthy
31,18,5800.1208,9798.943466931869,45888.58,16168.256720437583,21968.37752043758,538.5220886834634,High Risk
31,19,41.5465034965035,31.092805092712982,172.81,51.30312840297642,92.84963189947992,45.57768285932464,High Risk
31,20,6430.436713286713,1184.4978992126248,10474.57,1954.4215337008309,8384.858246987544,567.0289548729727,Healthy
31,21,4636.288601398602,773.6721012302137,8397.51,1276.5589670298525,5912.847568428454,481.4711103170471,Healthy
31,22,8635.45188811189,2074.6473096116365,17210.81,3423.1680608592,12058.619948971089,657.0940529373207,Healthy
31,23,20767.686923076923,4339.160167038595,48489.71,7159.6142756136815,27927.301198690606,1019.0114553594804,Healthy
31,24,4491.3569230769235,1990.8442007891574,13219.5,3284.8929313021094,7776.249854379033,473.88589993145627,Healthy
31,25,9346.158391608391,1672.0175152435443,15721.14,2758.828900151848,12104.987291760239,683.5992390139266,Healthy
31,26,7158.594545454545,1829.489708065593,15140.29,3018.6580183082283,10177.252563762773,598.2722852286635,Healthy
31,27,1211.6436363636365,620.6907371647951,4321.24,1024.139716321912,2235.7833526855484,246.13447913322062,Healthy
31,28,605.2558741258741,293.05969710154886,1410.51,483.5485002175556,1088.8043743434298,173.96204674093056,Healthy
31,29,4374.8726573426575,1164.675908443971,10869.77,1921.715248932552,6296.587906275209,467.70036654586113,Healthy
31,30,3127.9227972027975,688.7764945487212,4416.01,1136.4812160053898,4264.404013208187,395.469518243998,Healthy
31,31,2309.8772027972027,1268.794156220116,7421.02,2093.510357763191,4403.3875605603935,339.84387612528803,Healthy
31,32,6118.760069930069,2771.1746051828923,25344.43,4572.438098551772,10691.198168481842,553.1166273910986,Healthy
31,33,4924.68944055944,1914.4233990317416,11991.92,3158.7986084023737,8083.488048961814,496.22018502673995,Healthy
31,34,14279.747272727274,2666.341199476465,21945.16,4399.462979136168,18679.210251863442,844.9777296688734,Healthy
31,35,1900.8715384615384,473.1065679049484,3083.0,780.6258370431648,2681.497375504703,308.29138314762696,Healthy
31,36,1459.9595104895104,1380.823692540342,7405.0,2278.3590926915645,3738.3186031810746,270.1813752361097,High Risk
31,37,3032.6483216783217,444.5436461959836,4422.6,733.497016223373,3766.145337901695,389.4000720132395,Healthy
31,38,80572.5283916084,7881.726104470996,99251.09,13004.848072377143,93577.37646398554,2007.1438462602575,Healthy
31,40,56982.26629370629,3341.44481551519,64815.92,5513.383945600063,62495.65023930636,1687.9316676587694,Healthy
31,41,1334.491888111888,1037.9146907044974,7536.0,1712.5592396624206,3047.051127774309,258.311041973808,High Risk
31,42,5371.462377622378,591.3072413037498,6859.45,975.6569481511872,6347.119325773565,518.240406453529,Healthy
31,44,2291.0570629370627,668.9129089481758,6828.43,1103.70629976449,3394.763362701553,338.45657497949884,Healthy
31,45,10.521212121212123,16.81174807938926,52.35,27.73938433099228,38.2605964522044,22.936011119211773,High Risk
31,46,25648.204755244755,3052.030523437723,44628.82,5035.850363672243,30684.055118916996,1132.4355336010246,Healthy
31,47,-20.261333333333333,100.7025471281399,224.0,166.15920276143083,145.8978694280975,,High Risk
31,49,8670.792657342658,1998.0719755881964,17845.37,3296.8187597205238,11967.61141706318,658.4372657035238,Healthy
31,51,17.722641509433963,21.330433219927396,86.32,35.1952148128802,52.917856322314165,29.767970630724864,High Risk
31,52,725.6053846153845,248.69607566340727,2330.99,410.348524844622,1135.9539094600066,190.47380195388874,Healthy
31,54,84.19015267175573,87.93971010767925,453.0,145.10052167767074,229.29067434942647,64.88071850394219,High Risk
31,55,7946.053216783217,4646.002367744725,39366.62,7665.903906778796,15611.957123562013,630.3194910830227,Healthy
31,56,1747.5075524475524,1585.7702949192214,6937.43,2616.520986616715,4364.0285390642675,295.5932638311936,High Risk
31,58,3305.775734265734,1846.9694161973273,10060.0,3047.4995367255897,6353.275270991324,406.5572367001806,Healthy
31,59,524.495034965035,748.0285264678628,6663.91,1234.2470686719735,1758.7421036370083,161.94058091859418,High Risk
31,60,252.9212121212121,104.5597583110325,720.0,172.52360121320362,425.4448133344157,112.45470468620069,Healthy
31,67,6633.951258741259,3364.0968504212087,19782.56,5550.759803194994,12184.711061936254,575.9319082470279,Healthy
31,71,5743.170909090909,1543.9720998979396,11320.78,2547.5539648316003,8290.724873922509,535.8717621358169,Healthy
31,72,45999.66146853147,29581.01987564366,274558.07,48808.68279481203,94808.3442633435,1516.5695082740433,High Risk
31,74,15344.295734265734,2352.09427269165,24997.18,3880.955549941222,19225.251284206955,875.9079784505258,Healthy
31,77,192.33333333333334,308.5275206309263,795.0,509.07040904102837,701.4037423743617,98.06460455570434,High Risk
31,78,0.8742857142857142,10.404676604205209,12.0,17.167716396938594,18.04200211122431,6.611677980232076,High Risk
31,79,36201.9386013986,5444.016493859171,49057.04,8982.62721486763,45184.56581626623,1345.3984280018801,Healthy
31,80,19019.9479020979,1456.0926640986982,22991.24,2402.5528957628517,21422.500797860754,975.1909531496358,Healthy
31,81,25303.36188811189,1948.593969941272,33907.26,3215.1800504030984,28518.541938514987,1124.7969125160305,Healthy
31,82,18063.452097902096,6330.815837974634,66464.26,10445.846132658146,28509.29823056024,950.3539366441877,Healthy
31,83,8511.813076923077,1237.0610068138108,10789.52,2041.1506612427877,10552.963738165865,652.3730940544328,Healthy
31,85,1305.1941958041957,367.52565445841765,2919.19,606.4173298563891,1911.611525660585,255.45980073234574,Healthy
31,87,8460.688251748252,1319.4559303013823,13224.92,2177.1022849972805,10637.790536745531,650.4109566938525,Healthy
31,90,86167.2658041958,7666.132662754413,108156.8,12649.11889354478,98816.38469774059,2075.6597240901,Healthy
31,91,70232.13356643356,5165.7854772138535,85453.37,8523.546037402857,78755.67960383643,1873.9281411840952,Healthy
31,92,127010.1186013986,13594.963448448847,180678.96,22431.689689940595,149441.8082913392,2520.0210177833696,Healthy
31,93,57876.20566433566,7113.186721041174,80245.57,11736.758089717936,69612.9637540536,1701.1203023939204,Healthy
31,94,68732.14181818182,6982.805942151175,86080.19,11521.629804549439,80253.77162273125,1853.808806460119,Healthy
31,95,106696.01923076923,7752.386295134662,125787.52,12791.437386972191,119487.45661774142,2309.7188057290573,Healthy
31,96,30335.294265734265,4141.348407796479,47779.6,6833.224872864189,37168.51913859845,1231.570019644321,Healthy
31,97,31144.97811188811,2799.485624737877,39308.45,4619.151280817497,35764.12939270561,1247.897794530628,Healthy
31,98,10101.886713286714,1973.1503632322665,20442.68,3255.6980993332395,13357.584812619954,710.699891419955,Healthy
31,99,218.74220338983054,643.5546730574075,4380.01,1061.8652105447222,1280.6074139345528,104.58063955384632,High Risk
32,1,22852.639510489513,9360.933722823607,55168.13,15445.54064265895,38298.18015314847,1068.9396500852963,Healthy
32,2,50323.49734265734,3742.762716871608,66859.7,6175.558482838153,56499.055825495496,1586.2455254886827,Healthy
32,3,15472.54013986014,10889.63566823441,63684.54,17967.898852586775,33440.438992446914,879.5606897724608,High Risk
32,4,28137.154965034966,1887.6110972098256,34197.17,3114.558310396212,31251.71327543118,1186.1103440455058,Healthy
32,5,20748.371888111888,13318.271076806157,99683.24,21975.147276730157,42723.519164842044,1018.5374781546305,High Risk
32,6,4589.748391608392,3078.835132454044,27450.02,5080.0779685491725,9669.826360157564,479.0484522263062,High Risk
32,7,25375.036993006994,20489.3278004977,149907.12,33807.390870821204,59182.4278638282,1126.3888536603822,High Risk
32,8,24681.34958041958,1909.7223034706017,38316.97,3151.0418007264925,27832.391381146073,1110.8858982906295,Healthy
32,9,20739.684685314685,8462.835835769654,41895.53,13963.679129019929,34703.36381433462,1018.3242284585663,Healthy
32,10,22887.25748251748,4551.479947173113,44511.83,7509.941912835636,30397.199395353116,1069.748977155797,Healthy
32,11,14865.003916083917,2813.8276704848095,24002.34,4642.815656299936,19507.81957238385,862.1195948383239,Healthy
32,12,3193.5365734265733,598.1666907734432,4633.13,986.9750397761812,4180.511613202754,399.595831649091,Healthy
32,13,30027.923986013986,1672.9315121115064,33787.17,2760.3369949839853,32788.26098099797,1225.3147347929425,Healthy
32,14,15590.275734265735,5683.000485382562,47481.43,9376.950800881226,24967.22653514696,882.9007796537993,Healthy
32,16,14786.892027972028,11718.15718185308,48701.05,19334.95935005758,34121.851378029605,859.8514996199061,High Risk
32,17,11409.636993006994,2173.6609735803436,24709.08,3586.540606407567,14996.177599414561,755.3024888416228,Healthy
32,18,7540.921694915254,12045.354715638561,51826.33,19874.835280803625,27415.75697571888,614.0407842690603,High Risk
32,19,1642.6246853146852,395.7131563816485,3177.13,652.92670802972,2295.5513933444054,286.5854746244726,Healthy
32,20,5057.866713286713,857.2441183330371,7355.87,1414.4527952495112,6472.319508536224,502.8850123679723,Healthy
32,21,5054.996643356643,1074.101335898431,11497.95,1772.2672042324111,6827.263847589054,502.742311893312,Healthy
32,22,8995.943916083916,2417.1453314051787,20910.62,3988.289796818545,12984.23371290246,670.6692148922565,Healthy
32,23,18601.974545454545,4450.256509105225,44748.01,7342.923240023621,25944.897785478166,964.4162624472522,Healthy
32,24,4089.416923076923,1532.1089645406028,11285.29,2527.9797914919945,6617.396714568918,452.1845266634476,Healthy
32,25,7758.946153846154,1685.042854592718,15015.66,2780.3207100779846,10539.266863924138,622.8541624588437,Healthy
32,26,5855.90048951049,1610.3765796057503,12132.42,2657.121356349488,8513.021845859977,541.1053728023078,Healthy
32,27,1261.8755244755246,562.8903178661312,4918.05,928.7690244791165,2190.6445489546413,251.1847452051502,Healthy
32,28,659.9951748251748,250.26931249326094,1404.9,412.9443656138805,1072.9395404390552,181.65835720180544,Healthy
32,29,3253.888881118881,1004.7855637651509,9751.2,1657.8961802124988,4911.785061331379,403.3539934796035,Healthy
32,30,2364.7805594405595,534.3872184229048,3599.4,881.7389103977928,3246.519469838352,343.8590233977116,Healthy
32,31,2156.6845454545455,1036.7274739027066,6908.17,1710.6003319394658,3867.2848773940113,328.381222472795,Healthy
32,32,5196.571118881119,2051.6413355567142,20464.87,3385.2082036685783,8581.779322549697,509.7338089081947,Healthy
32,33,3830.254825174825,1505.0251227910403,10994.11,2483.2914526052164,6313.546277780041,437.62168737248527,Healthy
32,34,11422.796993006992,2190.308445503765,18090.35,3614.0089350812123,15036.805928088204,755.7379503838282,Healthy
32,35,2141.6961538461537,504.86734878610855,3816.0,833.0311254970791,2974.727279343233,327.23815133982725,Healthy
32,36,1461.0634265734266,797.222233531383,4133.0,1315.416685326782,2776.4801119002086,270.28350176929285,Healthy
32,37,2951.560699300699,452.3743644787308,4638.06,746.4177013899058,3697.9784006906048,384.1588668312043,Healthy
32,38,61116.86783216783,7329.811461390575,79959.31,12094.188911294448,73211.05674346228,1748.097077283865,Healthy
32,40,58275.67286713287,3048.8095922085986,65893.29,5030.535827144187,63306.208694277055,1706.9808561775505,Healthy
32,41,2817.8293706293703,2261.1053867108853,13296.44,3730.8238880729605,6548.65325870233,375.3551232252845,High Risk
32,42,6578.8076223776225,854.2885077859542,9518.26,1409.5760378468242,7988.383660224446,573.5332432552459,Healthy
32,44,4266.812097902098,1146.4422125740243,9812.28,1891.62965074714,6158.4417486492375,461.8880869811484,Healthy
32,45,16.967848101265822,18.115243380806724,116.49,29.890151578331093,46.857999679596915,29.127176400456175,High Risk
32,46,26530.454825174824,3655.8900297705686,40997.98,6032.218549121438,32562.67337429626,1151.7476899298479,Healthy
32,47,-5.25,255.9467096617315,625.0,422.3120709418569,417.0620709418569,,High Risk
32,48,4.351111111111111,19.97472180309681,28.0,32.95829097510973,37.30940208622084,14.749764593225057,High Risk
32,49,4663.605594405594,1061.5262803740754,7765.74,1751.5183626172243,6415.123957022819,482.8874400108991,Healthy
32,51,26.955774647887324,29.776522998687206,147.68,49.13126294783389,76.08703759572121,36.71224226868152,High Risk
32,52,2512.9834265734266,470.1214245728451,4034.3,775.7003505451944,3288.683777118621,354.4702686103185,Healthy
32,54,80.42759398496241,94.9330228742666,452.57,156.63948774253987,237.06708172750228,63.41434931660279,High Risk
32,55,9195.223496503497,7101.388555787182,48110.42,11717.29111704885,20912.514613552346,678.0569111993291,High Risk
32,56,5524.586223776223,6849.755588378996,32118.56,11302.096720825344,16826.68294460157,525.575219344302,High Risk
32,58,2006.4406293706295,1246.1735947670657,5385.0,2056.1864313656583,4062.6270607362876,316.7365332078563,High Risk
32,59,656.2739160839161,548.910109222896,3934.33,905.7016802177784,1561.9755963016946,181.14551003046088,High Risk
32,60,800.0993006993007,286.21084503632795,2323.2,472.2478943099411,1272.3471950092417,200.01241220225566,Healthy
32,67,9503.097762237761,4356.761640484407,25389.65,7188.65670679927,16691.75446903703,689.3147960923862,Healthy
32,71,5067.614965034965,1108.859767475209,8831.94,1829.618616334095,6897.233581369061,503.36939542621013,Healthy
32,72,44351.62895104895,24155.13865846674,220379.93,39855.97878647012,84207.60773751908,1489.1546083440926,Healthy
32,74,14739.222167832168,2121.4185010669644,23736.64,3500.3405267604912,18239.56269459266,858.4643897050177,Healthy
32,77,447.5,491.4392129246505,795.0,810.8747013256733,1258.3747013256734,149.5827530165159,High Risk
32,78,2.1119999999999997,11.847592160434964,12.0,19.54852706471769,21.660527064717687,10.276186062932103,High Risk
32,79,15463.952797202797,1341.5715232656032,19075.79,2213.5930133882453,17677.545810591044,879.3165754494452,Healthy
32,80,16749.993776223775,1286.5434040420969,20858.2,2122.7966166694596,18872.790392893236,915.1500908655305,Healthy
32,81,17124.83811188811,992.9127895486218,20040.59,1638.306102755226,18763.144214643336,925.3334023985115,Healthy
32,82,18208.699930069928,8086.843135063299,80590.36,13343.291172854442,31551.99110292437,954.1671742957292,Healthy
32,83,3742.8377622377625,485.97193364217526,6409.54,801.8536905095891,4544.691452747352,432.5989922686923,Healthy
32,85,2272.82,1206.7870520069189,9620.17,1991.1986358114161,4264.018635811416,337.1068080000759,Healthy
32,87,6909.307202797203,1470.5887034657692,12527.16,2426.471360718519,9335.778563515722,587.7630135861392,Healthy
32,90,61639.63713286713,5090.097839395132,88403.24,8398.661435001966,70038.29856786909,1755.5574204916672,Healthy
32,91,48368.75615384615,2628.3027578297338,60681.17,4336.699550419061,52705.455704265216,1555.1327299276766,Healthy
32,92,100122.92902097902,10634.702980916569,143790.49,17547.259918512336,117670.18893949136,2237.4419436152866,Healthy
32,93,30732.226923076923,2737.6802038186643,42860.07,4517.172336300796,35249.39925937772,1239.6012851533537,Healthy
32,94,48650.04097902098,4290.5708041925145,59189.6,7079.4418269176485,55729.48280593863,1559.6480529116334,Healthy
32,95,84695.2341958042,5712.4253623503155,99396.37,9425.50184787802,94120.73604368222,2057.8536657863233,Healthy
32,96,2308.4118181818185,469.1287386608459,3786.74,774.0624187903957,3082.4742369722144,339.7360606545777,Healthy
32,97,17160.31,1212.9002816645618,21162.08,2001.285464746527,19161.59546474653,926.2912608893598,Healthy
32,98,7939.262377622378,1168.16080871645,13018.67,1927.4653343821424,9866.72771200452,630.0500923586305,Healthy
32,99,379.14725,851.4405649883191,3800.0,1404.8769322307264,1784.0241822307264,137.6857381866401,High Risk
33,1,2379.0865734265735,1099.0223090163552,6971.28,1813.386809876986,4192.47338330356,344.89756257667096,Healthy
33,2,7471.4251048951055,716.4074349826391,9166.0,1182.0722677213544,8653.49737261646,611.2047572170519,Healthy
33,3,283.95013986013987,264.7316212056609,2097.4,436.8071749893404,720.7573148494803,119.1532919939982,High Risk
33,4,6107.616013986014,662.6997275646648,8943.54,1093.454550481697,7201.070564467711,552.6127040697678,Healthy
33,5,112.72830985915493,83.37892224739625,384.76,137.5752217082038,250.30353156735873,75.07606471411343,High Risk
33,6,11.996538461538462,8.006888505434652,41.88,13.211366033967176,25.207904495505637,24.49136425511905,High Risk
33,7,392.9128671328671,443.94903099726645,3481.57,732.5159011454896,1125.4287682783568,140.16291719511034,High Risk
33,8,3679.792167832168,669.2682343090298,5002.91,1104.2925866098992,4784.084754442068,428.9400988385306,Healthy
33,9,42.788347826086955,41.27701970852918,173.56,68.10708251907315,110.8954303451601,46.25383650362797,High Risk
33,10,80.30118881118881,39.30989433003792,222.17,64.86132564456257,145.16251445575136,63.364496688283104,Healthy
33,11,170.11244755244755,72.33166287198476,435.39,119.34724373877485,289.4596912912224,92.22593115616876,Healthy
33,12,21.053969465648855,11.903231085549146,56.57,19.64033129115609,40.69430075680495,32.445315120714156,Healthy
33,13,6931.686503496504,651.6763921342828,8828.63,1075.2660470215665,8006.95255051807,588.7141285673592,Healthy
33,14,1018.8675524475524,370.7798222726402,3078.06,611.7867067498563,1630.6542591974087,225.70639694607155,Healthy
33,16,323.6283916083916,127.70041349404389,865.1,210.7056822651724,534.334073873564,127.2062088909955,Healthy
33,17,297.0311888111888,120.39637383693827,768.55,198.65401683094814,495.68520564213696,121.86697436368658,Healthy
33,18,308.9543209876543,402.3363707146617,2494.1,663.8550116791918,972.8093326668461,124.28884121023381,High Risk
33,20,52.82601449275362,38.500056811785846,195.0,63.525093739446646,116.35110823220026,51.393586415404805,High Risk
33,21,200.8453146853147,69.3387763271109,375.86,114.40898093973298,315.2542956250477,100.21110584294405,Healthy
33,22,35.14811594202898,25.196196332649464,128.04,41.57372394887161,76.72183989090058,41.9214240824599,High Risk
33,23,5.342857142857143,4.436693749693732,15.92,7.3205446869946575,12.6634018298518,16.344505411386947,High Risk
33,24,23.9675,31.464842250138283,146.0,51.91698971272816,75.88448971272817,34.61755335086522,High Risk
33,25,34.63395833333333,39.06231101792883,211.5,64.45281317958256,99.0867715129159,41.61367463546888,High Risk
33,26,134.93986013986014,203.68925965789234,2424.79,336.08727843552236,471.02713857538254,82.1400816105816,High Risk
33,27,1.0,,1.0,,,7.0710678118654755,Healthy
33,31,40.06969696969697,40.218356232326336,165.16,66.36028778333845,106.42998475303543,44.76030438329088,High Risk
33,32,28.796969696969697,24.825345980072523,101.0,40.96182086711966,69.75879056408937,37.945335482091664,High Risk
33,33,20.191499999999998,26.982391582777016,119.73,44.52094611158207,64.71244611158207,31.773809969847807,High Risk
33,34,4.351999999999999,2.0862214647539217,8.0,3.4422654168439704,7.79426541684397,14.751271131668618,Healthy
33,35,19.0,6.519202405202649,30.0,10.75668396858437,29.75668396858437,30.822070014844883,Healthy
33,36,45.0,22.079402165819616,75.0,36.431013573602364,81.43101357360237,47.43416490252569,Healthy
33,38,13539.82,5199.159891430727,27815.26,8578.613820860699,22118.4338208607,822.7946280816374,Healthy
33,40,6243.193916083916,1047.776735797719,8877.02,1728.8316140662364,7972.025530150152,558.7125341391544,Healthy
33,41,43.04032258064516,43.259728213895855,208.0,71.37855155292816,114.41887413357333,46.38982786163641,High Risk
33,42,55.75223076923077,27.984360894524904,146.4,46.17419547596609,101.92642624519686,52.797836494136185,Healthy
33,44,3.2504545454545455,2.7622549057793644,10.0,4.557720594535951,7.808175139990496,12.748440189792918,High Risk
33,46,1953.485804195804,304.5416002143952,2892.96,502.4936403537521,2455.979444549556,312.52886300274764,Healthy
33,49,8.0,4.47213595499958,15.0,7.379024325749306,15.379024325749306,20.0,Healthy
33,52,17.41197674418605,16.989416693221795,89.03,28.03253754381596,45.44451428800201,29.505911902689984,High Risk
33,55,32.76229508196721,25.409430044472355,128.88,41.92555957337938,74.6878546553466,40.473630354816954,High Risk
33,56,123.40307692307692,131.66084905193694,350.47,217.24040093569593,340.6434778587728,78.55032683670925,High Risk
33,59,24.498620689655173,45.16477149418441,381.53,74.52187296540427,99.02049365505944,34.99901476445814,High Risk
33,60,107.26573426573427,40.29284895295676,272.8,66.48320077237865,173.7489350381129,73.23446397214029,Healthy
33,67,645.4054545454545,208.07399236379214,1541.08,343.32208740025703,988.7275419457116,179.6392850332931,Healthy
33,71,5.0,,5.0,,,15.811388300841896,Healthy
33,72,10.453333333333333,8.95573708114897,22.0,14.776966183895798,25.23029951722913,22.861904265976328,High Risk
33,74,363.3018181818182,102.34908286285773,721.96,168.87598672371524,532.1778049055334,134.77793183266652,Healthy
33,79,10952.508111888112,1189.2930536619901,14091.55,1962.3335385422836,12914.841650430395,740.0171657430695,Healthy
33,80,8293.086923076922,1291.2381329835105,11668.32,2130.5429194227922,10423.629842499715,643.9366010360384,Healthy
33,81,8913.666083916083,765.154751998368,10814.79,1262.5053407973073,10176.17142471339,667.5951648984616,Healthy
33,82,3134.103006993007,504.20145949310677,4688.79,831.9324081636262,3966.0354151566335,395.8600135775908,Healthy
33,83,2565.923076923077,1746.8247865811877,12996.05,2882.2608978589597,5448.183974782037,358.1845248557702,High Risk
33,87,332.94415492957745,188.97263895253468,1034.9,311.8048542716822,644.7490092012597,129.02405878935474,Healthy
33,90,24899.923146853147,2182.47718620844,30293.31,3601.0873572439255,28501.010504097074,1115.7939582838121,Healthy
33,91,9862.862867132866,1789.4045710666985,14675.67,2952.5175422600523,12815.380409392917,702.2415135525978,Healthy
33,92,34227.662867132865,4924.695794710887,47713.57,8125.748061272962,42353.41092840583,1308.1984342433082,Healthy
33,93,25648.054265734263,6953.924566610201,49129.77,11473.975534906831,37122.029800641096,1132.4322113427863,Healthy
33,94,29002.624475524473,6678.914658696337,49090.64,11020.209186848955,40022.83366237343,1204.213944353836,Healthy
33,95,27022.94916083916,3430.8067983434867,37234.29,5660.831217266753,32683.780378105916,1162.3886863015994,Healthy
33,96,9371.822167832168,1522.9557344469017,15135.06,2512.8769618373876,11884.699129669556,684.5371490223218,Healthy
33,97,5375.769510489511,706.4924111972726,6975.38,1165.7124784755,6541.481988965011,518.4481415961249,Healthy
33,98,7340.692167832168,1250.8849924658361,12605.86,2063.9602375686295,9404.652405400797,605.8338125192489,Healthy
33,99,0.022,0.010954451150103323,0.04,0.018074844397670483,0.04007484439767048,1.0488088481701514,Healthy
34,1,19947.57307692308,7031.488449119757,50097.48,11601.9559410476,31549.52901797068,998.6884668634929,Healthy
34,2,34916.22587412587,2351.3139326196847,49678.31,3879.6679888224794,38795.89386294835,1321.2915248749207,Healthy
34,3,8377.376433566435,6257.550885672963,39778.11,10324.958961360388,18702.33539492682,647.2007584036979,High Risk
34,4,19791.50902097902,1729.905731642465,27660.5,2854.344457210067,22645.85347818909,994.7740703541439,Healthy
34,5,21633.900559440557,11081.596579101966,87986.29,18284.634355518243,39918.5349149588,1040.0456855215677,Healthy
34,6,3419.062027972028,2496.546713975961,21840.49,4119.302078060336,7538.364106032363,413.46475230495935,High Risk
34,7,18055.491608391607,13213.594840276373,110418.82,21802.431486456015,39857.92309484762,950.1445050199366,High Risk
34,8,27165.013146853147,1685.7033426108292,35619.96,2781.410515307868,29946.423662161014,1165.4401131515328,Healthy
34,9,17224.253496503497,4859.506713244459,36646.13,8018.186076853357,25242.439573356853,928.0154496694411,Healthy
34,10,16957.163566433566,2222.9236352356565,23938.55,3667.8239981388333,20624.9875645724,920.7921471872348,Healthy
34,11,15681.386993006992,3928.957509684969,32035.15,6482.779890980199,22164.166883987193,885.476905204393,Healthy
34,12,5312.239300699301,807.052252461842,8060.51,1331.6362165620394,6643.87551726134,515.3755572734946,Healthy
34,13,23518.43986013986,1467.7447992667612,27234.94,2421.778918790156,25940.218778930015,1084.3993697005699,Healthy
34,14,10049.68846153846,3944.252353882301,34418.54,6508.016383905797,16557.704845444256,708.861356738342,Healthy
34,16,16687.234965034964,10835.174911410671,43868.0,17878.03860382761,34565.27356886257,913.4340415441874,High Risk
34,17,6743.74986013986,1364.7695946336873,14226.1,2251.869831145584,8995.619691285445,580.6784764454362,Healthy
34,18,5104.287723577236,7711.50484844813,34698.1,12723.982999939415,17828.270723516653,505.1874762688222,High Risk
34,19,29.99074074074074,38.56937557109843,209.0,63.63946969231241,93.63021043305315,38.72385617467657,High Risk
34,20,2977.826013986014,530.2212810679899,4817.81,874.8651137621833,3852.6911277481972,385.8643553106463,Healthy
34,21,4441.242587412587,662.4119559978453,8396.64,1092.9797273964448,5534.2223148090325,471.23468608606197,Healthy
34,22,6152.8216783216785,1832.624024757092,15718.31,3023.8296408492015,9176.65131917088,554.6540218154772,Healthy
34,23,13611.645524475525,3898.1482727497437,37944.75,6431.944650037077,20043.590174512603,824.974106395938,Healthy
34,24,3032.286713286713,1300.513722973866,7661.74,2145.8476429068787,5178.134356193592,389.37685558381054,Healthy
34,25,5790.009160839161,1043.3936778119187,11964.3,1721.5995683896658,7511.608729228827,538.0524677407939,Healthy
34,26,4476.318181818182,1188.4180446093071,10353.51,1960.8897736053566,6437.207955423539,473.09186115479633,Healthy
34,27,731.1102097902098,342.32638787753365,2552.57,564.8385399979305,1295.9487497881403,191.19495414238966,Healthy
34,28,273.55545454545455,112.10325276862407,709.2,184.9703670682297,458.52582161368423,116.9520103601162,Healthy
34,29,2146.3405594405594,905.2884771155967,8507.47,1493.7259872407344,3640.066546681294,327.59277765547273,Healthy
34,30,1903.1337762237763,408.7003485884787,3246.5,674.3555751709898,2577.4893513947663,308.4747782415749,Healthy
34,31,959.7367832167831,588.8399184330863,3690.72,971.5858654145923,1931.3226486313754,219.05898557429492,High Risk
34,32,5010.56972027972,3170.1585656363277,28438.1,5230.7616332999405,10241.33135357966,500.5282070113392,High Risk
34,33,3464.044825174825,1270.6624573109539,9039.55,2096.5930545630736,5560.637879737898,416.17573362552173,Healthy
34,34,8064.623916083916,1728.7900529756794,15681.5,2852.5035874098708,10917.127503493786,635.0048785672404,Healthy
34,35,1693.4543356643358,498.3694340342927,3864.0,822.3095661565828,2515.7639018209184,290.9857673207004,Healthy
34,36,883.7164335664336,655.7564769440652,3342.5,1081.9981869577075,1965.714620524141,210.20423801227625,High Risk
34,37,2221.7174125874126,333.10085644498844,3156.51,549.6164131342309,2771.3338257216437,333.2954704603269,Healthy
34,38,48819.291818181824,5102.260237449818,60952.36,8418.7293917922,57238.021209974024,1562.3586626985148,Healthy
34,40,38458.90993006993,3236.735507351501,49521.71,5340.613587129977,43799.52351719991,1386.7031032284801,Healthy
34,41,407.49267605633804,488.7248458694247,2526.5,806.3959956845507,1213.8886717408886,142.73974149765334,High Risk
34,42,4210.795594405595,556.4947802757147,5553.26,918.2163874549292,5129.0119818605235,458.8461394849909,Healthy
34,44,3303.2736363636363,835.2747579086537,6510.8,1378.2033505492784,4681.476986912915,406.4033486798329,Healthy
34,45,15.973400000000002,18.139207463055136,77.62,29.929692314040974,45.903092314040975,28.26075016697186,High Risk
34,46,17203.738181818182,3138.4214912370576,40886.38,5178.3954605411445,22382.133642359327,927.4626187027211,Healthy
34,47,-78.91916666666667,278.526803425658,498.0,459.56922565233566,380.650058985669,,High Risk
34,48,1219.9942063492063,1358.2209049979183,8501.0,2241.0644932465652,3461.0586995957715,246.98119425871337,High Risk
34,49,3965.9407692307695,1213.8427581962424,7267.57,2002.8405510238,5968.781320254569,445.30555628864374,Healthy
34,51,27.203382352941176,30.732287295591732,143.06,50.708274037726355,77.91165639066753,36.880470680931644,High Risk
34,52,1243.2427972027972,316.28410360994417,2272.73,521.8687709564078,1765.111568159205,249.32336404785624,Healthy
34,54,58.33669642857143,66.2694570495092,311.0,109.34460413169018,167.6813005602616,54.00772927487853,High Risk
34,55,10208.866923076923,5455.802036726038,38354.66,9002.073360597962,19210.940283674885,714.453179819256,Healthy
34,56,3916.4426573426576,4745.794361234215,16744.05,7830.560696036455,11747.003353379112,442.51794637859933,High Risk
34,58,1879.2317391304348,1047.3533577728708,4172.44,1728.1330403252368,3607.364779455672,306.53154316729257,Healthy
34,59,501.387062937063,689.0664887232972,6667.96,1136.9597063934402,1638.3467693305033,158.3330450248878,High Risk
34,60,68.41037735849056,33.15533406556329,176.0,54.706301208179426,123.11667856666999,58.48520212775646,Healthy
34,65,45441.70622377622,7086.889697222595,61588.84,11693.36800041728,57135.0742241935,1507.3437932962775,Healthy
34,67,6732.085734265735,2605.5716840451482,18489.56,4299.193278674495,11031.27901294023,580.1760825071012,Healthy
34,71,2360.7175524475524,742.2016488203009,5319.73,1224.6327205534965,3585.3502730010487,343.56349867583083,Healthy
34,72,36636.553076923075,18463.80272110627,161262.15,30465.27448982534,67101.82756674841,1353.4502775669869,Healthy
34,74,7516.448181818182,1080.7560191441864,12471.93,1783.2474315879076,9299.69561340609,613.0435621478372,Healthy
34,77,477.0,449.7199128346442,795.0,742.0378561771629,1219.037856177163,154.434452114805,High Risk
34,78,3.0,,3.0,,,12.24744871391589,Healthy
34,79,14997.882307692307,1148.4672703404428,18435.27,1894.9709960617306,16892.853303754036,865.9642691154269,Healthy
34,80,11687.922447552446,1194.5851390331704,16709.81,1971.0654794047311,13658.987926957177,764.4580579584614,Healthy
34,81,15840.57958041958,1178.0013510548888,20095.47,1943.7022292405663,17784.281809660148,889.9600996791817,Healthy
34,82,15730.6986013986,5388.036336899962,56136.52,8890.259955884938,24620.95855728354,886.868045466703,Healthy
34,83,2838.023986013986,557.0474078936567,4672.08,919.1282230245334,3757.1522090385192,376.69775590080076,Healthy
34,85,1882.8304895104895,613.3570748817568,4316.2,1012.0391735548988,2894.8696630653885,306.8249084991707,Healthy
34,87,6067.450629370629,1671.719301208398,10011.51,2758.336846993857,8825.787476364487,550.7926392650246,Healthy
34,90,44338.936783216785,4291.883005359512,68026.42,7081.606958843195,51420.54374205998,1488.9415163668582,Healthy
34,91,34018.102237762236,2550.6375524906007,39153.44,4208.551961609491,38226.654199371726,1304.1875294174959,Healthy
34,92,67782.5209090909,8344.421990435481,110194.79,13768.296284218544,81550.81719330946,1840.9579151774615,Healthy
34,93,29590.11132867133,3693.316188419259,44754.1,6093.971710891778,35684.083039563106,1216.3492781407676,Healthy
34,94,37428.096923076926,4672.56693279202,54938.67,7709.735439106833,45137.83236218376,1367.9929993073233,Healthy
34,95,69245.18797202798,5249.23965461177,81871.02,8661.24543010942,77906.43340213741,1860.7147547653292,Healthy
34,96,19154.212307692305,2990.630938373119,31954.53,4934.541048315647,24088.753356007954,978.6269030558149,Healthy
34,97,17570.57748251748,1327.9762157251305,21132.15,2191.160755946465,19761.738238463946,937.2987112579821,Healthy
34,98,7775.998181818181,1574.1274206561104,15853.81,2597.310244082582,10373.308425900763,623.5382178270303,Healthy
34,99,347.1443243243243,787.5458031002265,3550.0,1299.4505751153738,1646.594899439698,131.74678825768854,High Risk
35,1,17082.647902097902,7377.740537593124,57393.62,12173.271887028654,29255.919789126558,924.1928343721862,Healthy
35,2,45578.45622377622,7607.922732167667,63873.14,12553.07250807665,58131.52873185287,1509.6101520554275,Healthy
35,3,14308.382797202798,13572.95004799046,58234.2,22395.367579184258,36703.750376387055,845.8245325480575,High Risk
35,4,19495.63111888112,3682.577349444595,29699.35,6076.252626583581,25571.8837454647,987.3102632627982,Healthy
35,5,24858.433706293705,17561.889864754983,123206.75,28977.118276845722,53835.55198313943,1114.8639761489674,High Risk
35,6,7256.417132867133,5578.837269930127,41155.98,9205.08149538471,16461.498628251844,602.3461269431028,High Risk
35,7,30267.58979020979,24872.62848359191,186819.15,41039.83699792665,71307.42678813644,1230.1948989938503,High Risk
35,8,18416.40167832168,3438.553496094984,27580.08,5673.613268556724,24090.014946878404,959.5937077305603,Healthy
35,9,15657.032937062937,6651.084864194568,36990.05,10974.290025921036,26631.322962983973,884.7890408753642,Healthy
35,10,14818.443706293707,2486.229248723457,22870.76,4102.278260393704,18920.72196668741,860.7683691415974,Healthy
35,11,17897.42188811189,12989.206408616978,76321.27,21432.190574218013,39329.612462329904,945.9762652443213,High Risk
35,12,2124.073146853147,587.6025948410806,3935.75,969.544281487783,3093.61742834093,325.8890261157276,Healthy
35,13,33504.49811188811,6566.324562043184,49123.93,10834.435527371254,44338.93363925937,1294.304796249479,Healthy
35,14,28741.281678321677,8280.233898277713,75655.88,13662.385932158226,42403.667610479904,1198.7760774707192,Healthy
35,16,7441.906363636364,8451.212464875078,34483.0,13944.500567043877,21386.40693068024,609.9961624320421,High Risk
35,17,17153.866503496505,3759.368011235258,31873.75,6202.957218538176,23356.823722034682,926.1173387723746,Healthy
35,18,6476.6137499999995,11615.814391085049,59542.63,19166.09374529033,25642.70749529033,569.0612335241261,High Risk
35,19,-9.788,8.61445271364093,-1.0,14.213846977507533,4.425846977507533,,High Risk
35,20,11896.808601398601,2670.3792016460775,19974.98,4406.125682716028,16302.934284114628,771.2589902684635,Healthy
35,21,3823.951888111888,865.7766981928619,7593.06,1428.531552018222,5252.4834401301105,437.26147143968035,Healthy
35,22,21541.95293706294,4616.984209164049,36932.82,7618.023945120681,29159.97688218362,1037.8331498141438,Healthy
35,23,40062.517342657346,10402.15560874419,90046.41,17163.55675442791,57226.07409708526,1415.3182918103148,Healthy
35,24,11090.52055944056,3841.4601384040902,24751.91,6338.409228366749,17428.92978780731,744.6650441453714,Healthy
35,25,14760.109650349652,2839.60011640362,26272.25,4685.340192065973,19445.449842415626,859.072454754244,Healthy
35,26,13033.82020979021,3382.7567822839374,24751.94,5581.548690768496,18615.368900558708,807.2738138262076,Healthy
35,27,1618.0561538461538,526.1495169651954,4664.56,868.1467029925724,2486.2028568387263,284.434188683969,Healthy
35,28,740.8525874125874,276.5700747886696,1521.31,456.34062340130487,1197.1932108138922,192.46461849033284,Healthy
35,29,8768.50062937063,2437.09672460908,20761.27,4021.2095956049816,12789.710224975612,662.1367165990205,Healthy
35,30,6063.604825174825,1761.639079514594,10822.18,2906.70448119908,8970.309306373905,550.6180538801295,Healthy
35,31,4629.956783216783,2279.416291288714,15266.94,3761.036880626378,8390.99366384316,481.1422234234272,Healthy
35,32,7872.417272727273,4000.0029957700376,34671.48,6600.004943020562,14472.422215747834,627.3921131448527,Healthy
35,33,10770.603986013984,3493.531214702423,22051.86,5764.326504258997,16534.930490272982,733.8461686898005,Healthy
35,34,25881.45321678322,7458.300819874571,45980.96,12306.196352793042,38187.64956957626,1137.5731452698594,Healthy
35,35,3282.671048951049,1082.97946307288,6913.0,1786.916114070252,5069.587163021301,405.13399320169674,Healthy
35,36,3780.4962937062937,2524.445406450185,15895.07,4165.334920642806,7945.831214349099,434.76984104847327,High Risk
35,38,35790.490559440565,4020.091672542575,45447.03,6633.151259695248,42423.64181913581,1337.731111984777,Healthy
35,40,36092.428181818184,6256.032031582435,53157.51,10322.452852111017,46414.8810339292,1343.3619799186329,Healthy
35,41,2074.757762237762,1151.1440823637824,7182.89,1899.3877359002408,3974.145498138003,322.08366632272447,Healthy
35,42,8072.815594405593,1642.8808036373257,13030.68,2710.753326001587,10783.56892040718,635.3273012552504,Healthy
35,44,1809.1567832167832,488.96281306167356,3114.18,806.7886415517613,2615.9454247685444,300.76209728095586,Healthy
35,45,4.365,0.26999999999999974,4.5,0.44549999999999956,4.810499999999999,14.773286702694158,Healthy
35,46,16286.060069930068,4544.707547853458,41673.0,7498.767453958205,23784.827523888274,902.3873910336422,Healthy
35,47,-99.08833333333332,667.6358721531627,429.0,1101.5991890527184,1002.5108557193851,,High Risk
35,49,0.5175438596491221,47.87625586867155,62.37,78.99582218330805,79.51336604295717,5.08696304119227,High Risk
35,51,22.831294117647058,25.09999538931067,108.44,41.414992392362606,64.24628651000967,33.78704938112165,High Risk
35,52,1616.18006993007,542.3752956125862,4103.81,894.9192377607673,2511.099307690837,284.26924472496756,Healthy
35,54,198.64948529411765,245.4505071973509,1132.0,404.993336875629,603.6428221697466,99.66179942538606,High Risk
35,55,11675.244965034964,8515.514233559188,64971.88,14050.59848537266,25725.843450407625,764.0433549555603,High Risk
35,56,834.1141911764706,890.695361718859,4309.74,1469.6473468361173,2303.761538012588,204.2197580030481,High Risk
35,58,2744.160714285714,1968.6559334776487,8845.0,3248.28229023812,5992.443004523834,370.41603058491637,High Risk
35,59,830.7785294117647,2864.7694966498775,26132.28,4726.869669472298,5557.648198884062,203.81100674543617,High Risk
35,60,93.41678321678322,52.4432745000125,290.4,86.53140292502061,179.94818614180383,68.34353781330874,Healthy
35,67,5412.058741258741,2199.9394505527657,16237.37,3629.900093412063,9041.958834670804,520.1950951930795,Healthy
35,71,12648.171538461538,3696.140466837453,26104.93,6098.631770281797,18746.803308743336,795.2412067562124,Healthy
35,72,88331.80888111888,71265.92707492769,649770.18,117588.77967363068,205920.58855474956,2101.5685675361497,High Risk
35,74,21901.52048951049,4302.350568736365,32854.03,7098.878438415002,29000.398927925493,1046.458802091857,Healthy
35,77,99.096,153.2531653180449,318.0,252.86772277477405,351.96372277477406,70.39034024637188,High Risk
35,78,12.6,11.058933040759403,31.0,18.247239517253014,30.847239517253016,25.099800796022265,High Risk
35,79,25282.46146853147,4979.645398545595,38191.0,8216.41490760023,33498.8763761317,1124.3322789222827,Healthy
35,80,51.006940298507466,105.73564109293872,432.64,174.46380780334889,225.47074810185634,50.50096053468066,High Risk
35,81,7423.777482517482,1820.053896624763,12550.7,3003.0889294308586,10426.86641194834,609.2527177829197,Healthy
35,82,11032.78783216783,3771.0029436714935,39239.89,6222.154857057964,17254.942689225794,742.7243039031317,Healthy
35,83,2497.1968531468533,1562.80564785027,6753.69,2578.629318952945,5075.826172099798,353.35512258539944,High Risk
35,85,2012.5662937062937,891.7903655431601,6435.28,1471.454103146214,3484.0203968525075,317.21966314419205,Healthy
35,87,11760.22839160839,2442.4981173941887,18675.02,4030.1218937004114,15790.350285308803,766.8190266160716,Healthy
35,90,12960.45020979021,2326.8129412544927,20465.91,3839.2413530699127,16799.691562860124,804.9984537187078,Healthy
35,91,7919.08013986014,2124.0337628264624,15234.76,3504.6557086636626,11423.735848523802,629.248763997997,Healthy
35,92,33776.032027972025,6296.916518112751,58637.68,10389.912254886038,44165.944282858065,1299.5389957206369,Healthy
35,93,1528.4514685314684,593.7928574563169,3876.56,979.7582148029229,2508.2096833343912,276.44633010147453,Healthy
35,94,200.2704347826087,483.1657205767689,2848.5,797.2234389516686,997.4938737342774,100.06758585641225,High Risk
35,95,43286.536993006994,9568.171075452989,72780.45,15787.48227449743,59074.01926750442,1471.1651333723041,Healthy
35,96,10.788333333333334,11.818742306056498,39.36,19.500924804993222,30.289258138326556,23.225345350858976,High Risk
35,97,3738.2925174825173,1006.2660563537223,6918.2,1660.3389929836417,5398.631510466159,432.3362416847862,Healthy
35,98,68.28483050847457,100.67638755691173,498.13,166.11603946890435,234.40086997737893,58.43151140800423,High Risk
36,1,2239.227412587413,890.9382516515578,6963.81,1470.0481152250704,3709.2755278124832,334.60629197516687,Healthy
36,2,13416.025664335664,1467.5116462966407,16691.29,2421.394216389457,15837.419880725121,819.024592559212,Healthy
36,3,381.32426573426574,296.17335153562414,1887.75,488.6860300337798,870.0102957680456,138.08045946734566,High Risk
36,4,9873.505104895105,1621.784939038269,13935.95,2675.9451494131436,12549.450254308249,702.620278133755,Healthy
36,5,314.75398230088496,334.0213938655614,1491.84,551.1352998781763,865.8892821790612,125.44998650874479,High Risk
36,6,26.29157894736842,17.12550705272301,65.9,28.257086636992963,54.54866558436139,36.2571227122123,High Risk
36,7,414.42832167832165,128.90413916684943,907.61,212.69182962530155,627.1201513036232,143.94935249564716,Healthy
36,8,3417.64041958042,311.9571967024814,4071.15,514.7293745590943,3932.369794139514,413.3787863195461,Healthy
36,9,102.21173913043478,79.59763617629781,326.56,131.3360996908914,233.54783882132617,71.48836937937345,High Risk
36,10,175.0523076923077,74.38783446550943,351.86,122.73992686809055,297.79223456039824,93.55541344366655,Healthy
36,11,281.67478873239435,117.49435171405827,670.76,193.86568032819613,475.54046906059045,118.67493179530257,Healthy
36,12,35.497984496124026,15.752622518758827,85.19,25.991827155952063,61.489811652076085,42.12955286738991,Healthy
36,13,12176.395314685315,1309.4470244928725,15053.72,2160.5875904132395,14336.982905098554,780.2690342018359,Healthy
36,14,1799.510979020979,585.238762544784,3981.46,965.6439581988935,2765.1549372198724,299.9592454835306,Healthy
36,16,624.4677622377623,219.93501436938448,1323.24,362.89277370948435,987.3605359472466,176.70140947906475,Healthy
36,17,476.2758041958042,214.04886142336161,1437.05,353.18062134854665,829.4564255443509,154.31717405975982,Healthy
36,18,272.56224719101124,401.4583183638484,2441.72,662.4062253003498,934.968472491361,116.73950642156477,High Risk
36,20,64.1663120567376,49.079273548171145,291.75,80.98080135448238,145.14711341121998,56.64199504640422,High Risk
36,21,240.62895104895105,59.0804687074736,427.82,97.48277336733143,338.11172441628247,109.68795536633706,Healthy
36,22,39.17052631578948,132.0906403225403,169.62,217.9495565321915,257.120082847981,44.255240546058204,High Risk
36,23,10.945555555555556,12.181542074805696,36.27,20.099544423429396,31.04509997898495,23.393968833393316,High Risk
36,24,14.606,18.98542019550792,38.0,31.325943322588067,45.93194332258807,27.024063351021066,High Risk
36,25,19.733125,27.092162193308937,128.75,44.702067618959745,64.43519261895975,31.411084826856904,High Risk
36,26,180.60251748251747,151.23016775794613,1803.4,249.5297768006111,430.13229428312854,95.02697445528756,High Risk
36,29,4.0,,4.0,,,14.142135623730951,Healthy
36,31,74.10279069767442,87.09614584238504,464.5,143.7086406399353,217.81143133760975,60.86985735882516,High Risk
36,32,15.09375,21.806702906828136,92.0,35.98105979626642,51.07480979626642,27.471576219794887,High Risk
36,33,-3.1566666666666667,9.556078344872091,7.0,15.767529269038949,12.610862602372283,,High Risk
36,34,8.424,17.086219008311932,38.0,28.192261363714685,36.616261363714685,20.523157651784484,High Risk
36,36,-30.0,,-30.0,,,,Healthy
36,38,18169.855524475523,2723.3454370654968,27842.48,4493.519971158069,22663.37549563359,953.1488741134704,Healthy
36,40,10541.56986013986,1043.9301312490022,13605.53,1722.4847165608535,12264.054576700713,726.0017169449346,Healthy
36,41,60.63636363636363,50.36322612238562,150.0,83.09932310193626,143.7356867382999,55.06194858355615,High Risk
36,42,92.58469230769231,30.00445618553788,202.24,49.507352706137496,142.09204501382982,68.03847893203239,Healthy
36,44,4.3237499999999995,15.54332305739885,36.0,25.6464830447081,29.9702330447081,14.703315952532611,High Risk
36,46,2464.3211188811188,442.08506183303916,3622.99,729.4403520245146,3193.7614709056334,351.0214465585485,Healthy
36,49,5.0,0.0,5.0,0.0,5.0,15.811388300841896,Healthy
36,52,5.280571428571428,5.76028591143813,28.11,9.504471753872913,14.78504318244434,16.24895601042022,High Risk
36,55,128.96190476190478,110.72140350060081,426.37,182.69031577599134,311.65222053789614,80.30003261577941,High Risk
36,56,202.8576923076923,191.41606620778086,569.08,315.8365092428384,518.6942015505307,100.7118891461411,High Risk
36,59,28.774666666666665,30.263976906517062,193.0,49.935561895753146,78.71022856241981,37.930638451433076,High Risk
36,60,162.31748251748252,98.25193637821272,686.4,162.11569502405098,324.4331775415335,90.08814642267942,Healthy
36,67,675.9437062937063,247.71305873927906,1634.24,408.72654691981046,1084.6702532135168,183.84010801423426,Healthy
36,71,-29.0,,-29.0,,,,Healthy
36,72,-27.64636363636364,59.28615053665185,9.88,97.82214838547556,70.17578474911193,,High Risk
36,74,602.5002797202797,158.53806415887985,1227.5,261.58780586215175,864.0880855824314,173.56558986738696,Healthy
36,79,17498.48909090909,4047.202745027087,30021.95,6677.8845292946935,24176.373620203784,935.3739650778476,Healthy
36,80,20561.60195804196,3306.8140912763342,26372.02,5456.243250605951,26017.845208647912,1013.9428474534933,Healthy
36,81,12266.726013986014,1836.866246207913,17577.08,3030.829306243056,15297.55532022907,783.1579027880015,Healthy
36,82,4846.001818181819,1078.8290724243293,10280.71,1780.0679695001431,6626.069787681961,492.23987131183407,Healthy
36,83,3425.058321678322,1905.3248321421327,13176.7,3143.7859730345185,6568.844294712841,413.8271572576117,Healthy
36,85,59.42,74.86846599203164,112.36,123.5329688868522,182.9529688868522,54.506880299646575,High Risk
36,87,280.25235294117647,147.63256442082007,675.0,243.59373129435312,523.8460842355296,118.37490294424246,Healthy
36,90,35474.191958041956,6001.216031732354,47158.21,9902.006452358384,45376.19841040034,1331.8068921214133,Healthy
36,91,11097.875874125873,2034.5710886272636,16054.39,3357.042296234985,14454.91817036086,744.9119368799869,Healthy
36,92,44539.56447552447,9621.60765852016,64863.57,15875.652636558265,60415.21711208274,1492.306343810219,Healthy
36,93,26103.315664335667,9301.813066226572,44921.08,15347.991559273843,41451.30722360951,1142.438524917986,Healthy
36,94,47372.15111888112,13582.415214108154,78974.83,22410.985103278454,69783.13622215958,1539.028120582615,Healthy
36,95,39735.688741258746,6220.9070824963555,55802.29,10264.496686118986,50000.18542737773,1409.533411119771,Healthy
36,96,15683.341818181818,2665.7408665474586,23999.42,4398.472429803306,20081.814247985123,885.5320947933457,Healthy
36,97,6469.273636363637,1165.1962769987535,9028.0,1922.5738570479432,8391.84749341158,568.7386762109483,Healthy
36,98,9009.943776223776,2286.399644227815,14904.75,3772.5594129758942,12782.50318919967,671.1908736054065,Healthy
36,99,0.02,,0.02,,,1.0,Healthy
37,1,11024.235874125874,3112.0094911857263,29354.03,5134.815660456448,16159.051534582322,742.4363903435052,Healthy
37,2,16511.446223776224,1037.5888386623212,19343.92,1712.02158379283,18223.467807569054,908.6100985509743,Healthy
37,3,1297.8620279720278,515.0936966790939,4194.08,849.9045995205049,2147.7666274925327,254.7412440077213,Healthy
37,4,17614.013636363637,1002.6614303629058,21848.26,1654.3913600987944,19268.404996462432,938.4565423173211,Healthy
37,5,1137.6311888111888,436.5398138167564,2785.24,720.290692797648,1857.9218816088369,238.49855228189426,Healthy
37,6,46.31362962962963,31.920965122305027,164.52,52.66959245180329,98.98322208143293,48.12152825380218,High Risk
37,7,824.9783916083917,301.6375249908508,1844.05,497.7019162349038,1322.6803078432954,203.09830028934164,Healthy
37,8,16151.397902097902,874.9837322196836,18851.62,1443.7231581624778,17595.12106026038,898.6489276157264,Healthy
37,9,151.2338028169014,95.35428782552265,445.05,157.33457491211237,308.5683777290138,86.95797916721082,High Risk
37,10,387.6446853146853,74.30548494345467,649.24,122.6040501567002,510.24873547138554,139.22009289515026,Healthy
37,11,1747.1831468531468,441.51353286234723,3958.62,728.4973292228728,2475.6804760760197,295.56582573541436,Healthy
37,12,182.04825174825177,61.83694161527184,366.15,102.03095366519852,284.07920541345027,95.40656469767994,Healthy
37,13,16734.08811188811,767.9727196803088,18519.5,1267.1549874725094,18001.24309936062,914.715477946233,Healthy
37,14,1416.2204895104894,512.0964193547496,4463.33,844.9590919353368,2261.1795814458264,266.1034093647138,Healthy
37,16,2215.6324475524475,616.5336946953279,4098.12,1017.280596247291,3232.9130437997383,332.8387332892949,Healthy
37,17,324.2439160839161,107.03281262735499,842.04,176.60414083513572,500.8480569190518,127.32712124365258,Healthy
37,18,580.277380952381,539.689890311002,2871.38,890.4883190131533,1470.7656999655342,170.33457971773979,High Risk
37,20,64.42042253521127,63.17489531760493,344.21,104.23857727404813,168.6589998092594,56.75404062056343,High Risk
37,21,1915.6254545454547,202.28784828307408,2497.57,333.77494966707224,2249.400404212527,309.4854967963325,Healthy
37,22,85.16483870967743,77.84620144322899,425.04,128.44623238132783,213.61107109100527,65.25520619447823,High Risk
37,23,42.991264367816086,22.47263984061599,120.75,37.07985573701638,80.07112010483246,46.36338230102291,Healthy
37,24,6.342222222222222,5.137310529559624,20.51,8.47656237377338,14.818784595995602,17.807613852257443,High Risk
37,25,67.3448951048951,35.1090542245908,175.0,57.929939470574816,125.27483457546992,58.02796528609939,Healthy
37,26,10.471666666666668,13.206676675966948,57.0,21.79101651534546,32.262683182012125,22.881943390659224,High Risk
37,27,23.26879518072289,13.781309311367561,76.9,22.739160363756476,46.007955544479366,34.109232753554345,Healthy
37,28,139.91545454545454,60.33161637837282,324.0,99.54716702431514,239.46262156976968,83.64073605171542,Healthy
37,31,123.62323943661971,140.44720754490683,730.18,231.73789244909625,355.36113188571596,78.62036613900361,High Risk
37,32,103.30333333333334,76.08926581927746,303.0,125.5472886018078,228.85062193514113,71.86909396024599,High Risk
37,33,4.885555555555555,2.3794175290977786,9.0,3.9260389230113346,8.81159447856689,15.629388272666905,Healthy
37,38,69388.85447552447,10037.495520254082,99514.86,16561.867608419234,85950.72208394369,1862.6440142378851,Healthy
37,40,27125.87979020979,1731.0553579159948,32334.82,2856.241340561391,29982.121130771182,1164.6003561353095,Healthy
37,41,5.666666666666667,1.1547005383792517,7.0,1.905255888325765,7.571922554992432,16.832508230603466,Healthy
37,42,114.22034965034965,31.666608360987304,214.65,52.24990379562905,166.4702534459787,75.57127418879135,Healthy
37,44,4.442352941176471,5.581103754424124,18.0,9.208821194799803,13.651174135976273,14.903611879635873,High Risk
37,46,8520.157202797203,737.9165246183317,10927.07,1217.5622656202472,9737.71946841745,652.6927762277289,Healthy
37,49,18.46977777777778,11.118088964485858,53.46,18.344846791401665,36.81462456917944,30.388959983666584,Healthy
37,52,32.24650349650349,30.83688397099292,315.5,50.880858552138314,83.1273620486418,40.15376912352282,High Risk
37,55,6.268888888888889,6.954021171776539,11.88,11.474134933431289,17.74302382232018,17.70436229985267,High Risk
37,56,352.6708620689655,361.62186984068944,1695.49,596.6760852371375,949.346947306103,132.7913517645192,High Risk
37,59,142.40146853146854,78.47231292446756,408.23,129.47931632537146,271.88078485684,84.38052753196929,Healthy
37,60,755.8867132867133,219.91662640350523,2094.4,362.8624335657836,1118.7491468524968,194.40765330700248,Healthy
37,67,2402.8269930069932,967.6130777810968,5987.69,1596.5615783388096,3999.388571345803,346.61412211615044,Healthy
37,71,26.5,17.67766952966369,39.0,29.168154723945086,55.66815472394509,36.40054944640259,High Risk
37,72,213.4532167832168,102.58781013439648,651.63,169.26988672175418,382.72310350497094,103.30857098595855,Healthy
37,74,681.2673426573426,190.15093826343923,1246.77,313.7490481346747,995.0163907920173,184.56263742390314,Healthy
37,79,7642.5006993007,883.8114930357284,10205.27,1458.2889635089518,9100.789662809651,618.1626282500706,Healthy
37,80,10629.770489510489,695.3746379321983,12391.78,1147.3681525881273,11777.138642098616,729.0325949335355,Healthy
37,81,10698.796713286712,560.2989918731348,13550.93,924.4933365906724,11623.290049877385,731.3958132668902,Healthy
37,82,5569.438321678322,1680.2201327454327,16767.67,2772.3632190299636,8341.801540708286,527.7043832335639,Healthy
37,83,2329.6138461538458,346.9430744716419,3210.66,572.4560728782092,2902.0699190320547,341.2926783681307,Healthy
37,85,127.90496503496503,64.92852380924785,375.63,107.13206428525895,235.03702932022398,79.97029605890084,Healthy
37,87,1020.0672027972029,302.4211858249724,1673.2,498.99495661120443,1519.0621594084073,225.83923516488483,Healthy
37,90,44144.42811188811,3130.4506871463086,57508.07,5165.243633791409,49309.67174567952,1485.672038369978,Healthy
37,91,30870.677062937066,1569.6400974632847,36607.32,2589.9061608144198,33460.583223751484,1242.3903787243578,Healthy
37,92,59440.577132867125,5440.311685672586,85109.94,8976.514281359765,68417.09141422689,1723.9573244843841,Healthy
37,93,21599.85104895105,1732.8374651204156,28579.47,2859.1818174486857,24459.03286639974,1039.226901329807,Healthy
37,94,33656.64811188811,3003.1413226442046,42151.27,4955.183182362937,38611.83129425105,1297.2403037195559,Healthy
37,95,51410.551118881114,2825.6808914744456,57816.44,4662.373470932835,56072.92458981395,1603.2864859232288,Healthy
37,96,20375.38076923077,1921.2236621153556,29553.51,3170.0190424903367,23545.39981172111,1009.34089308892,Healthy
37,97,13960.701398601399,864.401203068948,16605.04,1426.261985063764,15386.963383665163,835.484931001194,Healthy
37,98,5286.761118881119,872.1573339609305,9439.81,1439.0596010355353,6725.820719916654,514.1381681455442,Healthy
37,99,15.0,8.660254037844387,25.0,14.289419162443238,29.289419162443238,27.386127875258307,Healthy
38,1,6923.538531468532,1639.3492996703053,15921.29,2704.926344456004,9628.464875924536,588.3680196725742,Healthy
38,2,10986.172657342657,1006.9991872795225,13013.24,1661.548659011212,12647.721316353869,741.1535825098148,Healthy
38,3,498.70020979020984,280.90430610438113,2154.35,463.49210507222887,962.1923148624387,157.90823439425347,Healthy
38,4,10669.501328671327,946.0735585061884,13142.47,1561.0213715352108,12230.522700206539,730.3937749143035,Healthy
38,5,397.41832167832166,230.00632988835915,1435.7,379.5104443157926,776.9287659941142,140.96423689686716,Healthy
38,6,37.01485507246377,29.13847050065478,153.31,48.078476326080384,85.09333139854415,43.02025980422699,High Risk
38,7,413.539020979021,220.46656567863835,1257.06,363.76983336975326,777.3088543487743,143.79482274738214,Healthy
38,8,9485.399440559442,827.2823790544866,11446.43,1365.0159254399027,10850.415365999344,688.6726159997739,Healthy
38,9,77.52034965034964,45.590081473387635,231.29,75.2236344310896,152.74398408143924,62.25767006977921,Healthy
38,10,365.3648951048951,61.06041335174617,618.78,100.74968203038118,466.11457713527625,135.16007086134852,Healthy
38,11,752.8816783216784,194.96615819373724,1562.94,321.6941610196664,1074.5758393413448,194.0208337165984,Healthy
38,12,63.58370629370629,21.25313009849494,133.62,35.06766466251665,98.65137095622293,56.38426477915017,Healthy
38,13,10033.864755244755,679.5574756017635,11749.28,1121.2698347429098,11155.134589987665,708.3030691464196,Healthy
38,14,997.0984615384615,377.1250555865223,3513.21,622.2563417177618,1619.3548032562232,223.28216022988286,Healthy
38,16,849.8799300699301,261.748941075643,1799.81,431.88575277481095,1281.7656828447411,206.1407201488743,Healthy
38,17,424.5595804195804,106.67477446362366,859.49,176.01337786497905,600.5729582845595,145.69824645814725,Healthy
38,18,359.1984615384616,356.1997977288187,1742.66,587.7296662525508,946.9281277910125,134.01463754725853,High Risk
38,20,54.377558139534884,53.7981986345278,247.64,88.76702774697087,143.14458588650575,52.14286055613697,High Risk
38,21,1054.0391608391608,109.73777789750619,1377.88,181.0673335308852,1235.106494370046,229.56907030773556,Healthy
38,22,54.12916666666667,46.18900891987183,196.04,76.21186471778852,130.3410313844552,52.02363245039059,High Risk
38,23,37.848679245283016,34.06560063774631,289.78,56.2082410522814,94.05692029756442,43.50211445739334,High Risk
38,24,8.803870967741936,8.728143627530182,40.42,14.4014369854248,23.205307953166738,20.98078998481937,High Risk
38,25,52.630699300699305,35.88160044105837,186.94,59.2046407277463,111.83534002844561,51.2984889157075,High Risk
38,26,7.574528301886792,9.430405115296304,52.5,15.560168440238902,23.134696742125694,19.46089450910054,High Risk
38,27,12.048,8.793222745387494,37.82,14.508817529889365,26.556817529889365,24.543838330627914,High Risk
38,28,91.476993006993,45.1278000112133,318.74,74.46087001850195,165.93786302549495,67.63024212842691,Healthy
38,29,14.739166666666668,9.18017375388479,31.58,15.147286693909901,29.886453360576567,27.146976504453185,High Risk
38,31,31.459915966386554,50.95603579450803,329.0,84.07745906093825,115.5373750273248,39.661011060225476,High Risk
38,32,42.52646153846153,28.928293568366225,166.64,47.73168438780427,90.2581459262658,46.11207083750497,High Risk
38,33,6.54875,7.178203005425298,29.0,11.844034958951742,18.392784958951744,18.095234179197572,High Risk
38,34,12.672857142857143,12.178893740699635,45.64,20.095174672154396,32.76803181501154,25.17226364757165,High Risk
38,35,7.0,,7.0,,,18.708286933869708,Healthy
38,38,54955.784335664335,16268.85373501723,100618.04,26843.608662778428,81799.39299844277,1657.6456849348767,Healthy
38,40,16473.388041958042,1541.4578545486295,20377.87,2543.4054600052386,19016.79350196328,907.5623406124244,Healthy
38,42,99.81503496503495,27.529005903226782,169.64,45.422859740324185,145.23789470535914,70.64525283592485,Healthy
38,44,6.146851851851852,5.649483470820317,34.0,9.321647726853522,15.468499578705373,17.531189138007512,High Risk
38,46,4948.93937062937,587.13130832052,6608.46,968.766658728858,5917.706029358228,497.440417066676,Healthy
38,49,10.118,6.08798500156746,24.85,10.045175252586308,20.163175252586306,22.492220877450052,Healthy
38,52,21.39958041958042,10.749421528761175,72.44,17.736545522455938,39.13612594203636,32.71053379232783,Healthy
38,55,9.412500000000001,30.38640849834958,44.84,50.13757402227681,59.55007402227681,21.69389314991664,High Risk
38,56,111.74217391304347,142.21592273380688,603.5,234.65627251078135,346.3984464238248,74.74696445777697,High Risk
38,59,67.256,55.82864984572994,476.91,92.1172722454544,159.37327224545442,57.98965424970216,High Risk
38,60,395.9118881118881,125.9282572913566,1091.2,207.78162453073838,603.6935126426265,140.69681732574622,Healthy
38,67,791.9227972027973,361.51149324336853,2391.9,596.4939638515581,1388.4167610543554,198.98778821862376,Healthy
38,72,170.98223776223776,79.7969319578562,451.81,131.66493773046273,302.6471754927005,92.46140756073254,Healthy
38,74,393.06629370629366,130.69279629101155,762.91,215.64311388016904,608.7094075864627,140.190280281176,Healthy
38,79,8630.96216783217,799.7487629294848,10393.1,1319.58545883365,9950.547626665819,656.9232134668468,Healthy
38,80,11158.941398601399,886.9728146965426,13353.65,1463.5051442492952,12622.446542850694,746.9585463264143,Healthy
38,81,10260.830699300699,807.749458227681,12925.6,1332.7866060756735,11593.617305376372,716.2691777293192,Healthy
38,82,5551.165244755245,1207.9465750410013,12080.15,1993.1118488176521,7544.277093572897,526.8379848091463,Healthy
38,83,2392.0420979020982,422.18739288503264,3796.59,696.6091982603039,3088.651296162402,345.83537253309544,Healthy
38,85,80.16135714285714,41.92392766779555,216.66,69.17448065186265,149.3358377947198,63.309303085272205,Healthy
38,87,582.2507692307693,259.1063896697917,1249.29,427.5255429551563,1009.7763121859256,170.62396801603947,Healthy
38,90,34765.57678321678,3595.4140082290683,43412.33,5932.433113577962,40698.00989679474,1318.4380300798514,Healthy
38,91,25404.86041958042,3257.128620311227,34671.64,5374.262223513525,30779.122643093942,1127.0505849246613,Healthy
38,92,45314.43482517482,5960.525931393926,60667.46,9834.867786799978,55149.3026119748,1505.2314577030143,Healthy
38,93,18868.91909090909,2823.504787036026,27187.35,4658.782898609443,23527.701989518533,971.3114611418185,Healthy
38,94,21331.41125874126,2630.123186027624,28257.74,4339.70325694558,25671.11451568684,1032.7490319225979,Healthy
38,95,41793.64902097902,4208.633511972635,53876.37,6944.245294754846,48737.894315733865,1445.5733987068768,Healthy
38,96,11981.676643356643,1424.0553514715816,16766.87,2349.6913299281096,14331.367973284752,774.0050595234065,Healthy
38,97,9902.368181818181,1201.1462438306614,13274.66,1981.8913023205912,11884.259484138773,703.646508618432,Healthy
38,98,4783.086713286713,805.7414161851325,8330.31,1329.4733367054685,6112.560049992182,489.0340843584787,Healthy
38,99,25.0,,25.0,,,35.35533905932738,Healthy
39,1,21925.021188811188,11405.563854287779,65523.35,18819.180359574835,40744.20154838602,1047.020085500063,Healthy
39,2,67338.42937062937,8161.0579129238795,103087.01,13465.7455563244,80804.17492695377,1834.9172920138576,Healthy
39,3,20569.70160839161,19510.19712874637,107674.5,32191.82526243151,52761.526870823116,1014.1425345677897,High Risk
39,4,44807.51510489511,5519.472297723174,61866.66,9107.129291243236,53914.64439613835,1496.7884804623382,Healthy
39,5,24043.436783216785,15376.926649425135,124576.65,25371.92897155147,49415.36575476825,1096.4359713001209,High Risk
39,6,4911.540419580419,4215.376582934764,38829.51,6955.37136184236,11866.91178142278,495.55728324687243,High Risk
39,7,40020.49286713287,29906.67136011317,226252.44,49346.007744186725,89366.50061131959,1414.5757821186687,High Risk
39,8,36130.64160839161,3249.1270141615655,52220.96,5361.059573366583,41491.701181758195,1344.0729446051582,Healthy
39,9,19396.117692307693,4908.175614185672,34243.77,8098.489763406359,27494.607455714053,984.7872280931474,Healthy
39,10,14919.373916083918,2738.2685883552936,21934.79,4518.143170786234,19437.517086870153,863.6947932019713,Healthy
39,11,20428.26230769231,4273.221688040085,35548.17,7050.81578526614,27479.078092958447,1010.6498480604523,Healthy
39,12,4621.15986013986,700.1807784341929,6459.02,1155.2982844164183,5776.458144556278,480.68492071937624,Healthy
39,13,54991.42342657343,4915.108916566053,67169.36,8109.9297123339875,63101.35313890741,1658.1830934274633,Healthy
39,14,21125.77832167832,8392.183491140453,70892.53,13847.102760381747,34972.88108206007,1027.759172220767,Healthy
39,16,26691.769160839158,16277.906505269284,65507.93,26858.54573369432,53550.314894533476,1155.2438954792005,High Risk
39,17,11699.538951048951,2122.780852209014,23515.83,3502.588406144873,15202.127357193824,764.8378570340564,Healthy
39,18,11333.330583941606,19813.167659538678,103351.46,32691.726638238815,44025.05722218042,752.7725614002414,High Risk
39,19,-3.2381818181818183,16.534702797175072,25.91,27.282259615338866,24.044077797157048,,High Risk
39,20,7874.601678321678,1650.4127910062023,13159.28,2723.1811051602335,10597.78278348191,627.4791501843579,Healthy
39,21,7177.074685314686,1701.1335197047601,18092.47,2806.870307512854,9983.944992827539,599.0440169684814,Healthy
39,22,13013.560139860141,3310.9760565590036,29296.41,5463.110493322356,18476.670633182497,806.6461473242199,Healthy
39,23,18550.752517482517,5456.291125412018,49009.88,9002.880356929829,27553.632874412346,963.0875483953293,Healthy
39,24,6470.795384615384,2574.318785472986,16831.85,4247.625996030426,10718.42138064581,568.8055636425942,Healthy
39,25,7243.153006993007,1681.3287617875726,12596.76,2774.1924569494945,10017.345463942502,601.7953558724513,Healthy
39,26,9406.726783216784,2103.296998524185,16126.56,3470.440047564905,12877.166830781689,685.8107167147792,Healthy
39,27,1424.3611188811187,589.9041842967821,4454.58,973.3419040896904,2397.703022970809,266.8671128933948,Healthy
39,28,622.2608391608392,285.47237112926365,1621.01,471.029412363285,1093.2902515241242,176.3888940892877,Healthy
39,29,5678.498111888111,1471.3766007506551,14443.2,2427.7713912385807,8106.269503126692,532.8460430503408,Healthy
39,30,3799.6882517482522,858.9269954157712,6120.02,1417.2295424360225,5216.9177941842745,435.87201399884873,Healthy
39,31,2337.0743356643356,1747.625849345962,15268.63,2883.582651420837,5220.656987085173,341.83872920313866,High Risk
39,32,5976.223006993007,2509.8040957680055,24684.2,4141.176758017209,10117.399765010217,546.6362139024915,Healthy
39,33,6923.695454545455,2277.013212140322,14449.38,3757.0718000315314,10680.767254576986,588.3746873611004,Healthy
39,34,16354.447272727273,3152.865299029025,23969.51,5202.227743397892,21556.675016125166,904.2800250123651,Healthy
39,35,2057.284055944056,522.4418881684459,3942.0,862.0291154779356,2919.3131714219917,320.72449672141164,Healthy
39,36,2032.1955944055942,1928.6782964476477,8966.0,3182.3191891386186,5214.514783544213,318.7628894966911,High Risk
39,38,43195.578321678324,6296.187945067347,56744.45,10388.710109361122,53584.288431039444,1469.6186294695356,Healthy
39,40,59145.962447552454,5935.5746254004325,73437.56,9793.698131910713,68939.66057946316,1719.6796569063736,Healthy
39,41,1321.4991608391608,1275.8168798700158,7810.85,2105.097851785526,3426.5970126246866,257.0504970661563,High Risk
39,42,3576.484475524476,655.7816972817154,4812.46,1082.0398005148304,4658.524276039307,422.8761328997225,Healthy
39,44,4434.812167832168,1302.3432501852244,11527.35,2148.86636280562,6583.678530637788,470.8934151075043,Healthy
39,45,18.438676470588234,13.53468478583729,52.35,22.332229896631528,40.770906367219766,30.36336317882806,High Risk
39,46,34122.18223776224,5527.969259520484,55649.37,9121.149278208799,43243.33151597103,1306.181117566822,Healthy
39,47,2.3600000000000003,35.386224563930085,40.0,58.387270530484635,60.747270530484634,10.862780491200215,High Risk
39,49,7623.4180419580425,2048.1827649397255,15478.0,3379.5015621505468,11002.919604108589,617.3903968299978,Healthy
39,51,16.19605633802817,15.633882387656188,70.12,25.795905939632707,41.991962277660875,28.457034576733545,High Risk
39,52,1901.061958041958,568.2935614246412,3907.59,937.684376350658,2838.746334392616,308.306824287264,Healthy
39,54,94.65925373134328,113.15073000955205,531.0,186.69870451576088,281.3579582471042,68.7965310649248,High Risk
39,55,11598.1986013986,9117.65658353642,72137.44,15044.133362835091,26642.331964233694,761.5181744843192,High Risk
39,56,3781.564195804196,3645.832018339942,15863.7,6015.622830260903,9797.1870260651,434.83124288649014,High Risk
39,58,2479.951258741259,1579.6482060857584,7260.0,2606.419540041501,5086.37079878276,352.13287681933787,High Risk
39,59,722.352097902098,1113.7733776708096,9943.27,1837.7260731568358,2560.0781710589335,190.04632302442712,High Risk
39,60,405.140243902439,227.19643855872152,1399.2,374.8741236218905,780.0143675243295,142.32713091720058,Healthy
39,67,11633.406573426573,4844.133208730631,28523.61,7992.819794405541,19626.226367832114,762.6731466829867,Healthy
39,71,6469.893286713286,1768.8086703069962,13874.57,2918.5343060065434,9388.427592719829,568.7659134790554,Healthy
39,72,54929.07853146853,38776.040821787356,351553.98,63980.467355949135,118909.54588741765,1657.2428689161484,High Risk
39,74,22014.285244755247,4280.665541437015,40669.38,7063.098143371075,29077.38338812632,1049.14930407343,Healthy
39,77,135.964,303.87126168823534,636.0,501.3875817855883,637.3515817855882,82.45119768687414,High Risk
39,78,12.0,0.0,12.0,0.0,12.0,24.49489742783178,Healthy
39,79,39430.359160839165,4361.264495373603,49753.87,7196.086417366444,46626.44557820561,1404.1075307973952,Healthy
39,80,11972.877062937063,967.1272793064213,15200.98,1595.760010855595,13568.637073792657,773.720785003772,Healthy
39,81,19245.24965034965,1334.760577570291,22696.61,2202.35495299098,21447.60460334063,980.9497859306982,Healthy
39,82,22436.572727272727,11089.778795038015,107335.38,18298.135011812723,40734.707739085454,1059.1641215428497,Healthy
39,83,5738.832517482518,760.022297663516,8502.75,1254.0367911448013,6992.869308627319,535.6693251196356,Healthy
39,85,1710.142027972028,863.4825544993552,7928.22,1424.746214923936,3134.888242895964,292.41597322752637,Healthy
39,87,6762.436993006993,1697.2115039854666,13002.66,2800.3989815760197,9562.835974583013,581.4824585921313,Healthy
39,90,78649.53468531468,8531.653122296744,116138.97,14077.227651789628,92726.7623371043,1983.0473353568073,Healthy
39,91,60386.28601398601,3734.7583429248407,68239.71,6162.351265825987,66548.637279812,1737.617420694009,Healthy
39,92,110126.20958041959,15105.408172145753,178292.77,24923.923484040493,135050.13306446007,2346.552892866679,Healthy
39,93,39684.509999999995,4521.648512712851,56179.73,7460.720045976203,47145.2300459762,1408.6253937793397,Healthy
39,94,59830.190279720286,6036.422911637272,71537.5,9960.097804201498,69790.28808392178,1729.598078741421,Healthy
39,95,103036.75713286713,9950.880091912732,132120.7,16418.952151656005,119455.70928452314,2269.766035661684,Healthy
39,96,27089.1586013986,4783.982352040175,47587.24,7893.5708808662885,34982.72948226489,1163.8118104186476,Healthy
39,97,23993.406853146855,2021.1009493323565,29896.67,3334.816566398388,27328.223419545244,1095.2946373726763,Healthy
39,98,9767.295734265734,1775.4989294198722,17014.15,2929.573233542789,12696.868967808523,698.8310144185693,Healthy
39,99,334.869756097561,638.8804964329707,3280.0,1054.1528191144016,1389.0225752119627,129.39662980494526,High Risk
40,1,18794.57881118881,7108.339317829695,49964.04,11728.759874418996,30523.338685607807,969.3961731714442,Healthy
40,2,26702.705174825172,3900.057428786967,52961.05,6435.094757498496,33137.799932323665,1155.4805315284455,Healthy
40,3,6489.030349650349,2773.6701931143516,16754.76,4576.55581863868,11065.586168289028,569.6064584276739,Healthy
40,4,24386.75055944056,2452.586268779987,31653.89,4046.767343486979,28433.51790292754,1104.2361740008466,Healthy
40,5,17689.671678321676,8922.327205927168,74400.52,14721.839889779825,32411.5115681015,940.4698740077131,Healthy
40,6,4003.068601398601,2541.4033369049926,19151.0,4193.315505893237,8196.384107291839,447.3851026464002,High Risk
40,7,18898.214335664336,12602.552949920788,92144.18,20794.2123673693,39692.426703033634,972.0651813449635,High Risk
40,8,33971.53223776224,2459.6889738821083,45130.91,4058.4868069054783,38030.01904466772,1303.294522311865,Healthy
40,9,19065.436293706294,7317.056456306235,39280.57,12073.143152905288,31138.579446611584,976.3563973699945,Healthy
40,10,19612.6293006993,4491.621138938286,35556.51,7411.174879248171,27023.80417994747,990.2683803065536,Healthy
40,11,12807.144685314684,5061.104675101286,43889.88,8350.822713917121,21157.967399231806,800.223240268448,Healthy
40,12,4403.534615384615,1212.5841769402532,6886.68,2000.7638919514177,6404.298507336032,469.22993379496876,Healthy
40,13,21550.356923076924,1951.7471857739106,25467.05,3220.3828565269523,24770.73977960388,1038.035570755572,Healthy
40,14,12348.471398601398,5489.864118782853,51571.69,9058.275795991707,21406.747194593103,785.7630494812478,Healthy
40,16,13322.372027972027,11595.128667912115,48983.7,19131.962302054988,32454.334330027013,816.1608918580952,High Risk
40,17,7652.32076923077,2249.0958708456687,21761.07,3711.0081868953534,11363.328956126123,618.5596482648529,Healthy
40,18,4509.372118644068,6635.458598845389,28379.06,10948.50668809489,15457.878806738958,474.8353461276903,High Risk
40,19,-5.0,18.193405398660254,16.0,30.019118907789416,25.019118907789416,,High Risk
40,20,3526.3219580419577,780.1371757900403,7409.1,1287.2263400535664,4813.548298095524,419.9001046702631,Healthy
40,21,6585.782937062937,1565.0281509868937,16333.23,2582.2964491283747,9168.079386191312,573.837212851473,Healthy
40,22,6454.6516083916085,1899.9314272109227,18604.63,3134.886854898022,9589.538463289631,568.095573314544,Healthy
40,23,14064.668461538462,4799.566773865031,44505.21,7919.285176877301,21983.95363841576,838.5901401023763,Healthy
40,24,2954.521818181818,1403.3249651034455,8762.75,2315.486192420685,5270.008010602503,384.3515199775993,Healthy
40,25,6704.41034965035,1524.4224700366674,11396.78,2515.297075560501,9219.70742521085,578.982311890888,Healthy
40,26,4318.451328671329,1198.4728120569825,9461.39,1977.480139894021,6295.93146856535,464.67468882387647,Healthy
40,27,1006.653076923077,411.8339363692548,4174.8,679.5259950092703,1686.1790719323474,224.3494012609658,Healthy
40,28,324.23454545454547,120.60302510469882,856.26,198.99499142275303,523.2295368772985,127.32528135734582,Healthy
40,29,3270.596853146853,1035.9520849253374,10693.54,1709.3209401268066,4979.917793273659,404.3882325900973,Healthy
40,30,2635.7896503496504,591.8704425461168,3758.5,976.5862302010927,3612.375880550743,363.028211737714,Healthy
40,31,1319.277062937063,611.7883486208399,4407.7,1009.4507752243858,2328.7278381614487,256.83429122072687,Healthy
40,32,4532.5034965034965,2466.620401883168,24647.98,4069.923663107227,8602.427159610725,476.0516514257406,Healthy
40,33,3106.724125874126,1139.5968159387103,7150.51,1880.3347462988718,4987.058872172998,394.1271448323577,Healthy
40,34,7590.31951048951,2073.3249681869715,16510.0,3420.9861975085028,11011.305707998014,616.0486795087508,Healthy
40,35,2060.226013986014,545.0496415887011,4040.0,899.3319086213568,2959.557922607371,320.9537360731305,Healthy
40,36,828.5864335664336,611.4245524533872,3391.0,1008.8505115480888,1837.4369451145224,203.54194083363183,High Risk
40,37,1957.9645454545455,649.8784675600564,4391.78,1072.299471474093,3030.2640169286387,312.88692409994906,Healthy
40,38,36229.27580419581,4886.758539490103,47833.53,8063.15159015867,44292.427394354476,1345.9063081098143,Healthy
40,40,33370.94531468531,2244.7178283550347,39250.82,3703.784416785807,37074.72973147112,1291.7225962776472,Healthy
40,41,280.90783216783217,199.83168348422797,954.38,329.7222777489761,610.6301099168084,118.51325499028204,High Risk
40,42,4607.1327972027975,590.5685621982512,5978.94,974.4381276271145,5581.570924829912,479.95483106240306,Healthy
40,44,3247.999230769231,974.4401048569529,8496.66,1607.826173013972,4855.825403783203,402.9887858718423,Healthy
40,45,18.241607142857145,14.810255633026205,83.79,24.436921794493237,42.67852893735038,30.20066815722555,High Risk
40,46,9412.404195804196,2029.1643168401124,25035.75,3348.1211227861854,12760.525318590382,686.0176453927478,Healthy
40,47,-17.254285714285714,115.73343095993587,98.0,190.96016108389418,173.70587536960846,,High Risk
40,48,752.3924409448819,579.6914985942154,2909.0,956.4909726804555,1708.8834136253372,193.95778418832302,High Risk
40,49,43.962112676056336,26.469500611377132,106.92,43.674676008772266,87.6367886848286,46.88395923770535,Healthy
40,51,22.127254901960786,27.51711475270846,131.52,45.403239341968956,67.53049424392974,33.26203158404548,High Risk
40,52,942.737972027972,248.19136863065924,1983.92,409.51575824058773,1352.2537302685596,217.11033738953702,Healthy
40,54,96.27293233082706,111.93303903201395,645.97,184.68951440282302,280.9624467336501,69.38044837374109,High Risk
40,55,9000.258741258742,5305.639098935124,42327.78,8754.304513242954,17754.563254501696,670.8300358980188,Healthy
40,56,3787.050769230769,4283.347437706044,20643.67,7067.523272214972,10854.574041445741,435.146571239552,High Risk
40,58,3107.429906542056,1437.8495874319724,7845.0,2372.4518192627543,5479.88172580481,394.17191088039596,Healthy
40,59,274.0524475524476,268.99559683871263,2150.95,443.8427347838758,717.8951823363234,117.05820081319538,High Risk
40,60,122.58538461538461,52.60694804656096,413.6,86.80146427682558,209.3868488922102,78.28964957623218,Healthy
40,67,7014.41,2579.4906445391084,17227.37,4256.159563489528,11270.569563489527,592.2165988892915,Healthy
40,71,2330.9555244755247,882.7574731556922,5755.52,1456.549830706892,3787.5053551824167,341.3909433827679,Healthy
40,72,39443.06258741259,17541.41969338995,145504.24,28943.342494093416,68386.405081506,1404.3336958752466,Healthy
40,74,9822.268181818183,1930.7793496893448,15137.18,3185.785926987419,13008.054108805602,700.7948409419901,Healthy
40,77,363.0,115.90513362228612,477.0,191.24347047677207,554.243470476772,134.7219358530748,Healthy
40,78,7.5,6.363961030678928,12.0,10.50053570062023,18.00053570062023,19.364916731037084,High Risk
40,79,13128.156153846154,1574.8934716179886,17517.88,2598.574228169681,15726.730382015834,810.1899824684996,Healthy
40,80,16461.2127972028,1539.6510245655156,20145.73,2540.4241905331005,19001.6369877359,907.2268954677986,Healthy
40,81,19893.8586013986,2111.528479357089,26665.11,3484.0219909391967,23377.880592337795,997.3429350378584,Healthy
40,82,13581.162027972028,4915.526182786533,49969.77,8110.618201597779,21691.780229569806,824.0498173039064,Healthy
40,83,3370.2325174825173,823.6659949031614,7280.88,1359.0488915902163,4729.281409072733,410.50167584813323,Healthy
40,85,1981.23979020979,842.5278342829423,7806.64,1390.1709265668546,3371.4107167766447,314.7411468341715,Healthy
40,87,20070.12895104895,4609.595932282005,32611.47,7605.8332882653085,27675.96223931426,1001.7516895680524,Healthy
40,90,61258.202867132866,5651.320411232668,81444.61,9324.678678533903,70582.88154566677,1750.1171798930045,Healthy
40,91,43256.15685314685,5224.212422325577,58422.35,8619.950496837202,51876.10734998406,1470.648782904111,Healthy
40,92,96475.7532867133,12095.361194721487,130621.73,19957.34597129045,116433.09925800376,2196.312287525539,Healthy
40,93,27532.751188811188,4053.6622926047016,43363.85,6688.542782797757,34221.293971608946,1173.3019898732634,Healthy
40,94,38210.9006993007,5759.802905897637,52418.69,9503.674794731101,47714.5754940318,1382.2246687731467,Healthy
40,95,66572.88125874125,8085.601594997271,93857.46,13341.242631745496,79914.12389048675,1824.4571967949983,Healthy
40,96,15309.077972027972,3890.971442179591,29949.35,6420.102879596325,21729.180851624296,874.9022223090981,Healthy
40,97,17131.033496503496,2628.5948373683996,24060.68,4337.181481657859,21468.214978161355,925.5007697593637,Healthy
40,98,8178.3710489510495,1122.7535863097607,12151.06,1852.543417411105,10030.914466362156,639.467397486027,Healthy
40,99,167.37416666666667,298.9539765379567,1470.0,493.2740612876285,660.6482279542952,91.48064458306649,High Risk
41,1,23205.25993006993,10265.079581858627,64474.28,16937.381310066732,40142.64124013666,1077.1550475690565,Healthy
41,2,48349.82895104895,5251.682943984765,75393.7,8665.276857574861,57015.10580862381,1554.828430262467,Healthy
41,3,17021.833356643358,15470.046439432193,83074.21,25525.576625063117,42547.40998170647,922.5462957663251,High Risk
41,4,30538.574895104895,3741.8890663295606,41777.74,6174.116959443774,36712.69185454867,1235.6895826846016,Healthy
41,5,25513.943776223776,15804.924388825775,120752.36,26078.125241562528,51592.0690177863,1129.46765726655,High Risk
41,6,5267.832097902098,3765.0375213254547,30356.37,6212.311910187,11480.144008089097,513.2169179743638,High Risk
41,7,33711.10573426574,24857.408981403823,180250.69,41014.7248193163,74725.83055358204,1298.2893694062532,High Risk
41,8,33729.08167832168,3391.6207914532965,55168.2,5596.174305897939,39325.25598421962,1298.6354699899753,Healthy
41,9,32743.470139860143,12601.861377085263,61699.51,20793.071272190682,53536.54141205082,1279.5208114731886,Healthy
41,10,15194.223706293707,2553.2646527753873,23638.76,4212.886677079388,19407.110383373096,871.6141263854581,Healthy
41,11,13605.678461538462,2985.6999582055473,23801.46,4926.404931039153,18532.083392577617,824.7932608095941,Healthy
41,12,4273.264965034965,905.4967409347668,6096.16,1494.069622542365,5767.33458757733,462.2372207554777,Healthy
41,13,32562.995804195805,3103.545816966304,43607.48,5120.850597994401,37683.846402190204,1275.9897296646984,Healthy
41,14,17161.987552447554,6783.448629412043,56527.75,11192.69023852987,28354.677790977425,926.3365358347784,Healthy
41,16,18588.113776223778,16261.43946649704,70083.46,26831.375119720116,45419.4888959439,964.056890858205,High Risk
41,17,12054.236363636364,2517.36579068854,25494.9,4153.653554636091,16207.889918272456,776.3451669082626,Healthy
41,18,9113.079449541285,13007.313555401839,57648.4,21462.067366413034,30575.14681595432,675.0214607529632,High Risk
41,19,1163.5053086419753,636.2006291337789,2847.77,1049.7310380707352,2213.2363467127107,241.1954921471352,Healthy
41,20,5546.318881118881,1196.047086929382,9672.13,1973.4776934334802,7519.796574552362,526.6079604942789,Healthy
41,21,5066.603636363636,1366.0801607228202,14478.11,2254.032265192653,7320.635901556288,503.3191649621359,Healthy
41,22,10331.84132867133,2866.101353017607,25976.73,4729.067232479051,15060.90856115038,718.7433940103842,Healthy
41,23,18920.311398601396,5203.795023889643,50888.55,8586.26178941791,27506.573188019305,972.6333173041472,Healthy
41,24,5172.027342657343,2112.9909271446727,13194.36,3486.43502978871,8658.462372446053,508.5286296098452,Healthy
41,25,7374.3093006993,1950.9828624234322,16465.16,3219.121722998663,10593.431023697964,607.2194537685408,Healthy
41,26,6488.948461538462,1879.4523294541352,15692.28,3101.096343599323,9590.044805137784,569.6028643510521,Healthy
41,27,1373.244965034965,631.8869403941403,5622.59,1042.6134516503314,2415.858416685296,262.0348225937695,Healthy
41,28,463.2713286713287,189.69907430423638,1253.03,313.00347260199,776.2748012733186,152.1958160843012,Healthy
41,29,4197.46104895105,1349.7667312026804,12859.19,2227.1151064844225,6424.576155435472,458.1190374210097,Healthy
41,30,2790.0158041958043,643.7958742570816,4169.9,1062.2631925241844,3852.2789967199888,373.49804579112623,Healthy
41,31,2066.554965034965,1253.3094790896141,6771.54,2067.960640497863,4134.515605532828,321.4463380593225,High Risk
41,32,5361.930909090909,2201.234790697881,21430.07,3632.037404651504,8993.968313742413,517.780402733191,Healthy
41,33,5735.627762237762,2131.441238730534,13905.97,3516.878043905381,9252.505806143143,535.5197364354447,Healthy
41,34,12943.632587412587,2621.6185556275855,20494.5,4325.670616785515,17269.303204198102,804.4759967647445,Healthy
41,35,2225.103216783217,520.0493550624277,3630.14,858.0814358530057,3083.1846526362224,333.54933793842383,Healthy
41,36,1617.6190909090908,1028.779252678691,5925.0,1697.48576691984,3315.104857828931,284.3957709697079,High Risk
41,37,3.0,2.1213203435596424,4.5,3.5001785668734096,6.50017856687341,12.24744871391589,High Risk
41,38,46406.42657342657,7818.353902523323,67369.67,12900.283939163483,59306.710512590056,1523.2600988246652,Healthy
41,40,54458.21951048951,4686.580914366377,66069.68,7732.858508704522,62191.07801919403,1650.1245333381585,Healthy
41,41,1938.8081818181818,1489.0541241445464,8359.29,2456.9393048385014,4395.747486656683,311.35254791138146,High Risk
41,42,5091.624965034965,765.1196207248463,6784.05,1262.4473741959964,6354.072339230961,504.56045054259675,Healthy
41,44,4615.455524475525,1429.4962116959482,12941.59,2358.668749298314,6974.124273773839,480.38815162717765,Healthy
41,45,24.919411764705885,21.865124565593206,117.68,36.077455533228786,60.99686729793467,35.29830857470785,High Risk
41,46,28213.117832167834,4556.620891164565,52205.51,7518.4244704215325,35731.54230258937,1187.7103567824909,Healthy
41,47,20.863478260869567,98.09602821209502,279.0,161.85844654995677,182.72192481082632,32.29820293829795,High Risk
41,48,1307.9081395348837,1031.9925243932519,5228.0,1702.7876652488656,3010.6958047837493,255.7252568221297,High Risk
41,49,5887.886853146852,1729.3765373200206,10391.53,2853.471286578034,8741.358139724885,542.5811853145506,Healthy
41,51,16.185526315789474,30.657668117225825,89.88,50.58515239342261,66.77067870921209,28.44778226487038,High Risk
41,52,1964.381888111888,623.5736980252977,4828.82,1028.8966017417413,2993.2784898536293,313.39925718736856,Healthy
41,54,68.28355555555557,77.96386315090433,639.76,128.64037419899213,196.92392975454771,58.43096591515306,High Risk
41,55,10052.520769230769,8762.491361574821,65932.02,14458.110746598453,24510.63151582922,708.9612390402866,High Risk
41,56,7643.873566433566,11263.359658969706,53864.6,18584.543437300013,26228.41700373358,618.2181478423926,High Risk
41,58,5249.282867132867,2361.279835310916,14770.0,3896.111728263011,9145.39459539588,512.3125446020655,Healthy
41,59,795.3574125874126,1078.147105750895,9880.8,1778.9427244889766,2574.300137076389,199.4188321833488,High Risk
41,60,455.32727272727277,170.43005346534324,1478.4,281.2095882178163,736.5368609450891,150.8852664654957,Healthy
41,67,9756.677342657344,4238.263433000572,25724.36,6993.134664450944,16749.81200710829,698.4510484871987,Healthy
41,71,5300.854055944056,1433.284511588993,10990.39,2364.9194441218383,7665.773500065894,514.8229820017777,Healthy
41,72,54877.30244755245,31410.017642913404,290809.17,51826.52911080712,106703.83155835957,1656.4616271974496,Healthy
41,74,18638.237902097902,3167.972914447507,29992.74,5227.155308838386,23865.393210936287,965.3558385926378,Healthy
41,77,231.5,292.65200057406065,795.0,482.87580094720005,714.3758009472001,107.58717395675006,High Risk
41,78,9.0,10.424330514074594,24.0,17.200145348223078,26.200145348223078,21.213203435596427,High Risk
41,79,21840.97951048951,1966.9463304915744,30309.63,3245.4614453110976,25086.44095580061,1045.0114714798472,Healthy
41,80,17436.274825174823,1828.7013879529923,21831.27,3017.357290122437,20453.63211529726,933.7096664695837,Healthy
41,81,19958.047482517482,1587.842148355316,23454.89,2619.9395447862717,22577.987027303752,998.9506364810396,Healthy
41,82,18788.876293706293,7363.725464029421,74924.97,12150.147015648545,30939.023309354838,969.2490983670373,Healthy
41,83,3879.168741258741,582.6639344725431,7111.36,961.3954918796961,4840.564233138437,440.4071264897255,Healthy
41,85,2272.1134265734263,1246.457121906266,11510.3,2056.6542511453385,4328.767677718764,337.05440410810735,Healthy
41,87,10042.527762237762,3226.126691878558,21220.72,5323.1090415996205,15365.636803837382,708.6087694291456,Healthy
41,90,70852.0218181818,7533.310311247833,105079.2,12429.962013558923,83281.98383174073,1882.1798774052097,Healthy
41,91,52714.92846153846,3596.672983615084,59481.21,5934.510422964888,58649.438884503346,1623.4982054430868,Healthy
41,92,115827.66405594406,14875.133156404585,177637.8,24543.969708067565,140371.6337640116,2406.529285672045,Healthy
41,93,35415.340000000004,4208.913742850893,49661.52,6944.707675703973,42360.04767570398,1330.7016945957498,Healthy
41,94,47218.52916083916,5396.954085323185,63488.06,8904.974240783255,56123.503401622416,1536.5306563951003,Healthy
41,95,88666.46839160839,10275.897458214067,113496.18,16955.23080605321,105621.6991976616,2105.545872114977,Healthy
41,96,2883.492237762238,806.4988839399381,5300.87,1330.7231585008979,4214.2153962631355,379.7033208810688,Healthy
41,97,19789.21923076923,2388.5500590982892,27044.64,3941.107597512177,23730.32682828141,994.7165232057129,Healthy
41,98,9371.531608391608,1374.0727353985687,16134.8,2267.2200134076384,11638.751621799245,684.5265374107715,Healthy
41,99,443.736511627907,844.7436326959787,3280.0,1393.8269939483648,1837.5635055762718,148.95242724237613,High Risk
42,1,10375.14839160839,2327.0686964119973,20988.96,3839.6633490797954,14214.811740688187,720.2481652739002,Healthy
42,2,15976.902447552446,1110.0540914394371,20349.88,1831.5892508750712,17808.49169842752,893.7813616190608,Healthy
42,3,814.4511888111888,336.7134569222329,2822.02,555.5772039216843,1370.028392732873,201.79831377035697,Healthy
42,4,14885.264755244754,1098.8200313004343,19686.51,1813.0530516457166,16698.31780689047,862.7069246054756,Healthy
42,5,1052.2967832167833,488.1208789602257,2888.85,805.3994502843724,1857.6962335011558,229.3792474502416,Healthy
42,6,3.3333333333333335,7.344721460568353,10.0,12.118790409937782,15.452123743271116,12.909944487358057,High Risk
42,7,721.9138461538462,574.6228356868959,4705.49,948.1276788833782,1670.0415250372243,189.98866362941845,High Risk
42,8,18238.584195804196,1334.0602500670786,21458.1,2201.1994126106797,20439.783608414877,954.9498467407645,Healthy
42,9,135.52405594405593,73.4410198849616,366.98,121.17768281018664,256.70173875424257,82.31769431418009,Healthy
42,10,404.596013986014,67.55449537423404,629.56,111.46491736748615,516.0609313535001,142.2315038917212,Healthy
42,11,939.8380419580419,238.3992633988134,2001.04,393.3587846080421,1333.196826566084,216.7761566637394,Healthy
42,12,87.76727272727273,28.574834569575682,155.43,47.14847703979987,134.9157497670726,66.24472534748435,Healthy
42,13,15069.359930069932,1121.9908927120878,17602.6,1851.2849729749448,16920.644903044875,868.0253432380281,Healthy
42,14,1501.0133566433567,554.2797950328077,5259.18,914.5616618041327,2415.575018447489,273.9537695162595,Healthy
42,16,1102.6718181818183,314.24054517724255,2202.56,518.4968995424501,1621.1687177242684,234.8054320263714,Healthy
42,17,518.8323076923077,122.96886976203588,995.04,202.89863510735918,721.7309427996669,161.0640102090327,Healthy
42,18,385.76790476190473,458.7400675212641,1917.5,756.9211114100857,1142.6890161719905,138.8826671622317,High Risk
42,20,63.398135593220346,75.26003270213297,372.0,124.1790539585194,187.57718955173976,56.301925186098366,High Risk
42,21,1262.8542657342657,168.70729304342944,1760.76,278.3670335216586,1541.2212992559244,251.28213881355214,Healthy
42,22,111.99249999999999,114.61394867232852,343.68,189.11301530934205,301.105515309342,74.8306421193885,High Risk
42,23,44.53658823529412,30.858987482731568,179.38,50.91732934650708,95.45391758180119,47.18929340183752,High Risk
42,24,10.955,8.840111236102556,23.91,14.586183539569218,25.541183539569218,23.4040594769369,High Risk
42,25,75.9806993006993,48.73873399111667,209.95,80.4189110853425,156.3996103860418,61.63631206549403,High Risk
42,26,1.2457142857142856,3.9963602487882945,7.24,6.593994410500685,7.839708696214971,7.892129895390362,High Risk
42,27,31.292804878048784,24.55795650777973,106.35,40.52062823783655,71.81343311588533,39.55553366979694,High Risk
42,28,57.60846153846154,23.717144310312463,136.0,39.13328811201556,96.7417496504771,53.66957310174059,Healthy
42,31,56.04921875,116.69090836670968,1063.94,192.53999880507095,248.58921755507095,52.938274787718576,High Risk
42,32,40.77163120567376,32.36917357663689,189.0,53.409136401450866,94.18076760712464,45.150654040486366,High Risk
42,33,9.5,7.082843120291926,18.0,11.686691148481678,21.18669114848168,21.79449471770337,High Risk
42,34,11.97,,11.97,,,24.464259645450134,Healthy
42,38,38834.04342657343,6501.211355103734,59852.68,10726.998735921161,49561.04216249459,1393.4497376398876,Healthy
42,40,19788.36853146853,1844.608159228647,24991.66,3043.6034627272675,22831.9719941958,994.6951425303265,Healthy
42,41,-8.0,24.041630560342615,9.0,39.66869042456531,31.668690424565312,,High Risk
42,42,172.77727272727273,34.69701093555058,251.44,57.25006804365845,230.02734077093118,92.94548744486542,Healthy
42,44,2.3731999999999998,4.470843246338808,14.58,7.3768913564590335,9.750091356459034,10.893117092916976,High Risk
42,46,6050.036363636364,709.4999952292784,7951.64,1170.6749921283092,7220.711355764673,550.0016528900783,Healthy
42,49,33.41184210526316,14.638788691444857,65.49,24.15400134088401,57.56584344614717,40.872877379298345,Healthy
42,52,33.125734265734266,16.16609743640234,112.42,26.674060770063857,59.79979503579813,40.69750254360473,Healthy
42,55,-7.326666666666667,26.567353399739815,10.0,43.836133109570696,36.50946644290403,,High Risk
42,56,179.75417910447763,259.1427630766442,1123.0,427.5855590764629,607.3397381809406,94.80352817919743,High Risk
42,59,88.98622377622378,103.44226703617514,703.69,170.67974060968896,259.66596438591273,66.70315726269027,High Risk
42,60,335.43356643356645,91.33898782199148,721.6,150.70932990628594,486.1428963398524,129.50551463809686,Healthy
42,67,1236.3556643356642,553.1411158073162,4144.5,912.6828410820716,2149.038505417736,248.63182261485196,Healthy
42,71,-58.445,84.30364286316458,12.0,139.10101072422157,80.65601072422157,,High Risk
42,72,-43.21178571428572,119.37611756478456,278.0,196.97059398189452,153.7588082676088,,High Risk
42,74,267.0380434782609,137.20570141405796,631.37,226.3894073331956,493.4274508114565,115.55043130128526,Healthy
42,79,13686.231608391608,1124.324687726771,16129.32,1855.135734749172,15541.36734314078,827.2312738403816,Healthy
42,80,15307.678321678322,1426.0271307510282,18274.31,2352.944765739196,17660.62308741752,874.8622269157105,Healthy
42,81,15918.666503496504,1461.4534919880364,19055.0,2411.39826178026,18330.064765276766,892.1509542531608,Healthy
42,82,7409.55944055944,1091.6026775083265,14439.82,1801.1444178887386,9210.703858448178,608.6690168128915,Healthy
42,83,3708.9916783216786,826.0323355613496,5630.7,1362.9533536762267,5071.945031997905,430.6385769018887,Healthy
42,85,62.73578571428572,34.386575514831435,216.7,56.737849599471865,119.47363531375758,56.00704675051423,Healthy
42,87,960.774366197183,443.063068304835,2159.44,731.0540627029777,1691.8284289001608,219.17736723909053,Healthy
42,90,53384.8979020979,5686.022014088195,66968.24,9381.936323245522,62766.834225343424,1633.7823891525136,Healthy
42,91,42913.22125874126,6073.932715059746,54379.7,10021.988979848582,52935.21023858984,1464.807517367747,Healthy
42,92,83497.77867132866,12889.994057512002,112152.35,21268.490194894803,104766.26886622346,2043.2544955453868,Healthy
42,93,32852.63230769231,5490.028593763976,46882.67,9058.547179710558,41911.179487402864,1281.65190882104,Healthy
42,94,35724.6120979021,3678.387780282195,46822.25,6069.339837465621,41793.95193536772,1336.4993845472227,Healthy
42,95,61205.27230769231,6379.910299789827,74846.56,10526.851994653214,71732.12430234552,1749.360916273316,Healthy
42,96,15183.474195804196,1504.8317526350265,23282.31,2482.9723918477935,17666.44658765199,871.3057498893312,Healthy
42,97,17495.198811188813,2659.7174207974886,22994.76,4388.533744315856,21883.73255550467,935.2860207227736,Healthy
42,98,6540.721258741259,1232.9043701768685,12987.45,2034.292210791833,8575.013469533093,571.8706697646444,Healthy
43,1,7549.109020979022,6045.771391167749,70912.01,9975.522795426787,17524.63181640581,614.3740318803775,High Risk
43,2,20722.85146853147,1910.5885702681755,25602.05,3152.4711409424895,23875.32260947396,1017.910886780652,Healthy
43,3,999.6488811188811,544.6652030959275,5023.27,898.6975851082804,1898.3464662271615,223.56753801914994,Healthy
43,4,18227.382167832166,1808.1227934596586,24355.17,2983.4026092084364,21210.7847770406,954.6565394903071,Healthy
43,5,575.4173255813953,452.43859382741425,2050.0,746.5236798152334,1321.9410053966287,169.61976971765338,High Risk
43,6,37.84324561403509,31.98720251555296,202.42,52.77888415066238,90.62212976469746,43.4989917205187,High Risk
43,7,516.7728671328672,318.97860014895866,2099.78,526.3146902457818,1043.0875573786489,160.74403054746188,High Risk
43,8,13185.211678321679,1060.3223871712787,16202.31,1749.5319388326097,14934.743617154289,811.9486337916235,Healthy
43,9,147.6941958041958,107.86817112955346,481.32,177.9824823637632,325.67667816795904,85.93433417563547,High Risk
43,10,507.4267132867133,102.66250885122814,850.13,169.39313960452643,676.8198528912397,159.2838211003731,Healthy
43,11,584.8316083916084,314.0058199372062,3375.32,518.1096028963901,1102.9412112879986,171.00169712485436,Healthy
43,12,89.1360839160839,28.665770504920935,191.97,47.29852133311954,136.43460524920346,66.75930044423919,Healthy
43,13,17852.915174825175,1574.362352404109,22210.74,2597.69788146678,20450.613056291957,944.7993219415744,Healthy
43,14,1664.022937062937,632.4356045210934,6030.84,1043.518747459804,2707.541684522741,288.4460900292234,Healthy
43,16,2654.8026573426573,1094.2721702291249,6738.18,1805.549080878056,4460.351738220714,364.33519301205706,Healthy
43,17,623.7377622377622,261.9751995799549,2809.45,432.25907930692557,1055.9968415446879,176.5980977017819,Healthy
43,18,704.6505208333333,993.805564876614,5717.17,1639.7791820464129,2344.4297028797464,187.70329257012693,High Risk
43,20,44.114347826086956,39.43341011928755,152.0,65.06512669682445,109.1794745229114,46.96506564782325,High Risk
43,21,1563.513006993007,183.02441548446353,2061.79,301.9902855493648,1865.5032925423716,279.5990886066161,Healthy
43,22,70.41117647058823,85.14166639284042,290.76,140.4837495481867,210.89492601877492,59.334297194197994,High Risk
43,23,25.812608695652177,17.091303534889878,77.37,28.200650832568297,54.01325952822047,35.92534529802892,High Risk
43,24,2.2350000000000003,9.524728342582796,8.97,15.715801765261611,17.950801765261613,10.571187255932989,High Risk
43,25,71.82223776223776,87.55401201720721,725.52,144.4641198283919,216.28635759062965,59.92588662766608,High Risk
43,26,4.463333333333334,6.598282965684185,21.5,10.887166893378906,15.350500226712239,14.938763893531041,High Risk
43,27,12.443076923076923,7.185474218420781,32.44,11.856032460394289,24.29910938347121,24.943011970366495,Healthy
43,28,87.09525423728813,75.22927667865036,244.0,124.12830651977309,211.22356075706122,65.99062593932874,High Risk
43,31,27.587254901960787,29.121447547148346,203.28,48.05038845279477,75.63764335475555,37.139773088941176,High Risk
43,32,20.476724137931036,15.242650157282426,55.0,25.150372759516003,45.62709689744704,31.99744063040905,High Risk
43,33,2.5,2.3145502494313788,5.0,3.8190079115617745,6.3190079115617745,11.180339887498949,High Risk
43,38,57623.88489510489,8215.810609336473,81199.86,13556.08750540518,71179.97240051007,1697.4080961145569,Healthy
43,40,18156.535664335664,2124.925537477332,22724.42,3506.1271368375974,21662.66280117326,952.7994454326594,Healthy
43,42,184.14328671328673,35.70179779621757,283.67,58.90796636375899,243.05125307704571,95.95396987964769,Healthy
43,44,5.314736842105264,4.728826925736155,18.5,7.802564427464655,13.117301269569918,16.301436811068623,High Risk
43,46,7426.636363636364,1423.0978093381414,10579.52,2348.111385407933,9774.747749044298,609.3700174621476,Healthy
43,49,17.3375,28.435661426973585,130.85,46.91884135450641,64.25634135450642,29.442741040874573,High Risk
43,52,40.221408450704224,29.18520453859532,215.96,48.15558748868227,88.37699593938649,44.84495983424683,High Risk
43,55,-11.88,,-11.88,,,,Healthy
43,56,160.3861,196.2266052704106,989.47,323.77389869617747,484.15999869617747,89.55057230414555,High Risk
43,59,126.47605769230769,99.02855348178966,565.0,163.39711324495292,289.8731709372606,79.52234204684483,High Risk
43,60,481.20640000000003,191.25848736975755,968.0,315.57650416009994,796.7829041601,155.11389363948027,Healthy
43,67,1238.2937062937062,674.6163280414357,4322.95,1113.116941268369,2351.410647562075,248.82661697391882,Healthy
43,71,6.920000000000002,48.42814057962581,34.88,79.90643195638259,86.82643195638259,18.60107523773828,High Risk
43,72,84.3846762589928,125.1979953206998,732.62,206.57669227915466,290.96136853814744,64.955629570882,High Risk
43,74,650.886083916084,195.7743034578733,1354.04,323.0276007054909,973.9136846215749,180.4003996553339,Healthy
43,79,13525.426223776223,6423.298028638262,83190.3,10598.441747253131,24123.867971029355,822.3571676521165,Healthy
43,80,17045.276783216785,2242.6745925793257,20425.02,3700.413077755887,20745.68986097267,923.18136850829,Healthy
43,81,19464.72300699301,1391.094900954145,23061.17,2295.3065865743392,21760.02959356735,986.5273186028102,Healthy
43,82,8264.136573426573,1087.665014591508,15829.99,1794.6472740759882,10058.78384750256,642.8116587860932,Healthy
43,83,4952.252167832168,1248.9977657740815,9348.56,2060.8463135272345,7013.098481359402,497.60688137485437,Healthy
43,85,83.49583333333334,79.15662952399418,296.02,130.6084387145904,214.10427204792373,64.61262776475405,High Risk
43,87,79.42424000000001,56.73458819097923,243.02,93.61207051511573,173.03631051511576,63.017553110224775,High Risk
43,90,63668.8955944056,3998.108690724748,78137.86,6596.8793396958345,70265.77493410143,1784.2210568537407,Healthy
43,91,34808.442167832174,4858.266661762956,47319.06,8016.139991908876,42824.582159741054,1319.2505858977697,Healthy
43,92,83646.1609090909,8218.74644911339,108517.42,13560.931641037094,97207.092550128,2045.0692030966936,Healthy
43,93,36196.69321678321,3555.6373116252985,46745.48,5866.801564181742,42063.49478096495,1345.3009554888306,Healthy
43,94,50769.70832167832,5798.556806885925,69672.87,9567.618731361776,60337.3270530401,1593.262506959828,Healthy
43,95,72883.22328671328,7327.721222673586,94764.38,12090.740017411417,84973.9633041247,1908.9686127162133,Healthy
43,96,25058.36937062937,4030.861295542744,41237.26,6650.921137645527,31709.2905082749,1119.3384066186009,Healthy
43,97,19349.98993006993,1917.8377799018876,24459.24,3164.432336838114,22514.422266908045,983.6155227036103,Healthy
43,98,9594.867482517482,2067.9477587271417,22329.99,3412.1138018997835,13006.981284417267,692.6350944948387,Healthy
43,99,26.25,18.427786989579985,50.0,30.405848532806974,56.65584853280697,36.2284418654736,High Risk
44,1,8049.992307692307,2152.9422983167137,18156.41,3552.3547922225775,11602.347099914885,634.4285739030165,Healthy
44,2,9377.273006993008,941.3111750481178,11851.58,1553.1634388293942,10930.4364458224,684.7361903314666,Healthy
44,3,571.0167132867133,273.8177963428436,2059.37,451.79936396569195,1022.8160772524052,168.96992532499877,Healthy
44,4,7403.959580419581,715.7543091868476,9053.8,1180.9946101582987,8584.954190577879,608.4389690190619,Healthy
44,5,960.6704895104896,518.7015078781927,3793.41,855.857487999018,1816.5279775095075,219.16551844559052,Healthy
44,6,34.648721804511275,26.141147971985344,119.68,43.132894153775815,77.78161595828709,41.62254305332104,High Risk
44,7,531.0348951048951,354.9492269064732,2559.78,585.6662243956807,1116.7011195005757,162.94706120468928,High Risk
44,8,4963.966223776224,401.66055905769576,6090.59,662.739922445198,5626.706146221422,498.19505335642503,Healthy
44,9,99.81727272727274,78.68888134123497,348.48,129.8366542130377,229.65392694031044,70.64604473262206,High Risk
44,10,153.79265734265732,59.458581168565935,381.61,98.10665892813378,251.8993162707911,87.6905517552083,Healthy
44,11,608.4946853146854,228.82336768107263,1885.89,377.55855667376983,986.0532419884553,174.42687369133884,Healthy
44,12,77.13902097902097,31.26859553354455,182.89,51.5931826303485,128.73220360936946,62.10435611896357,Healthy
44,13,7300.262447552448,623.4732753889688,8913.49,1028.7309043917985,8328.993351944246,604.1631587391128,Healthy
44,14,730.3114685314684,236.8998575792473,1954.95,390.884765005758,1121.1962335372264,191.09048491898653,Healthy
44,16,846.4336363636363,368.3418343071667,2640.63,607.764026606825,1454.1976629704614,205.72234156304418,Healthy
44,17,330.3880419580419,129.91700608768255,872.0,214.3630600446762,544.7511020027181,128.5278261618942,Healthy
44,18,430.2572527472528,390.9058433265142,1717.66,644.9946414887484,1075.2518942360011,146.67263765734438,High Risk
44,20,31.559714285714282,29.213696309969013,151.76,48.20259891144887,79.76231319716315,39.72386831976103,High Risk
44,21,770.1832867132867,127.50881830745554,1109.61,210.38955020730162,980.5728369205883,196.23752020361533,Healthy
44,22,63.158181818181816,58.05139133874085,180.32,95.7847957089224,158.94297752710423,56.19527641100354,High Risk
44,23,19.318247422680415,14.30123916617523,104.72,23.59704462418913,42.915292046869546,31.079130797595045,High Risk
44,24,14.097391304347827,8.533802422980417,41.82,14.080773997917687,28.178165302265512,26.549379752027942,Healthy
44,25,34.19188811188811,21.449547647846842,152.96,35.391753618947284,69.5836417308354,41.34724181362532,High Risk
44,26,120.533125,43.30525375543458,210.49,71.45366869646705,191.98679369646703,77.6315415923193,Healthy
44,27,12.55546875,6.7540092572210035,26.91,11.144115274414656,23.699584024414655,25.05540735051019,Healthy
44,28,72.64286713286714,56.29771878427409,633.53,92.89123599405224,165.53410312691938,60.26726604586736,High Risk
44,31,12.395555555555555,13.697862241970464,84.0,22.601472699251264,34.99702825480682,24.895336466450452,High Risk
44,32,33.57446969696969,20.288742048611716,106.5,33.47642438020933,67.05089407717902,40.97222821434642,Healthy
44,33,9.03,9.744449189153793,38.82,16.078341162103758,25.108341162103756,21.248529360875775,High Risk
44,34,-9.88,,-9.88,,,,Healthy
44,38,45778.574685314685,6396.385315244196,66629.98,10554.035770152923,56332.610455467606,1512.9205974755366,Healthy
44,40,15146.96811188811,1166.0867802829403,18299.88,1924.0431874668514,17071.011299354963,870.2576662083509,Healthy
44,42,52.422518518518515,25.732498608850737,137.14,42.45862270460371,94.88114122312223,51.19693277849686,Healthy
44,44,4.743,16.31653220918383,37.05,26.922278145153317,31.665278145153316,15.399675321252719,High Risk
44,46,5871.248181818181,583.1393797546302,7891.28,962.1799765951398,6833.428158413321,541.8139986110631,Healthy
44,49,5.416666666666667,3.5746387823446475,10.0,5.898153990868668,11.314820657535336,16.457014715109583,High Risk
44,52,25.69846153846154,16.035081755708102,82.36,26.45788489691837,52.15634643537991,35.84582370267249,High Risk
44,55,4.174666666666666,9.608280555754774,20.0,15.853662916995377,20.028329583662043,14.447606491503473,High Risk
44,56,589.0967272727273,873.0999696432397,4203.75,1440.6149499113453,2029.7116771840726,171.62411358441554,High Risk
44,59,92.99575999999999,51.60405859357412,203.23,85.1466966793973,178.1424566793973,68.18935400779215,Healthy
44,60,370.76083916083917,100.37457244569984,756.8,165.61804453540472,536.3788836962439,136.15447828860408,Healthy
44,67,1117.7375524475524,553.7696502108721,3476.87,913.719922847939,2031.4574752954913,236.4040558501009,Healthy
44,71,-41.28333333333333,17.638232148753836,-24.97,29.103083045443828,-12.180250287889503,,High Risk
44,72,102.7202097902098,68.99995795537126,390.38,113.84993062636256,216.57014041657237,71.66596465206123,High Risk
44,74,430.9837062937063,237.5844560396568,1120.07,392.0143524654337,822.99805875914,146.7964077036128,Healthy
44,79,4496.693286713286,467.66189818475567,5849.66,771.6421320048469,5268.335418718133,474.16733790473626,Healthy
44,80,5023.550909090909,528.1649435491131,6383.99,871.4721568560366,5895.023065946945,501.1761620972664,Healthy
44,81,7472.975944055945,643.4448099408138,8971.56,1061.6839364023426,8534.659880458286,611.268187625364,Healthy
44,82,3882.9426573426576,1159.32798753425,12700.95,1912.8911794315125,5795.83383677417,440.6213032379766,Healthy
44,83,952.0126573426573,228.86595104518798,2092.25,377.6288192245602,1329.6414765672175,218.17569265876725,Healthy
44,85,132.4263043478261,90.2556770244818,564.92,148.92186709039495,281.348171438221,81.3714643925701,High Risk
44,87,218.2209090909091,124.62755795845821,544.7,205.63547063145603,423.8563797223651,104.45594982836283,Healthy
44,90,31182.601818181814,3202.4484840068585,43040.13,5284.039998611316,36466.64181679313,1248.6513087764297,Healthy
44,91,18169.51006993007,1354.452938304236,21158.88,2234.8473482019895,20404.357418132062,953.13981319453,Healthy
44,92,39619.56328671329,4662.846544699099,56083.0,7693.696798753512,47313.2600854668,1407.4722605918969,Healthy
44,93,11029.915734265734,1540.6651149420122,14632.98,2542.09743965432,13572.013173920055,742.6276231822291,Healthy
44,94,23812.046993006996,2904.225454427343,31697.66,4791.971999805115,28604.01899281211,1091.147263044888,Healthy
44,95,31100.18517482518,3430.70309110859,39523.58,5660.660100329173,36760.84527515435,1247.0001037454883,Healthy
44,96,2834.1395804195804,502.37836204591406,4524.97,828.9242973757581,3663.0638777953386,376.4398743770099,Healthy
44,97,6636.467412587413,728.7965076935787,8184.49,1202.5142376944048,7838.981650281818,576.0411188703205,Healthy
44,98,3466.077062937063,481.7138118304419,5300.69,794.8277895202291,4260.904852457292,416.29779382895265,Healthy
44,99,3.505,4.942676400493967,7.0,8.155416060815046,11.660416060815045,13.238202294873727,High Risk
45,1,17745.916013986014,11322.257379220177,68621.57,18681.72467571329,36427.6406896993,941.9638001002484,High Risk
45,2,35800.91244755245,3910.7883984067694,63651.3,6452.8008573711695,42253.71330492362,1337.9258658003523,Healthy
45,3,9508.014965034965,6036.188189032606,35888.56,9959.710511903799,19467.725476938765,689.4931096477675,High Risk
45,4,24229.873146853144,1696.0167473256379,29814.15,2798.427633087302,27028.300779940448,1100.6787257609085,Healthy
45,5,16107.063076923077,11223.827881849738,90989.26,18519.316005052067,34626.379081975145,897.4147056105967,High Risk
45,6,3554.2226573426574,3004.2047455437882,23534.27,4956.937830147251,8511.160487489908,421.5579828056075,High Risk
45,7,23757.77153846154,21048.388189999598,166757.11,34729.84051349934,58487.61205196088,1089.9030126222594,High Risk
45,8,34050.40958041958,2679.5329295682623,50440.14,4421.229333787633,38471.638914207215,1304.8066826242803,Healthy
45,9,15485.885804195803,4943.41885154471,27665.17,8156.641105048771,23642.526909244574,879.939935569349,Healthy
45,10,14245.086993006993,1769.4961238614246,19639.56,2919.6686043713503,17164.755597378342,843.9516275535877,Healthy
45,11,14228.37867132867,6287.878134866765,46492.51,10374.998922530162,24603.37759385883,843.4565392279756,Healthy
45,12,3620.2846153846153,614.5591420327362,5010.04,1014.0225843540146,4634.30719973863,425.4576721240678,Healthy
45,13,27243.504615384616,1915.8282858617927,34359.75,3161.1166716719576,30404.621287056572,1167.1226288480705,Healthy
45,14,12476.371608391608,5263.196831358356,45315.99,8684.274771741286,21160.646380132894,789.8218662581966,Healthy
45,16,16600.54048951049,13566.083280670453,59339.83,22384.037413106245,38984.57790261674,911.0581894014919,High Risk
45,17,10523.128391608392,2520.177928229417,25877.26,4158.293581578538,14681.42197318693,725.3664036750114,Healthy
45,18,6340.19569105691,11783.605591110236,53443.33,19442.94922533189,25783.1449163888,563.0362195745896,High Risk
45,19,1370.0726573426575,307.7828684612594,2661.58,507.841732961078,1877.9143903037354,261.7319867099413,Healthy
45,20,5109.0630769230775,1085.8761780487896,8462.19,1791.6956937805028,6900.75877070358,505.4237369239338,Healthy
45,21,4061.3095804195805,660.8726130600213,7767.72,1090.439811549035,5151.749391968616,450.627871997482,Healthy
45,22,8324.06076923077,2659.9980354686904,26119.7,4388.996758523339,12713.057527754108,645.1379995485761,Healthy
45,23,22916.69097902098,7881.673146740909,75835.1,13004.7606921225,35921.45167114348,1070.4366160362083,Healthy
45,24,5463.712867132867,2061.5058434492794,14558.72,3401.4846416913106,8865.197508824178,522.6716400921742,Healthy
45,25,8409.669300699301,1687.8673780441711,17112.96,2784.9811737728824,11194.650474472182,648.4469639338016,Healthy
45,26,7258.836223776223,2037.3362068102565,14313.69,3361.604741236923,10620.440965013146,602.4465214347338,Healthy
45,27,1328.1967832167834,704.1910408180812,6184.94,1161.915217349834,2490.112000566617,257.70106550194777,Healthy
45,28,646.8414685314685,271.74285175033714,1413.34,448.37570538805625,1095.2171739195248,179.83902086747867,Healthy
45,29,4753.078671328672,1792.7864837010522,18395.08,2958.097698106736,7711.176369435408,487.49762416491177,Healthy
45,30,3021.6896503496505,643.5020104430466,4660.65,1061.778317231027,4083.4679675806774,388.6958740679949,Healthy
45,31,2654.7044055944057,1417.3988098217012,12913.1,2338.708036205807,4993.412441800212,364.32845109834653,Healthy
45,32,4863.574825174825,3291.0165217289245,31766.5,5430.177260852725,10293.75208602755,493.1315658713618,High Risk
45,33,5181.216783216783,1824.9027856290377,15057.12,3011.089596287912,8192.306379504695,508.9801952540385,Healthy
45,34,14224.687272727273,3513.988282737601,25324.87,5798.080666517041,20022.767939244313,843.3471193028192,Healthy
45,35,2647.2838461538463,856.2060726883116,5259.88,1412.740019935714,4060.02386608956,363.818900426699,Healthy
45,36,1732.512937062937,1263.1585089001323,6469.0,2084.211539685218,3816.724476748155,294.32235194280923,High Risk
45,38,53242.55552447553,5653.249299561872,69367.06,9327.86134427709,62570.41686875262,1631.6028242877544,Healthy
45,40,39205.858601398606,2928.322260182394,49220.86,4831.73172930095,44037.59033069955,1400.1046139735167,Healthy
45,41,2671.42020979021,1938.5604983865958,18741.75,3198.624822337883,5870.045032128093,365.47367961251393,High Risk
45,42,4447.306363636363,556.0589859562921,5786.09,917.4973268278819,5364.803690464245,471.55627255060256,Healthy
45,44,2596.3194405594404,750.4832151427188,7336.86,1238.2973049854859,3834.6167455449263,360.29983628635193,Healthy
45,45,15.093600000000002,10.984910058803395,51.84,18.1251015970256,33.2187015970256,27.471439714729186,High Risk
45,46,14638.547692307693,3793.319367336214,42087.15,6258.976956104752,20897.524648412444,855.5275475491042,Healthy
45,47,-88.42,527.5615125530602,224.0,870.4764957125493,782.0564957125493,,High Risk
45,49,44.7056923076923,37.317653704766144,101.28,61.574128612864136,106.27982092055643,47.2787966786869,High Risk
45,51,4.750909090909091,4.32251570168831,17.0,7.132150907785712,11.883059998694803,15.412509677059559,High Risk
45,52,1466.2651748251749,359.83891518495244,2754.75,593.7342100551715,2059.9993848803465,270.7642124455497,Healthy
45,54,52.11369369369369,54.80187660900817,285.73,90.42309640486347,142.53679009855716,51.0459076193644,High Risk
45,55,6085.695874125874,5469.443070536901,41831.85,9024.581066385887,15110.276940511761,551.6201534627734,High Risk
45,56,3632.1498601398603,4533.568860248565,24067.96,7480.388619410132,11112.538479549992,426.1543065686337,High Risk
45,58,1735.1068345323743,1198.9745518591499,7235.0,1978.3080105675972,3713.4148450999714,294.54259747380974,High Risk
45,59,600.7863636363636,1354.3077468381546,12921.9,2234.6077822829548,2835.3941459193184,173.31854540648033,High Risk
45,60,177.01538461538462,84.31757565575346,660.0,139.1239998319932,316.1393844473778,94.07852693770896,Healthy
45,67,6801.026643356644,3359.566176791396,23637.56,5543.284191705803,12344.310835062446,583.1392047940459,Healthy
45,71,4396.411328671328,1335.1615320375015,11230.48,2203.0165278618774,6599.427856533206,468.85026014023543,Healthy
45,72,37466.30839160839,26645.604562754295,240758.86,43965.24752854458,81431.55592015298,1368.6911337407062,High Risk
45,74,10710.12111888112,1635.218311564607,17674.75,2698.110214081601,13408.231332962721,731.7827928723495,Healthy
45,77,190.745,118.8201290065907,350.0,196.05321286087465,386.7982128608746,97.6588449655227,High Risk
45,78,11.0,4.174754056057845,15.0,6.888344192495444,17.888344192495445,23.45207879911715,Healthy
45,79,15245.023146853147,1247.2539619863844,19705.24,2057.969037277534,17302.992184130682,873.0699613104653,Healthy
45,80,558.6343846153846,405.48208998768513,1242.6,669.0454484796804,1227.679833095065,167.12785294728474,High Risk
45,81,14653.096013986014,1136.1541790831404,20507.24,1874.6543954871815,16527.750409473196,855.9525691878614,Healthy
45,82,13430.491398601398,6607.70806633047,67985.32,10902.718309445274,24333.20970804667,819.4660273190524,Healthy
45,83,824.5827972027972,316.00262444177974,1585.58,521.4043303289366,1345.9871275317337,203.0495995074599,Healthy
45,85,2001.3830769230772,717.6443442932577,6481.97,1184.1131680838753,3185.4962450069524,316.33708895125443,Healthy
45,87,6307.075874125874,1378.1507206251492,10939.66,2273.948689031496,8581.02456315737,561.5637040499445,Healthy
45,90,23674.035244755247,2208.619024368207,32016.42,3644.221390207542,27318.25663496279,1087.9805890905234,Healthy
45,91,16641.92734265734,1573.597224402233,22708.11,2596.435420263684,19238.362762921024,912.1931632789555,Healthy
45,92,48125.897762237764,4880.2165520137005,68203.08,8052.3573108226055,56178.25507306037,1551.2236744299285,Healthy
45,93,2728.627132867133,907.0440758818869,6551.12,1496.6227252051133,4225.249858072246,369.3661552489029,Healthy
45,94,3690.272089552239,1852.2873635305207,7639.88,3056.274149825359,6746.546239377598,429.55046790524153,Healthy
45,95,52896.16664335664,5117.961708160221,75204.77,8444.636818464363,61340.80346182101,1626.2866697380975,Healthy
45,96,2.9699999999999998,0.042426406871192736,3.0,0.07000357133746801,3.0400035713374676,12.186057606953941,Healthy
45,97,6466.961888111889,659.7395422543774,8765.09,1088.5702447197227,7555.532132831611,568.6370498003049,Healthy
45,98,561.2390370370371,371.286704749433,1504.71,612.6230628365644,1173.8620998736014,167.5170195886133,High Risk
